id_cliente;CLIENTE_DESDE;MRR_12M;QTD_CONTRATACOES_12M;VLR_CONTRATACOES_12M;resposta_NPS;Nota_SupTec_Agilidade;Nota_SupTec_Atendimento;Nota_Comercial;Nota_Custos;Nota_AdmFin_Atendimento;Nota_Software;Nota_Software_Atualizacao;data_ultima_resposta_nps
TFDICB;2023-01-27;433,972837;;;;;;;;;;;
TFCU91;2021-01-26;1189,643775;;;;;;;;;;;
TFDDYV;2022-07-18;486,228287;;;;;;;;;;;
TEZBRW;2022-10-28;;;;;;;;;;;;
TEZCXN;2013-05-24;1821,202084;3,0;22556,6416829044;;;;;;;;;
TB4380;2016-02-25;440,033389;3,0;33336,4628118827;9,666666666666666;8,333333333333334;9,666666666666666;10,0;9,0;10,0;10,0;8,333333333333334;2024-06-21 10:14:16.000
TFCSVE;2020-11-26;296,082104;;;8,0;5,333333333333333;5,333333333333333;9,0;4,666666666666667;8,0;7,666666666666667;7,333333333333333;2024-02-21 10:39:47.000
TDC28Q;2020-05-21;;;;;;;;;;;;
TEZODM;2016-04-11;242,518429;;;7,0;8,0;8,0;9,0;7,0;9,0;8,0;8,0;2020-05-19 18:10:00.000
TFCRWW;2020-09-30;208,358369;;;;;;;;;;;
TFEEUM;2025-03-14;;1,0;616,853010881706;;;;;;;;;
T79683;2010-01-08;1141,24849;2,0;11456,6253497838;;;;;;;;;
TFD683;2021-12-06;94,615593;;;;;;;;;;;
T41096;2010-09-30;1441,631971;2,0;28801,5138415229;8,666666666666666;8,0;8,333333333333334;8,333333333333334;8,0;8,333333333333334;8,333333333333334;8,666666666666666;2024-05-21 16:43:10.000
T10271;2003-04-28;;;;9,0;7,8;8,2;8,2;7,8;8,8;8,4;8,0;2024-12-13 14:03:24.000
TFDJEB;2023-03-29;936,939884;;;;;;;;;;;
TFDOTE;2023-08-02;;;;;;;;;;;;
TB2891;2016-12-12;780,930857;;;9,0;8,5;9,0;9,0;8,5;9,0;9,0;8,5;2023-11-13 14:07:21.000
TFBJX0;2016-02-03;203,005767;;;6,5;5,0;6,5;8,0;0,5;7,0;7,5;6,0;2024-05-24 16:18:05.000
TFD975;2021-12-22;521,043695;6,0;8535,99123956422;6,5;5,5;7,5;9,5;8,5;9,5;8,5;9,0;2024-07-05 14:43:11.000
T37047;2007-08-13;;1,0;0,00420385736791976;8,0;9,0;8,0;10,0;8,0;9,0;9,0;9,0;2024-10-23 09:08:41.000
TFCWZP;2021-06-21;286,032112;3,0;6138,15303547647;9,5;6,0;7,5;10,0;7,5;9,0;8,0;8,5;2024-07-11 14:56:52.000
TFDORX;2023-07-31;12,658258;;;;;;;;;;;
T07810;2011-06-20;193,40344;;;8,4;8,4;8,4;9,0;8,2;9,0;8,0;8,0;2024-06-20 14:32:21.000
T24526;2010-02-17;;;;8,5;9,0;9,0;9,0;7,0;9,5;9,0;9,0;2024-03-26 11:00:16.000
T10047;2009-03-13;;5,0;81766,5013599755;;;;;;;;;
T53560;2006-12-03;2694,422323;2,0;0,00840771473583952;6,666666666666667;7,0;7,333333333333333;6,666666666666667;7,333333333333333;8,333333333333334;7,333333333333333;5,0;2025-02-11 16:40:12.000
TEVRZU;1997-11-24;325,014764;;;6,5;7,5;8,0;9,0;7,0;8,0;8,0;8,0;2023-01-02 16:53:07.047
TB1665;2009-10-02;336,522656;3,0;9346,96577212436;8,25;8,25;8,75;7,75;7,25;8,0;8,0;7,75;2025-02-28 11:59:07.000
TDCDHK;2022-11-22;;;;;;;;;;;;
TDCH4Z;2023-11-01;;;;;;;;;;;;
TA8583;2010-11-11;3395,761719;;;;;;;;;;;
TA2578;2003-04-23;76,435935;1,0;80,2684525830599;;;;;;;;;
T00245;1994-11-30;;;;7,0;8,666666666666666;8,666666666666666;9,0;6,666666666666667;9,0;8,0;7,666666666666667;2022-05-23 00:00:00.000
T55212;2013-01-04;0,0;;;;;;;;;;;
TFCYO5;2021-08-31;803,558627;;;10,0;8,666666666666666;9,333333333333334;9,0;7,333333333333333;9,666666666666666;8,666666666666666;8,666666666666666;2024-03-05 14:32:30.000
TFDA94;2021-12-29;279,836994;1,0;1102,2724211554;;;;;;;;;
TDCHE3;2024-10-17;;1,0;109,615580868508;;;;;;;;;
TDCA6S;2022-08-22;;;;;;;;;;;;
T16514;2009-10-21;669,203734;;;8,0;8,0;8,0;10,0;8,0;10,0;8,0;6,0;2024-01-11 16:56:33.000
TA3294;2007-01-10;150,963676;;;9,0;9,0;10,0;9,0;7,0;9,0;8,0;8,0;2024-08-08 14:56:55.000
T57479;2008-09-25;105,966955;;;5,0;8,0;8,0;9,0;7,0;9,0;8,0;8,0;2020-05-13 11:37:00.000
TFCI28;2019-06-28;730,003755;;;9,0;7,0;7,0;9,5;5,0;7,5;7,5;7,0;2023-04-28 14:11:38.310
TDCGUW;2023-10-30;;;;;;;;;;;;
TEZIFS;2014-09-24;122,848422;;;8,333333333333334;7,333333333333333;6,0;9,0;6,333333333333333;9,0;8,0;8,0;2024-11-14 15:36:50.000
T15140;2005-09-21;337,253463;2,0;0,00840771473583952;10,0;7,666666666666667;8,0;9,666666666666666;3,3333333333333335;10,0;8,0;9,333333333333334;2024-10-29 11:26:38.000
TFDFDQ;2022-09-09;532,340427;1,0;9460,73896792974;;;;;;;;;
TFDAIL;2022-01-21;344,747433;4,0;3695,03087982149;10,0;10,0;10,0;10,0;9,0;10,0;10,0;10,0;2024-11-11 11:21:23.000
TFBJPR;2017-03-27;318,174493;;;7,2;7,6;8,0;8,0;5,8;7,8;6,6;5,8;2024-11-25 11:21:27.000
T00953;1994-03-01;;;;7,5;8,0;8,0;9,0;7,0;9,0;8,0;8,0;2020-03-13 15:27:00.000
TFECX7;2024-11-29;;1,0;449,510060636924;;;;;;;;;
TFBW25;2018-03-28;698,203902;2,0;0,00840771473583952;7,666666666666667;8,666666666666666;8,666666666666666;9,333333333333334;6,333333333333333;9,333333333333334;8,666666666666666;8,666666666666666;2024-07-04 08:34:43.000
TFEBRE;2024-10-03;1009,980688;1,0;37448,9787669123;;;;;;;;;
TFEEJG;2025-02-25;;1,0;615,865104400245;;;;;;;;;
TDCDGW;2023-05-12;;;;;;;;;;;;
TFCYON;2021-08-31;138,207602;1,0;1522,43535350688;;;;;;;;;
TFEDX4;2025-01-28;;1,0;322,910896002021;;;;;;;;;
T34643;2009-01-27;557,766244;;;9,0;5,0;5,0;7,5;6,0;8,5;7,5;7,5;2023-09-11 14:31:35.000
TFCHMO;2019-06-14;;;;;;;;;;;;
T13047;2009-11-09;206,37202;1,0;76108,8071830785;7,333333333333333;7,666666666666667;7,666666666666667;9,0;7,0;9,0;8,0;7,333333333333333;2023-08-10 14:04:03.000
TFCJON;2019-08-29;47,864044;2,0;177,755904945119;8,0;8,0;8,0;9,0;7,0;9,0;8,0;8,0;2023-09-18 17:02:28.000
TEZMY9;2015-11-05;610,062335;;;8,25;8,0;8,0;9,0;7,0;9,0;8,0;8,25;2023-11-30 14:52:22.000
TDCCR0;2022-11-22;;;;;;;;;;;;
TEZHHT;2014-06-30;3841,896948;2,0;31497,9814614556;9,75;9,25;9,5;9,25;8,25;9,75;9,0;9,0;2024-09-05 09:03:14.000
T35673;2002-01-28;2131,312894;11,0;107616,125411748;9,333333333333334;6,666666666666667;8,666666666666666;9,666666666666666;7,0;8,666666666666666;9,333333333333334;6,333333333333333;2023-04-11 14:23:04.183
TDCE6C;2018-06-04;;;;;;;;;;;;
T50442;2010-02-22;80,099847;;;;;;;;;;;
T77947;2009-11-23;429,487675;2,0;51292,4954761978;7,0;6,0;6,0;6,0;5,0;9,0;8,0;8,0;2022-03-25 00:00:00.000
TFCXBC;2019-07-16;1636,66033;3,0;4800,80931802173;8,0;6,0;6,0;10,0;7,0;8,0;7,0;7,0;2023-10-24 16:36:28.000
TCAQT1;2016-09-16;;;;;;;;;;;;
TFDSD7;2024-03-08;49,955755;2,0;857,700407204565;;;;;;;;;
T36279;2011-03-14;92,552544;;;9,333333333333334;8,333333333333334;8,0;9,0;7,0;9,0;8,0;8,666666666666666;2023-05-19 14:46:32.353
TFDTNS;2024-04-26;143,645806;2,0;300,193250785782;;;;;;;;;
TFCPWQ;2020-06-12;318,322867;1,0;1394,06636492008;8,666666666666666;7,333333333333333;8,333333333333334;9,0;6,666666666666667;7,666666666666667;8,666666666666666;8,0;2024-06-28 09:59:34.000
TEF091;2018-05-30;139,809085;;;;;;;;;;;
T15061;2006-05-04;334,962604;;;8,0;7,6;8,2;9,0;7,4;8,0;8,0;7,4;2024-11-21 17:46:17.000
TCBKBW;2016-04-28;107,625054;;;;;;;;;;;
TFECYR;2024-12-03;5641,534549;1,0;40555,0534333456;;;;;;;;;
T22893;1991-09-17;756,897011;;;9,0;8,0;8,0;9,0;7,0;9,0;8,0;8,0;2019-05-14 15:46:00.000
TDCFQY;2021-06-25;;;;;;;;;;;;
CARAMU;2022-06-17;2070,736708;;;;;;;;;;;
TFDSE0;2024-03-11;75,669432;1,0;6474,39436319217;;;;;;;;;
TEZEYE;2008-08-01;1523,601947;3,0;52737,6303004234;7,8;7,4;8,2;9,0;7,4;9,0;7,8;7,6;2024-10-01 16:17:27.000
TDCE4Y;2022-09-09;;;;;;;;;;;;
TFDGGG;2022-10-27;98,193484;;;;;;;;;;;
TFECWY;2024-12-03;451,545568;1,0;5809,51228188198;;;;;;;;;
T47344;2005-03-31;561,548404;2,0;3302,07951621256;9,0;8,333333333333334;7,333333333333333;8,333333333333334;7,0;7,333333333333333;8,0;8,666666666666666;2024-11-26 14:21:25.000
TA3658;1998-12-01;117,756145;1,0;80,7140614640594;8,0;7,0;8,0;9,0;7,0;8,0;8,0;8,0;2023-05-02 14:07:36.793
T48850;2021-03-31;1360,231558;2,0;1257,69743576213;9,0;7,0;7,0;10,0;8,0;9,0;7,0;8,0;2024-06-19 11:28:34.000
T12653;2005-07-26;1720,835498;1,0;15817,1394625191;9,0;8,0;9,0;10,0;8,0;9,0;8,0;10,0;2024-10-18 16:25:49.000
TFDIYX;2022-01-17;16,596828;;;;;;;;;;;
T13935;2005-06-30;1119,679339;2,0;0,00840771473583952;8,5;6,5;9,0;8,5;5,0;10,0;8,0;8,0;2024-09-30 10:06:09.000
TCAYM0;2011-12-29;64,753308;;;10,0;10,0;10,0;9,0;9,0;10,0;10,0;10,0;2022-10-03 14:26:43.430
TB0345;2010-02-05;404,410027;;;8,25;7,5;8,25;9,0;7,0;8,5;8,0;8,0;2024-02-21 17:16:55.000
TDCGPY;2023-03-01;;;;;;;;;;;;
TFDEBT;2022-07-28;940,864716;1,0;4051,44651904583;9,0;8,0;10,0;9,0;10,0;10,0;8,0;6,0;2024-04-29 15:01:15.000
TFCYCX;2021-08-13;23,901472;;;;;;;;;;;
TEZJKS;2014-12-15;1222,906047;1,0;6517,49230892808;;;;;;;;;
TEWBFO;2001-03-02;878,623983;;;;;;;;;;;
T16447;2007-06-29;140,750494;2,0;0,00840771473583952;7,0;7,0;7,0;9,0;7,0;9,0;7,0;6,0;2024-02-19 15:42:33.000
TFDDRU;2022-07-04;28,679577;;;;;;;;;;;
TCAZNL;2016-07-18;33,982527;;;;;;;;;;;
TFDNLJ;2023-05-31;2555,385728;3,0;7261,47417047305;;;;;;;;;
TFDDOB;2022-06-30;24,065325;2,0;325,096901833339;;;;;;;;;
TEZDFJ;2013-06-24;2609,045646;3,0;446,025062878919;6,0;8,0;8,0;9,0;7,0;9,0;8,0;8,0;2020-05-19 11:10:00.000
TFCUUM;2021-02-04;;;;;;;;;;;;
TFECL2;2024-11-13;249,133199;2,0;657,857435648395;;;;;;;;;
TDCDE4;2024-03-04;;1,0;216,923244042027;;;;;;;;;
T55117;1990-08-16;4298,217394;3,0;15091,2594108004;;;;;;;;;
TFDO96;2023-06-30;557,522964;;;;;;;;;;;
T77178;2010-01-02;1063,202108;3,0;26381,336339382;6,833333333333333;6,166666666666667;6,833333333333333;7,166666666666667;3,8333333333333335;6,833333333333333;8,0;7,5;2025-02-25 11:46:15.000
TFDBWE;2022-04-05;675,800395;;;7,0;8,0;8,0;9,0;7,0;9,0;7,0;9,0;2024-05-14 11:17:12.000
TFDGEH;2022-10-24;115,598963;;;8,0;8,0;8,0;9,0;7,0;9,0;7,0;8,0;2023-11-17 14:56:30.000
TFDVKM;2024-08-30;781,331932;1,0;5572,2844067529;;;;;;;;;
TEZFH9;2013-12-17;124,838314;;;7,5;6,0;6,0;8,0;7,5;8,0;7,5;6,5;2023-06-27 11:26:43.000
TFDEHG;2022-08-03;43,840346;1,0;52,1992969374597;;;;;;;;;
TDCFB2;2024-07-17;;1,0;242,726520566319;;;;;;;;;
TFDTS1;2024-04-30;920,49973;2,0;2701,91161522412;;;;;;;;;
TFDNT0;2023-06-13;1552,816365;1,0;0,00420385736791976;;;;;;;;;
T03372;2005-05-04;332,709919;2,0;4477,14593155086;10,0;8,0;8,0;10,0;9,0;10,0;10,0;10,0;2022-12-08 14:00:14.977
TCABJ7;2016-11-09;;;;9,0;7,5;7,5;8,0;7,5;9,0;9,0;8,0;2025-01-13 17:40:49.000
T15517;2022-11-08;;1,0;0,00420385736791976;;;;;;;;;
TFDCDY;2022-04-29;476,428053;;;5,0;7,0;7,0;7,0;6,0;7,0;3,0;6,0;2023-10-31 10:57:38.000
TFCVIZ;2021-08-13;;;;;;;;;;;;
TEZHZZ;2014-08-18;93,178285;;;;;;;;;;;
TFBESR;2017-02-24;378,903365;;;8,2;8,2;8,2;8,8;6,2;9,0;7,8;8,2;2023-08-01 09:36:32.000
TFECN2;2024-11-18;453,257448;1,0;37362,9258065909;;;;;;;;;
TDCFJ6;2020-12-23;;;;;;;;;;;;
TDC00X;2018-01-01;118,794819;2,0;3704,4643357551;10,0;9,0;10,0;10,0;5,0;8,0;8,0;7,0;2023-08-31 17:53:06.000
TB6695;2017-07-10;95,181035;;;;;;;;;;;
TEZAT6;2012-10-31;971,375321;2,0;0,00840771473583952;8,75;7,5;7,75;9,0;6,75;8,75;8,0;8,5;2024-05-10 17:43:33.000
TFDUGE;2024-06-13;83,537185;2,0;3277,16745745026;;;;;;;;;
TEZOSP;2016-06-16;254,776392;;;8,0;8,0;8,0;9,0;7,0;9,0;8,0;8,0;2024-09-05 12:03:11.000
T14705;2006-01-26;257,75143;;;;;;;;;;;
T03367;2010-08-20;1327,811645;;;8,5;8,0;8,5;9,0;8,5;9,0;8,0;8,5;2024-03-22 15:52:55.000
TFEEPN;2025-02-28;;1,0;35778,2481408946;;;;;;;;;
TDC1NE;2020-06-01;3690,867047;3,0;1298,56733709305;8,0;7,0;7,5;5,5;7,5;10,0;7,5;3,5;2024-05-14 17:01:47.000
TEZES3;2013-10-28;657,431523;1,0;5607,91630180338;9,0;7,5;7,5;9,0;6,5;9,0;8,0;8,5;2022-08-03 17:31:12.857
T14596;2006-01-10;97,551943;;;10,0;10,0;10,0;10,0;10,0;10,0;10,0;10,0;2023-10-26 11:17:36.000
TFEDU2;2025-01-21;383,864725;1,0;5029,47393569236;;;;;;;;;
T09665;2010-01-28;;;;10,0;8,0;8,0;9,0;7,0;9,0;8,0;8,0;2021-02-10 14:27:00.000
TFCPW1;2020-06-25;24,781248;;;;;;;;;;;
T37701;2024-03-12;334,081978;1,0;619,093666858807;;;;;;;;;
TDCG0M;2023-10-20;;;;;;;;;;;;
TFDTND;2024-04-24;120,462398;3,0;8694,27067332377;;;;;;;;;
TFEC45;2024-10-30;629,073098;1,0;8903,3831503762;;;;;;;;;
TFCZXJ;2021-10-29;794,066618;;;10,0;10,0;10,0;10,0;10,0;10,0;9,0;10,0;2024-10-23 11:25:02.000
TFCATH;2018-09-20;139,098202;;;;;;;;;;;
TFDVAH;2024-07-31;631,267028;1,0;16081,2299862292;;;;;;;;;
TFECQ0;2024-11-22;168,658757;1,0;2549,87490965594;;;;;;;;;
TDCEDY;2021-06-30;;;;;;;;;;;;
TFCDWZ;2019-01-07;7019,844506;1,0;23157,8731598069;10,0;10,0;8,0;9,0;7,0;9,0;8,0;8,0;2024-11-06 18:02:00.000
TFDQK0;2023-11-22;;;;;;;;;;;;
T36222;2012-04-13;323,842878;;;6,0;6,0;7,0;6,75;6,0;7,75;6,75;7,5;2024-04-17 14:42:16.000
TDC8E8;2014-04-01;;;;;;;;;;;;
TFCDZH;2019-03-15;144,222014;;;;;;;;;;;
T06008;2001-09-24;392,108903;;;8,0;3,0;8,0;3,0;7,0;7,0;8,0;8,0;2024-12-18 11:26:01.000
T57598;2009-01-26;;;;;;;;;;;;
TDCHCX;2024-10-14;;1,0;98,340835407747;;;;;;;;;
TEXSOQ;2012-03-29;307,028449;1,0;3674,17974727661;10,0;7,0;7,0;8,0;4,0;8,0;8,0;6,0;2024-06-25 16:42:13.000
T33094;2011-12-29;219,022198;;;7,5;7,833333333333333;8,166666666666666;8,0;7,333333333333333;8,833333333333334;8,166666666666666;8,0;2023-02-06 18:00:25.270
TFD315;2021-11-23;1921,81239;;;;;;;;;;;
T31440;2012-12-05;729,144316;;;8,0;8,0;8,0;9,0;7,0;9,0;6,8;8,0;2023-07-20 10:32:30.000
TEZIIE;2014-09-24;;1,0;5617,08491472282;8,0;8,0;8,0;9,0;7,0;9,0;8,0;8,0;2019-09-16 15:57:00.000
TFCP51;2020-04-02;261,06125;;;;;;;;;;;
T10506;2003-06-03;;;;;;;;;;;;
TFCEK4;2019-01-30;1225,775024;1,0;438,138626456701;6,833333333333333;7,166666666666667;8,166666666666666;9,166666666666666;6,5;7,666666666666667;8,0;7,666666666666667;2024-12-09 15:40:39.000
TDCG96;2020-04-28;;;;;;;;;;;;
TEWTYL;2010-05-25;1120,922984;1,0;2086,35759626911;;;;;;;;;
TFCITQ;2019-07-30;;;;;;;;;;;;
TFBIP8;2017-03-08;1421,156021;;;10,0;6,5;8,0;7,0;7,0;6,0;10,0;10,0;2023-01-05 18:44:59.813
TDCCIW;2021-11-22;;;;;;;;;;;;
TFDVAY;2024-08-01;79,187874;1,0;1241,42430389091;;;;;;;;;
TA3153;2015-10-02;;;;8,5;8,0;9,0;9,0;6,0;8,0;8,0;8,0;2023-03-16 19:10:54.003
T53231;1993-07-30;1310,961613;;;8,428571428571429;7,285714285714286;7,714285714285714;7,285714285714286;7,285714285714286;8,857142857142858;7,571428571428571;8,714285714285714;2024-10-02 14:16:48.000
TEZBOY;2013-01-22;165,25118;;;9,4;8,2;8,2;8,8;6,6;9,0;8,4;8,8;2024-07-11 13:38:21.000
T44001;2003-06-27;882,745587;1,0;0,00420385736791976;7,333333333333333;8,0;8,0;9,666666666666666;6,333333333333333;8,666666666666666;8,0;9,333333333333334;2023-06-28 09:43:17.000
T01436;2010-07-22;22,160555;1,0;38667,7484834474;9,666666666666666;9,0;9,333333333333334;9,666666666666666;6,333333333333333;9,333333333333334;8,666666666666666;8,0;2024-05-14 10:01:29.000
TFCASC;2022-03-01;277,395287;;;;;;;;;;;
TEZKBO;2010-09-30;6061,168079;2,0;22624,2228939511;;;;;;;;;
TDCDEJ;2020-12-02;;;;;;;;;;;;
T29324;2010-11-22;1178,306748;;;9,0;8,25;8,5;8,5;6,5;7,75;7,75;8,5;2024-11-07 15:13:35.000
TFDQOZ;2023-11-22;;;;;;;;;;;;
T04586;2011-01-25;331,19297;1,0;0,00420385736791976;8,5;8,75;8,5;9,0;7,75;8,0;8,0;8,0;2024-12-09 08:51:13.000
T07542;2001-05-21;1378,524704;;;10,0;7,0;7,0;8,5;8,0;9,0;10,0;8,0;2024-12-17 09:28:18.000
TB2186;2010-09-25;536,733439;;;7,75;8,25;8,5;8,75;7,5;8,75;6,0;8,25;2024-05-10 10:13:57.000
TFDSC8;2021-08-31;77,374314;2,0;667,87102389878;;;;;;;;;
TFDUPG;2023-02-17;1280,983265;1,0;7845,05785414504;;;;;;;;;
TFCZFM;2021-09-30;135,439876;;;9,0;9,0;8,5;9,0;8,0;9,0;9,5;9,0;2025-03-17 17:40:40.000
TDCEAT;2020-01-15;;;;;;;;;;;;
TFCMKC;2019-12-09;;;;9,0;5,5;8,0;10,0;7,5;8,0;7,0;8,0;2023-11-23 15:05:28.000
TEZFBU;2013-11-29;461,573425;2,0;5395,60468929396;8,0;8,0;8,0;9,0;7,0;9,0;8,0;8,0;2020-11-23 00:00:00.000
TFCLL0;2019-10-31;152,184287;3,0;850,785061834337;0,0;5,0;6,5;9,0;2,5;8,5;0,0;6,5;2023-04-27 19:06:32.280
TFC462;2018-07-30;433,762658;;;8,0;7,8;7,8;9,0;7,0;8,6;7,6;7,8;2023-02-01 13:23:31.137
TCBJP0;2015-09-18;;;;;;;;;;;;
TDCD6Y;2021-09-30;;;;;;;;;;;;
TFCSP4;2020-11-23;99,506109;;;8,0;6,0;9,0;9,0;7,0;9,0;8,0;8,0;2022-07-20 14:15:40.633
TDCC1W;2022-06-21;;;;;;;;;;;;
TFCZG8;2021-09-30;1828,352206;2,0;775,981623829573;6,0;4,0;5,0;6,0;6,0;6,0;4,0;7,0;2024-12-03 16:01:18.000
T11036;2008-11-18;2117,995414;3,0;7297,86275984976;8,0;7,75;8,0;9,0;6,5;9,0;7,75;8,25;2024-04-18 14:42:04.000
TFDTYP;2024-05-17;1043,63912;1,0;1255,33486792136;;;;;;;;;
TFCX76;2021-06-20;;;;;;;;;;;;
TFCBNJ;2018-10-23;;;;;;;;;;;;
TFDTJC;2024-04-12;550,588717;1,0;15141,5543603502;;;;;;;;;
TFDH05;2022-11-30;763,21631;;;;;;;;;;;
TFCVEO;2021-03-26;84,234966;;;8,333333333333334;8,666666666666666;9,0;9,0;8,666666666666666;8,666666666666666;9,333333333333334;9,0;2024-04-24 14:28:43.000
TB2281;2011-02-10;927,340088;3,0;3944,81147305118;7,25;7,0;8,5;8,5;6,75;8,25;6,5;6,75;2025-02-26 14:19:42.000
TB1663;2009-09-05;298,870309;4,0;3746,86864502531;8,0;6,4;7,8;9,0;6,8;8,4;8,0;7,8;2023-03-31 18:44:16.947
TFD573;2013-02-22;100,407181;;;;;;;;;;;
TFDUTZ;2024-07-08;514,637949;1,0;6652,77243902774;;;;;;;;;
TFCYIG;2021-09-08;49,615541;;;;;;;;;;;
T01127;1997-09-16;302,746529;1,0;4171,19339617102;8,5;7,25;7,25;9,5;6,5;9,5;8,5;8,5;2024-06-28 15:04:33.000
TFEEJM;2025-02-25;;1,0;615,865104400245;;;;;;;;;
TFD055;2022-11-30;1003,862272;;;8,0;10,0;9,0;5,0;4,0;8,0;8,0;8,0;2023-10-31 14:38:28.000
T00831;1991-06-15;;;;;;;;;;;;
TEZEFG;2013-09-26;210,443305;2,0;9358,58523388929;8,0;7,666666666666667;8,0;8,0;6,0;7,666666666666667;8,0;7,666666666666667;2023-10-04 11:21:25.000
T36316;2012-09-13;219,693663;;;10,0;9,5;9,5;9,5;9,0;9,5;9,0;8,5;2025-03-18 17:02:04.000
T53268;2008-09-24;;;;;;;;;;;;
TEZDEP;2013-07-15;1449,509388;1,0;0,00420385736791976;8,333333333333334;7,333333333333333;8,0;9,0;6,333333333333333;8,333333333333334;7,333333333333333;8,0;2023-09-12 13:55:19.000
TDCFGP;2023-08-25;;;;;;;;;;;;
TFCMTK;2019-12-18;;;;7,5;8,0;8,0;8,0;6,0;8,5;8,0;8,0;2024-08-06 14:31:10.000
TFEDT5;2025-01-20;;1,0;247,043882083173;;;;;;;;;
T24389;2012-12-14;262,289527;2,0;11453,56494162;8,75;6,25;7,75;9,0;8,0;9,25;7,75;6,75;2023-06-30 10:14:09.000
TDCDFC;2024-02-21;;;;;;;;;;;;
TFDUK4;2024-06-24;42,301314;1,0;132,442526376312;;;;;;;;;
TDCCUT;2022-11-11;;;;;;;;;;;;
TFDMC7;2023-04-28;605,010994;1,0;4373,72683644266;6,0;9,0;8,0;9,0;7,0;9,0;8,0;7,0;2025-02-28 15:23:19.000
TFBWL7;2018-04-17;;;;;;;;;;;;
TFDIEU;2023-01-31;33,224377;;;8,0;7,0;9,0;10,0;7,0;9,0;8,0;8,0;2024-02-01 10:40:38.000
T17299;2009-10-19;321,353889;1,0;164,223688077785;8,666666666666666;7,333333333333333;7,666666666666667;9,0;7,333333333333333;9,0;8,333333333333334;8,0;2024-08-09 14:25:04.000
TFDJLF;2023-04-05;1124,230639;;;;;;;;;;;
TDCF60;2021-08-24;;;;;;;;;;;;
TD0181;2008-03-31;2427,669736;;;10,0;8,0;8,0;9,5;7,0;8,5;8,5;8,0;2024-05-23 16:26:46.000
TDCFFY;2020-07-03;;;;;;;;;;;;
TB4253;2014-08-20;275,527117;1,0;3266,22481672157;10,0;4,0;6,5;9,5;7,0;8,5;9,5;9,0;2023-07-21 11:45:00.000
T31057;2006-12-29;;;;6,5;6,25;7,0;8,0;5,0;7,5;7,0;7,0;2025-02-21 16:18:19.000
TDCC1Q;2024-07-23;;1,0;236,466976945486;;;;;;;;;
T33036;1994-05-20;;;;;;;;;;;;
TB4074;2015-05-05;417,376942;2,0;9924,40762018182;7,5;8,0;8,0;9,5;6,0;9,0;8,0;8,0;2025-01-15 15:48:37.000
T09428;2009-09-29;1316,703303;3,0;11179,351529368;8,0;8,0;8,0;9,0;7,0;9,0;8,0;8,0;2019-03-25 13:51:00.000
T50331;2013-12-20;979,979761;1,0;35693,6959576537;9,0;10,0;10,0;9,0;7,0;9,0;9,0;10,0;2024-11-07 18:15:47.000
TDCEA5;2022-12-29;;;;;;;;;;;;
TFDSNV;2024-04-01;86,701405;1,0;1158,43595559081;;;;;;;;;
TFDIMR;2023-02-16;57,535608;;;;;;;;;;;
TDCGO3;2018-06-18;;;;;;;;;;;;
TFDAJW;2021-11-10;;;;;;;;;;;;
TFDE00;2022-07-20;23,060582;;;;;;;;;;;
T09851;2008-08-19;353,566087;;;8,857142857142858;7,428571428571429;7,857142857142857;9,285714285714286;6,285714285714286;9,285714285714286;7,857142857142857;7,571428571428571;2024-10-30 14:21:33.000
TDCA64;2021-06-23;;;;;;;;;;;;
TFDU38;2024-05-24;83,318584;1,0;87,0030320864674;;;;;;;;;
TDCF81;2012-05-31;;;;;;;;;;;;
TFEEK4;2025-02-25;;1,0;888,46843928037;;;;;;;;;
TCBAE4;2022-06-21;;;;;;;;;;;;
TFBXRM;2016-07-25;67,481068;1,0;497,366772913323;7,0;6,0;7,0;9,0;5,0;9,0;4,0;3,0;2024-04-23 14:22:01.000
T11117;2011-01-17;394,899696;;;8,0;8,0;8,0;9,0;7,0;9,0;8,0;8,0;2019-04-15 16:06:00.000
T07849;2015-09-02;821,884715;1,0;0,00420385736791976;6,333333333333333;5,0;6,0;7,0;7,0;8,666666666666666;3,6666666666666665;6,666666666666667;2025-02-27 17:30:42.000
TCAKDA;2020-01-16;2990,905304;1,0;0,00420385736791976;;;;;;;;;
TEZD92;2013-06-14;1114,461054;2,0;4727,22920251103;8,857142857142858;8,428571428571429;8,857142857142858;9,428571428571429;7,714285714285714;9,571428571428571;8,571428571428571;8,428571428571429;2025-01-15 14:18:19.000
T75322;2013-09-25;412,841395;1,0;7092,71452029527;9,5;7,25;8,0;9,0;6,0;9,5;6,0;6,25;2025-02-27 16:21:51.000
TEXPMN;2012-02-17;145,089399;1,0;1276,23644675466;9,0;5,0;5,0;10,0;10,0;10,0;10,0;10,0;2023-10-26 13:36:56.000
T53719;1999-07-29;130,122669;;;8,0;10,0;9,0;9,0;7,0;7,0;8,0;8,0;2022-05-12 00:00:00.000
TFCFED;2019-02-28;101,895318;;;8,5;8,5;8,5;8,0;7,5;9,0;8,5;9,0;2024-04-09 15:01:01.000
TFBSYK;2018-01-30;1753,925933;;;;;;;;;;;
TEXVFR;2012-04-04;1194,235412;2,0;8238,63979635915;7,0;6,5;6,5;7,0;7,0;9,5;6,5;8,0;2022-05-10 00:00:00.000
TDC05E;2022-07-05;266,063488;2,0;15255,0669169988;;;;;;;;;
T46341;2004-07-30;1477,154404;;;8,2;8,4;8,4;7,2;6,6;7,6;7,6;7,8;2025-03-17 14:09:52.000
T46479;2011-07-12;100,353235;;;9,5;8,0;8,5;8,5;5,0;8,5;8,5;5,0;2022-04-05 00:00:00.000
TFDCV8;2022-05-30;539,874777;;;;;;;;;;;
TFCIPB;2019-07-24;68,129329;;;7,0;7,0;8,0;9,0;7,0;8,0;7,0;7,0;2022-05-26 00:00:00.000
TA2928;2006-05-18;73,170892;;;;;;;;;;;
TFDSRD;2024-04-04;118,4214;1,0;124,858767684585;;;;;;;;;
TDCEID;2021-09-21;;;;;;;;;;;;
T16942;2007-11-16;;;;;;;;;;;;
T17638;2006-05-22;;;;7,0;8,0;8,0;9,0;7,0;9,0;8,0;8,0;2020-05-08 14:11:00.000
TB6500;2017-04-10;139,550348;;;8,333333333333334;9,666666666666666;10,0;9,333333333333334;6,0;9,333333333333334;9,333333333333334;9,333333333333334;2024-02-20 14:08:03.000
TDC31X;2012-02-28;467,973159;1,0;18358,3712414266;;;;;;;;;
TDCEGT;2018-07-18;;;;;;;;;;;;
T07372;1997-06-02;111,114706;;;;;;;;;;;
TFBMSH;2016-02-26;132,912307;;;10,0;9,0;10,0;10,0;8,0;10,0;8,0;8,0;2022-08-17 16:44:41.497
TB4345;2014-08-10;250,363948;1,0;4997,25557282462;7,666666666666667;8,0;8,666666666666666;9,0;7,666666666666667;9,0;8,666666666666666;8,0;2023-07-14 14:35:02.000
TFDNRP;2023-06-09;39,938279;1,0;52,1992969374597;;;;;;;;;
TFCSJV;2020-11-03;54,278508;;;8,0;8,0;10,0;9,0;10,0;9,0;10,0;10,0;2024-02-19 14:24:02.000
TFCSPE;2020-11-17;68,85789;;;;;;;;;;;
TFDTTR;2024-05-07;;1,0;1605,04955850124;;;;;;;;;
TEZGQE;2013-11-08;138,868859;;;8,571428571428571;8,428571428571429;8,285714285714286;9,285714285714286;7,142857142857143;9,0;8,428571428571429;8,142857142857142;2024-12-04 10:54:53.000
TEZKF9;2015-03-30;131,799643;;;6,5;8,0;8,0;9,0;7,0;9,0;8,0;8,0;2022-01-19 16:51:00.000
T03753;2007-03-20;224,816035;2,0;0,00840771473583952;9,0;8,0;8,333333333333334;9,333333333333334;8,666666666666666;8,666666666666666;8,0;8,666666666666666;2024-06-26 11:32:53.000
T76859;2010-08-20;236,094472;2,0;0,0252231442075186;7,0;8,0;8,0;9,0;7,0;9,0;8,0;8,0;2020-06-22 11:00:00.000
TDCFEV;2020-05-27;;;;;;;;;;;;
TDCG39;2023-07-27;;;;;;;;;;;;
TFDIO4;2023-02-22;113,272558;7,0;6519,61525689888;8,0;8,0;10,0;8,0;5,0;9,0;8,0;10,0;2024-10-04 16:03:32.000
T34636;1999-02-05;1469,536114;1,0;835,970668469788;8,833333333333334;7,333333333333333;7,333333333333333;9,0;7,0;9,0;7,833333333333333;7,833333333333333;2023-08-09 16:42:32.000
TDCA2S;2020-10-29;;;;;;;;;;;;
T24827;1992-12-31;;;;;;;;;;;;
TFBNCU;2021-11-16;194,62063;;;;;;;;;;;
TFDGLY;2013-01-16;258,261924;;;;;;;;;;;
TFCKNF;2019-09-30;389,61597;;;;;;;;;;;
TFDHN6;2022-12-23;534,564104;;;;;;;;;;;
TEXKSC;2011-01-20;266,095925;;;;;;;;;;;
TDCD9Z;2021-12-13;;;;;;;;;;;;
TA3738;2015-08-20;218,151123;;;8,0;6,0;7,0;8,0;4,0;7,0;8,0;5,0;2022-11-28 18:26:32.933
TFDQTZ;2023-11-29;;;;8,0;7,0;9,0;9,0;8,0;9,0;9,0;8,0;2024-11-05 15:54:51.000
TFCVO9;2021-04-16;213,605971;;;;;;;;;;;
TDCG4G;2015-11-15;;;;;;;;;;;;
TDCCRD;2022-01-21;;;;;;;;;;;;
TDCEVI;2021-04-23;;;;;;;;;;;;
TFCBLJ;2018-10-18;132,393672;1,0;1974,23231255195;;;;;;;;;
T55596;2011-11-04;102,742854;;;9,0;8,666666666666666;8,833333333333334;9,5;6,666666666666667;9,333333333333334;8,5;8,5;2024-10-17 11:04:34.000
TFEESC;2025-03-06;;1,0;1222,86847746891;;;;;;;;;
TFDSFD;2024-03-15;75,669432;1,0;3237,19718159608;;;;;;;;;
TFDTVC;2024-05-13;25,363272;3,0;342,648006344404;;;;;;;;;
TA3493;2010-10-21;67,410423;;;10,0;10,0;9,0;9,0;7,0;9,0;10,0;9,0;2024-06-03 15:00:33.000
TFCKNR;2019-09-30;1210,5853;1,0;2194,54806948989;;;;;;;;;
TFDUL9;2024-06-26;954,750917;6,0;40228,7668398771;9,0;7,0;8,0;9,0;9,0;4,0;9,0;10,0;2025-02-26 10:09:39.000
TFDSI8;2024-03-22;;2,0;3250,08200442876;;;;;;;;;
TFDDCS;2022-06-17;600,261411;;;;;;;;;;;
TDCFHJ;2021-12-28;;;;;;;;;;;;
TDCH7J;2023-08-17;;;;;;;;;;;;
TA6050;2012-01-31;3109,212145;1,0;70323,5091196358;8,666666666666666;7,333333333333333;7,333333333333333;9,0;7,0;9,0;7,666666666666667;8,0;2023-12-01 14:21:34.000
T38204;2014-10-21;242,825035;;;9,333333333333334;8,333333333333334;8,5;9,0;8,0;9,166666666666666;8,333333333333334;8,333333333333334;2024-03-26 09:00:35.000
TFDPRO;2023-09-25;34,073972;;;;;;;;;;;
T49600;2024-05-15;;1,0;122,143075824909;;;;;;;;;
TFCLOE;2019-11-22;;;;8,5;6,5;7,0;10,0;7,5;9,5;7,5;8,0;2023-03-21 17:57:36.800
TB4166;2014-04-10;363,933417;1,0;4734,98111549748;;;;;;;;;
TFCRZ9;2020-10-06;150,084414;;;;;;;;;;;
TFCTIW;2020-12-16;393,724524;6,0;24608,8387342018;;;;;;;;;
TFED27;2024-12-16;30,023701;2,0;286,787149639486;;;;;;;;;
TDCFDD;2022-11-16;;;;;;;;;;;;
TDCCXL;2019-11-20;;;;;;;;;;;;
TEYJD8;2012-06-29;209,06009;;;;;;;;;;;
TDCGXG;2017-03-03;;;;;;;;;;;;
T43055;2024-06-28;92,10415;1,0;4198,90102008298;;;;;;;;;
TDCC60;2022-01-12;;;;;;;;;;;;
TFDN76;2023-05-15;145,954532;2,0;252,214626645714;10,0;8,0;8,0;10,0;7,0;9,0;10,0;8,0;2025-01-13 10:14:31.000
T54397;2008-07-10;1487,515448;;;2,5;4,0;4,0;4,5;3,5;7,0;6,0;5,75;2024-05-07 09:11:33.000
TFDFVU;2022-10-04;;;;;;;;;;;;
TDCEZA;2024-05-16;;1,0;138,756720142928;;;;;;;;;
T33358;2010-03-02;652,587524;1,0;14180,783778199;7,333333333333333;7,666666666666667;8,333333333333334;9,333333333333334;6,333333333333333;9,333333333333334;7,666666666666667;7,666666666666667;2024-02-01 09:43:30.000
TFDDF5;2022-06-22;165,731255;;;;;;;;;;;
TFDISF;2023-02-28;1367,800266;2,0;1169,48789661107;;;;;;;;;
TFDOD9;2023-06-30;175,441995;1,0;9720,00346338145;;;;;;;;;
TDCGAI;2018-05-22;;;;;;;;;;;;
TEZFFE;2013-12-05;31,461818;;;9,333333333333334;8,666666666666666;9,333333333333334;9,666666666666666;6,0;9,666666666666666;9,333333333333334;7,0;2023-07-11 14:34:08.000
T16015;2007-02-22;315,523247;1,0;1180,46837205608;8,5;7,75;8,0;8,5;6,75;8,25;8,0;7,25;2023-11-07 10:10:53.000
TCANHX;2016-06-22;;;;;;;;;;;;
T57211;2010-05-05;525,489053;;;10,0;9,0;9,0;10,0;9,0;10,0;8,0;9,5;2024-07-26 13:49:11.000
TFDJMK;2023-04-10;709,279531;1,0;2629,10080561175;;;;;;;;;
TFBXI2;2017-04-24;56,422772;;;;;;;;;;;
TFDBPH;2022-03-29;236,542646;2,0;7975,07895867742;;;;;;;;;
T59811;2023-03-01;;;;;;;;;;;;
TB6504;2011-02-20;489,866767;;;;;;;;;;;
T06888;2000-10-31;;;;;;;;;;;;
T52637;2013-05-31;1088,209583;1,0;1155,72026373113;9,571428571428571;8,428571428571429;8,571428571428571;9,285714285714286;7,571428571428571;9,285714285714286;8,285714285714286;8,571428571428571;2024-03-11 15:33:36.000
TFBKGN;2017-06-26;165,129214;;;9,333333333333334;8,833333333333334;8,833333333333334;9,333333333333334;7,833333333333333;9,0;8,333333333333334;9,0;2024-11-25 14:21:07.000
TDC9ZC;2022-09-02;;;;;;;;;;;;
T15331;2006-07-26;299,940703;4,0;8389,44477171854;9,5;8,0;8,0;9,0;7,0;9,0;8,0;8,0;2021-09-02 13:56:00.000
T09800;2002-12-05;318,495544;1,0;984,71995757626;10,0;6,5;8,0;10,0;10,0;8,5;10,0;10,0;2024-04-18 10:38:49.000
T61500;2011-05-27;929,437643;4,0;62507,4032311836;9,2;8,4;8,4;9,6;6,6;9,6;7,2;8,8;2024-06-24 11:04:55.000
TA2588;2005-05-13;68,440899;;;;;;;;;;;
TEZCQM;2013-04-16;1964,659305;;;10,0;8,0;8,0;5,0;9,0;9,0;10,0;10,0;2024-10-25 10:13:46.000
TFAIDI;2023-06-12;10127,457416;;;;;;;;;;;
T74314;2015-09-02;4602,405843;;;;;;;;;;;
T03436;2006-11-08;585,573599;;;10,0;9,0;8,0;9,5;7,5;9,5;8,0;9,0;2025-01-09 15:47:14.000
TD0133;2013-09-02;59,154642;;;9,0;8,666666666666666;8,666666666666666;9,0;7,666666666666667;9,0;8,666666666666666;8,0;2024-05-23 11:30:49.000
TFCLGO;2019-10-29;71,524429;;;10,0;8,0;8,666666666666666;10,0;7,666666666666667;9,0;9,333333333333334;8,333333333333334;2024-08-01 17:36:59.000
TFBUG2;2011-11-30;7552,143777;2,0;83096,1520184469;;;;;;;;;
TFEDR7;2025-01-10;;1,0;154,945774866787;;;;;;;;;
T51553;2011-03-22;243,21669;;;7,0;8,0;8,0;9,5;7,5;9,5;8,5;8,75;2023-08-01 16:58:49.000
TFDR64;2023-12-14;263,811241;1,0;150,809179216753;10,0;8,0;8,0;9,0;7,0;7,0;8,0;8,0;2024-11-11 15:24:50.000
TB3043;2012-06-11;370,417178;;;9,833333333333334;8,833333333333334;9,333333333333334;9,666666666666666;7,5;9,166666666666666;9,0;9,0;2024-10-02 14:31:33.000
TDCFC3;2023-06-22;;;;;;;;;;;;
TDCGVM;2021-11-26;;;;;;;;;;;;
TFDAZV;2022-02-23;699,242517;3,0;8971,51506673808;5,0;8,0;8,0;9,0;7,0;9,0;8,0;8,0;2023-08-14 09:11:04.000
TFEDL3;2025-01-07;;1,0;1064,71515943041;;;;;;;;;
TDCCAV;2020-07-07;;;;;;;;;;;;
TB4679;2014-03-05;307,323445;;;;;;;;;;;
TDCDCF;2021-05-21;;;;;;;;;;;;
TDCGDN;2019-06-14;;;;;;;;;;;;
TFDUTP;2024-07-05;;2,0;3013,23668032016;;;;;;;;;
TDCFKR;2023-10-13;;;;;;;;;;;;
TEXKQZ;2012-01-17;937,521594;;;6,75;6,25;8,0;9,0;6,75;8,5;8,0;8,25;2023-10-09 15:03:09.000
TFCSGA;2020-10-26;91,62256;1,0;67,8040154871778;;;;;;;;;
T10471;2003-06-12;7524,341371;;;7,0;7,0;7,0;7,666666666666667;7,0;9,0;8,0;8,0;2022-06-06 20:12:15.000
T26845;2003-05-13;1112,89337;3,0;8703,27113194849;10,0;9,0;9,0;10,0;8,5;9,0;8,0;10,0;2025-02-19 11:44:33.000
TEZPEH;2016-07-12;639,661027;;;10,0;8,0;8,0;9,0;7,0;9,0;8,0;8,0;2024-06-21 11:12:31.000
TFCOH0;2020-02-26;1180,419432;1,0;2998,54840267665;9,0;6,0;7,666666666666667;9,333333333333334;5,666666666666667;8,333333333333334;8,333333333333334;8,0;2024-08-01 13:47:02.000
TDCENU;2024-06-27;;1,0;185,860941950468;;;;;;;;;
TB3495;2013-01-10;172,109823;;;9,0;8,0;8,0;9,0;6,5;8,0;7,5;7,0;2024-12-12 10:47:14.000
TFDRCF;2023-12-22;463,996202;;;;;;;;;;;
TFDSHY;2024-03-21;95,107877;1,0;210,785612284865;;;;;;;;;
TFECVM;2024-11-29;140,87146;1,0;1019,9524861768;;;;;;;;;
TFEEJX;2025-02-25;;1,0;615,865104400245;;;;;;;;;
TEZOCL;2019-04-11;;;;;;;;;;;;
TFBJYI;2017-05-23;;;;;;;;;;;;
TFDOS2;2023-07-31;927,399828;;;;;;;;;;;
TEZMJ3;2015-09-30;1565,566257;1,0;393,544107497808;9,0;8,0;8,0;9,0;7,0;9,0;8,0;8,0;2019-06-12 14:19:00.000
TFCLHN;2021-01-06;527,05565;2,0;13819,6051685768;;;;;;;;;
TA8480;2010-07-30;92,444707;;;9,0;8,0;8,0;9,0;7,5;9,0;8,0;8,5;2024-11-11 14:41:45.000
TFBXL9;2017-08-10;;;;9,5;9,0;9,0;8,5;7,5;9,5;10,0;8,5;2024-12-19 10:49:46.000
TDCEUK;2020-09-10;;;;;;;;;;;;
TDCG5R;2020-11-26;;;;;;;;;;;;
TDC80N;2022-11-08;;1,0;387,171059728042;;;;;;;;;
TFCWKK;2021-05-31;52,370253;;;;;;;;;;;
TCBIRJ;2015-11-26;203,983447;;;;;;;;;;;
TB3935;2013-12-20;317,164323;;;9,0;9,0;9,0;9,0;7,0;9,0;9,0;8,0;2024-07-04 14:26:11.000
TDCH93;2023-01-05;;;;;;;;;;;;
TAALX9;2004-10-18;6014,977747;12,0;220911,678942986;5,5;7,0;7,5;8,75;7,5;8,0;7,25;4,0;2023-03-30 12:10:17.367
TB6386;2017-05-31;614,97849;;;10,0;8,0;9,0;10,0;7,0;10,0;8,0;10,0;2025-02-24 11:40:04.000
TFDRGJ;2023-12-30;675,421506;4,0;1956,08846415201;10,0;8,0;8,0;10,0;6,0;9,0;10,0;7,0;2024-10-28 14:34:50.000
TEZEK7;2010-08-17;564,385351;1,0;352,245412715365;9,0;9,333333333333334;8,666666666666666;9,666666666666666;7,333333333333333;9,666666666666666;8,666666666666666;9,333333333333334;2025-01-28 11:06:58.000
TFDUMJ;2024-06-27;382,991248;4,0;10873,7899527233;;;;;;;;;
TFCVD4;2021-03-25;250,244055;;;4,0;4,5;7,0;9,0;4,5;6,0;6,5;3,5;2023-10-03 09:56:35.000
T35116;2006-12-29;5853,465558;1,0;4676,97208767755;9,0;7,666666666666667;7,666666666666667;7,333333333333333;7,0;9,0;7,0;7,666666666666667;2024-07-22 09:44:18.000
TFCXA8;2021-06-25;478,235699;1,0;819,27294700441;9,5;9,0;9,5;10,0;8,5;9,0;9,5;9,0;2023-03-23 14:43:32.943
TDCFKH;2022-12-30;;;;;;;;;;;;
TDCGEJ;2018-09-12;;;;;;;;;;;;
TA4358;2010-05-24;1279,176398;;;8,25;7,5;7,5;8,75;6,0;9,25;7,75;8,0;2023-05-12 18:55:40.053
TFDU41;2024-05-24;881,451018;2,0;26890,0325079019;;;;;;;;;
TFDU15;2024-05-23;28,83899;2,0;540,75898866499;;;;;;;;;
TA3496;2008-08-27;140,513528;1,0;285,862301018544;;;;;;;;;
TDC30T;2012-02-28;;;;;;;;;;;;
TFDGNU;2022-11-08;22,315044;;;8,0;3,0;5,0;9,0;8,0;10,0;8,0;9,0;2024-03-04 09:33:30.000
TFBK43;2017-05-30;194,764156;;;7,5;8,0;8,0;8,25;6,75;9,25;8,5;8,5;2024-12-12 16:45:59.000
T75794;2008-12-30;1129,239874;;;8,0;8,0;8,0;9,0;7,0;9,0;8,0;8,0;2020-10-14 00:00:00.000
TAAFTN;2010-10-19;158,726982;;;;;;;;;;;
T75656;2010-10-21;403,230105;;;8,5;8,0;8,0;8,5;7,0;8,5;8,0;8,0;2025-02-26 10:54:39.000
TFCYY0;2021-09-20;51,039132;;;;;;;;;;;
TFDGTN;2022-11-21;1054,767652;1,0;1990,02200082586;10,0;10,0;10,0;10,0;10,0;10,0;8,0;8,0;2023-02-14 14:51:53.050
TEZETL;2013-10-30;76,399512;;;4,5;7,0;7,5;6,5;6,0;9,5;4,0;7,5;2023-09-19 09:40:55.000
TDCCVP;2022-02-25;;;;;;;;;;;;
TDCFDP;2014-03-24;;;;;;;;;;;;
TFDMIO;2023-04-28;60,843769;;;;;;;;;;;
TFEEBE;2025-02-07;;4,0;69167,6795556131;;;;;;;;;
TDCEGW;2022-03-30;;;;;;;;;;;;
TEZOOL;2016-05-30;1856,591906;;;9,0;9,0;8,5;8,5;7,0;9,5;9,5;7,5;2023-11-14 14:13:09.000
T10019;2001-02-13;148,807839;1,0;173,728609586652;8,75;8,0;8,25;8,25;6,75;8,25;8,0;8,25;2024-12-10 16:24:55.000
T49030;2010-05-03;1458,721359;1,0;1443,4532812784;7,6;7,0;7,8;8,4;7,6;7,8;8,2;7,6;2025-01-13 17:25:58.000
TDCCTS;2023-06-27;;;;;;;;;;;;
TFDDT7;2022-07-06;98,765505;;;;;;;;;;;
TCAUJR;2017-09-11;102,222855;;;;;;;;;;;
TDCACL;2023-02-28;;;;;;;;;;;;
TFEBNX;2024-09-30;;1,0;758,905555201083;;;;;;;;;
T04205;1998-12-07;649,317119;1,0;0,0126115721037593;9,0;8,4;8,4;8,8;7,6;9,0;8,2;8,4;2024-12-05 16:32:45.000
TEYJDV;2012-07-02;;;;;;;;;;;;
TEZEY2;2004-06-11;1090,97947;2,0;441,972544376244;7,25;7,75;8,0;8,5;6,25;8,25;7,0;7,0;2025-03-17 10:35:57.000
TB4007;2014-02-05;147,6678;;;8,0;10,0;10,0;10,0;6,0;7,0;10,0;9,0;2023-02-02 17:49:26.690
T06187;2000-04-05;2110,675948;;;10,0;8,0;8,0;9,0;7,0;9,0;8,0;8,0;2020-01-17 09:39:00.000
TEF142;2018-09-10;31,926518;;;;;;;;;;;
TEYIZV;2012-06-22;32,1779;2,0;4067,62296219758;9,333333333333334;8,0;8,666666666666666;9,0;7,0;9,0;8,0;8,666666666666666;2025-02-03 17:18:17.000
TFCVIC;2021-03-31;889,398385;1,0;2446,64078427193;9,0;5,0;5,0;9,0;5,0;5,0;7,0;6,0;2022-03-30 00:00:00.000
TFDSNB;2024-03-28;850,898115;3,0;55230,7867664713;;;;;;;;;
TFCXO7;2021-07-12;;;;;;;;;;;;
TDCF6J;2023-04-17;;;;;;;;;;;;
TFDB61;2022-02-25;461,527487;;;8,0;8,0;8,0;10,0;9,0;10,0;9,0;8,0;2024-05-07 14:54:51.000
TFCPU7;2020-06-05;25,299645;;;;;;;;;;;
TFEDUQ;2025-01-23;;1,0;9,00466248208413;;;;;;;;;
TFDPWK;2023-09-29;3003,496342;;;;;;;;;;;
TFBO27;2013-12-19;132,846446;;;;;;;;;;;
TDCGJC;2022-11-11;;;;;;;;;;;;
TEZUT6;2016-09-26;139,845225;2,0;640,150788414717;8,666666666666666;8,0;8,0;9,0;7,333333333333333;9,333333333333334;6,333333333333333;9,0;2024-08-09 11:37:55.000
T43025;2012-03-08;1605,762412;1,0;373,996170736981;;;;;;;;;
T43322;2012-08-16;626,69334;;;10,0;8,0;8,0;9,0;7,0;9,0;8,0;8,0;2022-03-04 10:32:00.000
TDCEC3;2018-04-09;;;;;;;;;;;;
T10570;2003-05-14;1153,389302;;;9,0;7,5;8,5;9,166666666666666;6,833333333333333;9,0;8,666666666666666;8,5;2024-11-13 14:14:39.000
TEZOMO;2016-04-12;564,445461;;;8,0;8,0;8,0;9,0;7,0;9,0;8,0;8,0;2020-02-18 15:49:00.000
T07589;2001-06-30;362,236046;3,0;4243,17184202455;7,4;8,0;8,0;8,6;6,6;9,0;8,0;8,0;2023-07-20 11:06:10.000
TFECRR;2024-11-27;51,760894;3,0;268,807251676893;;;;;;;;;
TB0151;1998-01-05;522,959467;;;7,8;8,4;8,6;9,2;7,4;8,6;8,0;8,0;2024-04-30 15:25:25.000
TDCD0M;2018-05-24;;;;;;;;;;;;
TEZDG5;2013-06-28;778,710527;;;6,333333333333333;7,666666666666667;8,0;8,666666666666666;6,833333333333333;8,833333333333334;6,666666666666667;7,833333333333333;2024-12-19 09:32:50.000
TDCFBR;2024-05-02;;1,0;125,396861427679;;;;;;;;;
TC8493;2013-12-27;63,976564;;;0,0;6,5;7,0;9,0;0,0;8,0;8,0;3,0;2023-01-17 18:30:52.007
TFCTGX;2020-12-14;;;;8,0;8,0;8,0;9,0;8,0;9,0;8,0;8,0;2022-09-30 16:44:33.263
TFDGGS;2022-10-27;192,107956;1,0;50,3580074103108;0,0;6,0;8,0;7,5;4,0;8,5;5,0;5,0;2024-12-20 09:12:46.000
TDCCLD;2014-11-27;;;;;;;;;;;;
T15403;2006-07-31;;;;;;;;;;;;
TEWERY;2011-06-30;201,776006;;;;;;;;;;;
T20520;2011-07-22;192,238529;1,0;1753,45833516091;;;;;;;;;
TDCG2Y;2023-02-17;;;;;;;;;;;;
T53707;2006-12-07;;;;8,0;8,0;8,0;9,0;7,0;9,0;8,0;8,0;2019-05-21 08:52:00.000
TEZAUP;2011-07-06;3619,428829;7,0;21046,5110199134;;;;;;;;;
T05034;1999-07-02;4266,373829;2,0;29777,0357591782;;;;;;;;;
TFDA81;2021-12-29;320,527197;;;;;;;;;;;
T01695;2004-04-15;49,103317;;;9,666666666666666;8,333333333333334;8,0;8,333333333333334;7,666666666666667;9,0;9,0;8,666666666666666;2025-01-16 14:54:41.000
TEZAPV;2012-10-22;1178,675098;1,0;231,220562950323;;;;;;;;;
TDCEF6;2022-05-16;;;;;;;;;;;;
T60481;2010-08-10;572,08942;1,0;3066,25993330173;8,75;8,5;8,5;8,75;7,0;8,75;8,0;7,25;2023-11-27 10:57:34.000
TFDNO8;2023-05-31;;;;;;;;;;;;
99069;2017-08-31;;;;;;;;;;;;
TDCD8A;2022-06-09;;;;;;;;;;;;
T47145;2020-11-16;643,271101;;;9,0;9,0;9,0;9,5;7,5;8,0;9,5;9,0;2023-02-28 13:53:12.753
TEZKPL;2015-04-30;411,844437;;;9,666666666666666;9,0;9,333333333333334;9,666666666666666;7,333333333333333;9,666666666666666;9,333333333333334;9,333333333333334;2024-11-19 15:48:53.000
TEZIBV;2012-09-28;;;;;;;;;;;;
TCANJJ;2013-05-08;;;;;;;;;;;;
TDC9TS;2022-06-30;;;;;;;;;;;;
TFCJST;2019-08-30;507,822651;3,0;372,608897805568;8,666666666666666;8,0;8,0;9,0;7,0;9,0;8,0;8,0;2022-02-21 16:13:00.000
TDCEWY;2022-05-20;;;;;;;;;;;;
TFCXOT;2021-07-19;52,167929;;;;;;;;;;;
TCBDCP;2016-09-09;;;;;;;;;;;;
TB1823;2009-10-15;489,714449;1,0;2918,59103553881;8,4;5,8;7,8;9,2;8,0;9,2;8,8;9,2;2024-04-23 11:16:40.000
TFDGN4;2022-11-07;34,143305;1,0;98,3954855535299;;;;;;;;;
TFDUFM;2024-06-10;92,028518;1,0;673,542027488104;;;;;;;;;
T54131;2008-06-24;1098,60548;2,0;200,149853144028;7,75;7,25;7,25;6,75;7,5;9,0;7,75;8,0;2024-02-26 09:37:59.000
TFCUCP;2021-01-29;290,819752;;;9,666666666666666;7,666666666666667;8,333333333333334;8,666666666666666;6,666666666666667;9,333333333333334;5,333333333333333;7,666666666666667;2024-11-04 16:15:28.000
T30616;2011-10-19;741,623947;;;4,0;8,0;8,0;9,0;7,0;9,0;8,0;8,0;2020-03-04 16:48:00.000
TFDAP1;2022-01-31;668,246067;2,0;0,00840771473583952;9,0;10,0;10,0;9,0;9,0;5,0;9,0;10,0;2024-12-04 15:04:11.000
TB5056;2018-10-26;154,096595;;;;;;;;;;;
T16639;2007-09-13;1978,257005;1,0;11338,6062580369;9,333333333333334;8,11111111111111;8,333333333333334;8,777777777777779;6,555555555555555;9,0;7,888888888888889;7,777777777777778;2025-02-26 14:42:10.000
TFDDKW;2022-06-28;;;;;;;;;;;;
TDCD1U;2021-10-27;;;;;;;;;;;;
TEXCN4;2011-09-29;119,759302;;;5,25;5,75;5,75;9,0;5,75;9,0;7,25;7,25;2024-05-27 14:23:29.000
TFCCR7;2018-11-27;30,242167;;;;;;;;;;;
TFDRQG;2024-01-31;514,589852;3,0;2745,93440958098;;;;;;;;;
TFDGS7;2022-11-18;31,149548;2,0;88,3062278705225;;;;;;;;;
T23569;1992-01-31;865,116823;;;7,75;8,5;8,25;9,0;7,75;9,25;8,0;8,25;2024-10-18 17:25:11.000
TFDXZK;2024-09-23;882,91234;1,0;1117,03216437417;;;;;;;;;
T15648;2006-10-26;471,272228;2,0;0,00840771473583952;;;;;;;;;
T36635;2011-01-28;;;;10,0;7,333333333333333;8,0;9,0;8,0;8,666666666666666;8,666666666666666;8,333333333333334;2023-05-19 14:10:27.810
TEZD14;2013-06-05;622,262832;1,0;1411,09198726015;9,833333333333334;8,0;8,166666666666666;9,166666666666666;7,166666666666667;9,0;8,5;8,0;2023-02-13 13:32:30.297
TF1264;2016-10-28;511,238801;3,0;5119,13800949272;9,0;8,0;8,0;9,0;8,0;9,0;8,0;8,0;2024-10-17 13:52:41.000
TEZMFC;2015-09-18;500,441594;2,0;51705,8859943296;5,0;8,0;9,0;6,0;6,0;5,5;4,5;9,0;2023-03-07 18:53:18.833
T76352;2009-04-16;666,385981;4,0;23173,4148204961;9,0;8,333333333333334;8,333333333333334;9,5;7,166666666666667;9,166666666666666;9,0;8,666666666666666;2024-10-29 14:59:53.000
TFALIA;2017-01-13;1886,326557;2,0;17911,8375118062;0,0;2,0;5,0;7,0;2,0;0,0;0,0;8,0;2023-12-07 16:29:29.000
TFCH98;2019-05-23;37,193723;;;8,666666666666666;8,333333333333334;9,333333333333334;9,333333333333334;7,0;9,333333333333334;9,0;8,666666666666666;2024-03-12 09:15:50.000
TFDRZ3;2024-02-26;;;;;;;;;;;;
T02542;1996-12-13;540,732916;3,0;49,7232249477549;8,0;7,5;8,0;9,0;7,0;9,0;7,5;7,5;2024-11-14 17:15:25.000
T28250;2012-09-21;195,478744;;;9,0;8,0;8,0;9,0;7,0;9,0;8,0;8,0;2021-12-06 15:00:00.000
TDC0NZ;2016-06-01;244,501568;3,0;1548,37315346694;8,0;9,0;9,0;9,0;8,0;5,0;9,0;9,0;2024-11-07 18:03:55.000
TCA303;2019-02-01;;;;;;;;;;;;
T53733;2006-11-09;533,572314;5,0;16573,0224442727;5,5;7,0;7,5;8,5;7,0;8,5;8,0;6,0;2023-10-05 11:36:28.000
T22782;2011-01-28;668,042936;2,0;715,773978606226;7,6;7,6;7,4;8,6;6,0;8,6;7,8;8,0;2025-01-22 09:31:13.000
TFCURJ;2021-02-26;113,994739;;;;;;;;;;;
TFBKI1;2017-06-29;1306,088655;3,0;5968,58204082669;8,285714285714286;7,714285714285714;8,0;8,428571428571429;6,714285714285714;8,714285714285714;8,0;7,428571428571429;2025-02-19 11:13:18.000
T60842;2011-06-30;326,332916;;;9,2;8,8;8,8;9,0;7,6;9,6;8,8;8,0;2024-07-25 13:47:40.000
T01060;2010-06-28;260,956643;;;8,0;7,333333333333333;7,0;8,0;6,0;8,666666666666666;8,0;8,0;2024-03-14 10:56:30.000
TFCVN8;2021-07-13;335,779485;3,0;4010,76999515384;8,0;5,0;5,0;9,0;7,0;9,0;9,0;9,0;2024-11-19 15:25:26.000
TDCDH2;2021-09-02;;;;;;;;;;;;
TFDTOY;2024-04-26;;2,0;47805,4210126526;;;;;;;;;
T08810;2002-03-08;2750,016837;2,0;12420,7758332589;;;;;;;;;
TFDS29;2024-02-28;;;;;;;;;;;;
T77119;2010-08-30;1028,867342;1,0;67,8082193445457;8,0;7,333333333333333;7,666666666666667;8,333333333333334;6,333333333333333;9,0;8,0;8,0;2024-11-26 16:25:10.000
TFEDGI;2024-12-27;;1,0;215,010488939624;;;;;;;;;
T25719;1993-09-14;633,601569;1,0;6689,87988801436;;;;;;;;;
T03067;1997-08-14;3926,240395;4,0;7483,63962465287;8,5;9,5;9,0;8,5;8,0;10,0;8,0;10,0;2023-10-03 15:18:47.000
TFDO81;2023-06-30;45,176591;;;;;;;;;;;
TDCDXY;2017-02-13;;;;;;;;;;;;
TFDUHI;2024-06-19;50,152333;1,0;264,014854277465;;;;;;;;;
T42559;2010-02-23;685,739841;3,0;3311,55501071985;6,2;7,2;8,0;8,0;6,2;8,2;7,8;8,0;2024-04-24 17:20:54.000
TDCGTA;2021-07-22;;;;;;;;;;;;
TDCFUO;2023-05-06;;;;;;;;;;;;
TEYYP8;2010-11-30;318,061532;2,0;24273,0472192245;5,833333333333333;6,333333333333333;7,333333333333333;6,5;6,333333333333333;8,833333333333334;7,833333333333333;6,833333333333333;2024-12-19 11:26:29.000
TDCFAL;2018-09-14;;;;;;;;;;;;
T79168;2010-06-04;208,470859;;;7,75;7,5;7,5;8,75;7,0;8,75;8,0;7,75;2023-05-30 17:58:22.240
T51907;2010-10-01;3198,11572;1,0;0,00420385736791976;8,333333333333334;8,0;8,0;9,0;7,0;9,0;8,666666666666666;8,0;2024-06-13 15:04:04.000
TFECXR;2024-12-02;;2,0;4657,02058060941;;;;;;;;;
TFDOWR;2023-08-11;1060,528871;1,0;93486,9439827405;;;;;;;;;
TFDRNZ;2024-01-30;33,419264;;;;;;;;;;;
TFDHMB;2022-12-22;66,154743;1,0;1029,73486227195;;;;;;;;;
TFBYMR;2018-05-04;143,754621;;;6,0;7,5;8,5;9,5;6,5;8,5;5,5;6,0;2024-02-28 16:32:38.000
TDCCOH;2022-09-19;;;;;;;;;;;;
TDCFTN;2022-07-19;;;;;;;;;;;;
TFCMT0;2019-12-18;581,541728;;;8,0;8,0;8,0;9,0;7,0;9,0;8,0;8,0;2024-11-29 10:27:13.000
TFDVM1;2024-08-30;621,245559;2,0;47388,1923727439;;;;;;;;;
TDCEDM;2017-04-01;;;;;;;;;;;;
TDCEKK;2022-09-05;;1,0;462,945588784796;;;;;;;;;
T03061;2023-12-04;2908,078305;;;8,0;7,0;7,0;8,0;7,0;8,0;8,0;10,0;2024-07-01 10:08:36.000
TEZIYN;2014-11-25;;;;6,333333333333333;7,666666666666667;7,666666666666667;7,0;7,333333333333333;9,0;9,333333333333334;6,666666666666667;2024-11-01 10:45:21.000
T48395;2013-04-25;202,519427;;;9,2;7,6;9,2;9,4;6,8;9,6;7,2;8,2;2024-11-21 14:48:10.000
TFBXYN;2014-03-07;107,694035;;;5,5;6,0;6,0;3,0;7,0;7,0;6,5;6,5;2023-03-28 17:49:15.083
TFBNNV;2020-07-21;122,107504;;;8,5;7,0;8,0;9,0;8,0;8,0;9,0;8,0;2025-01-27 16:52:53.000
TEXNAT;2007-08-23;850,159696;;;10,0;8,0;8,0;8,5;6,5;8,5;8,5;9,0;2024-07-10 09:36:19.000
T84205;2011-05-04;106,844096;;;7,5;6,5;8,0;9,333333333333334;6,666666666666667;9,5;7,833333333333333;7,0;2024-01-24 11:12:58.000
T26323;1994-02-07;3643,072919;1,0;25628,9972093896;4,25;6,25;7,0;5,25;5,5;5,25;2,0;8,0;2024-12-19 16:05:30.000
TFCRAH;2020-08-17;109,464888;;;;;;;;;;;
TDCEJD;2024-07-31;;1,0;120,600260170882;;;;;;;;;
TEWTV8;2011-08-23;306,675884;1,0;4315,07882230281;9,2;8,0;8,4;8,2;7,2;8,8;8,2;8,6;2024-12-02 14:10:39.000
TFCIFG;2019-07-10;53,804846;;;;;;;;;;;
TA3016;2015-10-21;322,877265;;;;;;;;;;;
TFCOJ2;2020-02-28;134,876963;;;10,0;9,0;9,0;10,0;7,0;10,0;10,0;10,0;2024-10-31 10:15:57.000
TFDSQE;2025-02-28;;1,0;888,46843928037;;;;;;;;;
TFDGKE;2022-10-31;69,310362;;;10,0;7,0;8,0;9,0;10,0;7,0;10,0;10,0;2024-02-19 15:28:29.000
TEZIF3;2014-09-18;99,241919;;;8,333333333333334;8,0;8,0;9,333333333333334;6,666666666666667;8,0;7,666666666666667;7,0;2024-07-11 14:47:49.000
TFDBSI;2022-03-30;321,422989;;;10,0;7,0;9,0;10,0;9,0;10,0;10,0;10,0;2023-12-19 10:49:52.000
TFDH50;2022-11-30;459,333828;;;;;;;;;;;
TDC088;2014-10-01;598,932613;;;;;;;;;;;
T23280;1991-11-29;383,424071;2,0;18900,4082027315;6,0;8,0;8,0;9,0;7,0;9,0;8,0;8,0;2019-03-21 09:59:00.000
T06661;2010-10-20;4415,625181;2,0;0,00840771473583952;8,75;8,5;8,75;9,5;6,75;9,0;8,5;8,25;2024-10-01 09:53:50.000
T36084;1999-10-28;721,888945;3,0;14264,0495810854;8,166666666666666;8,166666666666666;8,333333333333334;9,333333333333334;8,166666666666666;9,5;8,166666666666666;8,166666666666666;2025-03-26 10:39:13.000
T12530;1998-12-02;327,285429;;;8,333333333333334;8,333333333333334;8,0;9,0;6,666666666666667;9,0;8,333333333333334;8,333333333333334;2024-08-07 16:21:37.000
TDC34I;2019-08-01;;;;;;;;;;;;
TFDRI0;2024-01-09;42,794511;;;;;;;;;;;
TDCCQT;2024-07-24;;1,0;121,567147365504;;;;;;;;;
TFDGIE;2022-10-28;854,892772;1,0;1090,46798966628;;;;;;;;;
T16800;2010-11-08;456,211736;1,0;201,47827207229;8,666666666666666;7,666666666666667;8,0;8,666666666666666;8,0;9,0;7,666666666666667;9,0;2024-10-29 14:24:08.000
TFBWB0;2018-03-29;1265,24627;;;9,666666666666666;8,666666666666666;8,666666666666666;9,0;7,666666666666667;9,333333333333334;8,666666666666666;8,666666666666666;2022-05-25 00:00:00.000
TFDJLP;2019-09-25;210,187186;;;;;;;;;;;
TDCDN0;2023-06-09;;;;;;;;;;;;
TDCFD1;2020-01-09;;;;;;;;;;;;
TB0598;2013-08-05;559,079414;;;8,5;7,0;8,166666666666666;9,666666666666666;7,333333333333333;9,166666666666666;8,5;7,5;2025-02-27 15:04:08.000
TEZMS6;2015-10-26;1133,709998;1,0;598,002914443954;4,666666666666667;4,333333333333333;4,666666666666667;5,0;3,3333333333333335;4,666666666666667;4,333333333333333;4,666666666666667;2022-11-16 14:24:34.047
T17230;2008-02-01;622,245345;6,0;12048,9152220648;8,75;7,25;6,75;8,75;5,75;9,25;7,25;8,5;2024-07-24 15:28:54.000
T84428;2013-07-31;146,427858;1,0;9523,50255843278;;;;;;;;;
TDCFD6;2019-01-17;;;;;;;;;;;;
TEXCLX;2011-09-19;155,11251;;;9,428571428571429;9,142857142857142;9,142857142857142;9,428571428571429;7,428571428571429;9,571428571428571;8,571428571428571;9,142857142857142;2024-11-07 15:45:13.000
TEZNRD;2017-08-11;531,053683;5,0;3043,18916406659;;;;;;;;;
TEZIHF;2014-09-29;217,128323;;;8,666666666666666;8,666666666666666;8,666666666666666;9,333333333333334;7,666666666666667;9,333333333333334;8,333333333333334;8,333333333333334;2024-12-17 12:04:30.000
T53755;2007-05-30;3306,020955;2,0;626,664813978431;6,8;8,0;8,6;8,4;6,4;8,0;7,8;6,6;2024-10-21 09:20:38.000
T57422;2009-11-17;4252,061182;1,0;4246,39199676837;9,0;8,0;8,0;10,0;9,0;8,0;9,0;8,0;2025-02-13 15:38:16.000
TB3034;2012-09-15;391,666791;1,0;2200,33257722815;10,0;8,0;8,0;9,0;7,0;9,0;8,0;8,0;2022-01-31 15:52:00.000
TEZD71;2013-06-12;68,913833;;;7,5;8,0;8,0;9,0;7,0;9,0;8,0;8,0;2020-05-07 14:30:00.000
TFDCM7;2022-05-23;28,407858;;;;;;;;;;;
TB1479;2008-10-05;558,643564;2,0;7735,67768928913;8,0;8,0;8,0;9,0;9,0;9,0;8,0;9,0;2025-03-21 17:36:23.000
T16603;2007-09-24;390,766076;1,0;5586,53548323014;8,0;8,0;8,0;9,0;7,0;9,0;8,0;8,0;2021-10-22 10:04:00.000
T20056;1991-07-24;;;;;;;;;;;;
T84886;2009-09-25;;;;;;;;;;;;
T56562;2009-12-15;532,499459;;;8,8;8,4;8,4;9,0;7,6;9,0;8,2;8,0;2024-12-06 14:31:33.000
TFDFG9;2022-09-15;1445,83358;1,0;9422,31150772959;;;;;;;;;
TEXFJG;2011-11-23;1725,735857;3,0;1457,30078744833;;;;;;;;;
TFCUI7;2021-02-09;86,550844;1,0;20,3887082344108;;;;;;;;;
T02312;1996-08-13;540,210049;;;8,0;7,5;8,0;8,5;6,75;9,0;7,75;7,75;2025-03-20 10:07:42.000
TEZCKV;2013-04-15;182,924427;1,0;5342,04754642667;9,5;9,0;9,0;9,5;8,0;9,5;9,0;9,0;2024-08-09 14:56:04.000
T53339;1990-03-01;2512,957063;1,0;1597,76847754;6,0;8,0;8,0;9,0;7,0;9,0;8,0;8,0;2021-12-14 10:07:00.000
TDCH7V;2021-05-28;;;;;;;;;;;;
TEZIS9;2014-10-28;90,661034;;;4,0;8,0;8,0;9,0;7,0;9,0;8,0;8,0;2019-03-11 15:10:00.000
TFDMZK;2023-05-09;;;;;;;;;;;;
TFCHT0;2015-02-27;182,030397;;;8,0;8,0;8,0;9,0;7,0;9,0;8,0;8,0;2021-11-26 14:32:00.000
TDCD5P;2020-12-01;;;;;;;;;;;;
TFDDN4;2022-06-30;524,415361;;;;;;;;;;;
TFDMWC;2023-05-15;1830,549365;8,0;16456,2561020213;;;;;;;;;
TFDCX5;2022-05-31;376,922709;1,0;199,426789676745;9,0;7,0;7,0;8,0;8,0;8,0;8,0;8,0;2024-10-31 10:11:31.000
T07903;2009-03-31;;;;10,0;8,0;8,0;9,0;7,0;9,0;8,0;8,0;2019-12-20 11:27:00.000
TDCG65;2022-09-29;;1,0;105,096434197994;;;;;;;;;
TFDGDC;2022-10-21;;;;;;;;;;;;
TDC0AQ;2017-05-01;63,40581;1,0;172,35815208471;;;;;;;;;
TFBEAQ;2017-02-16;677,108221;1,0;26174,8764963288;6,0;8,0;8,0;6,0;7,0;8,0;7,0;7,0;2024-12-17 10:42:27.000
TFC486;2018-07-31;90,262136;;;7,5;7,0;7,0;7,0;7,5;8,0;8,0;8,0;2024-06-25 14:47:32.000
TFDNAH;2023-05-17;37,696312;;;;;;;;;;;
TFDPHI;2023-08-31;24,541208;2,0;198,237098041624;;;;;;;;;
TA8057;2010-07-16;76,599886;;;10,0;9,0;8,0;9,5;6,0;9,5;7,0;9,0;2023-05-19 17:57:54.147
TFDQ31;2023-10-11;;;;;;;;;;;;
TFD750;2021-12-10;39,232175;;;;;;;;;;;
TFCPN1;2020-05-25;365,756531;6,0;32762,2663417132;7,666666666666667;6,0;6,666666666666667;8,666666666666666;5,666666666666667;8,0;8,0;5,333333333333333;2024-02-20 09:26:28.000
TFDMDS;2023-04-28;119,540888;;;;;;;;;;;
TDCFLB;2021-02-04;;;;;;;;;;;;
TEZFK6;2013-12-13;375,501576;2,0;58929,0588203235;7,6;7,2;7,6;8,4;7,4;8,8;7,8;8,8;2025-01-30 15:04:18.000
T00018;2002-01-01;;;;;;;;;;;;
TAAJU5;2010-12-15;256,976427;;;8,666666666666666;8,0;8,0;9,333333333333334;7,333333333333333;9,333333333333334;8,0;8,0;2022-10-07 12:22:30.547
TDCA9I;2023-01-30;;;;;;;;;;;;
TDCH2O;2019-12-18;;;;;;;;;;;;
TFDS88;2024-02-29;443,402301;3,0;2035,42786425676;;;;;;;;;
TFDSAF;2024-02-29;894,86962;;;;;;;;;;;
TFCQGF;2020-06-30;145,298165;;;;;;;;;;;
T00631;1998-12-03;307,979817;;;9,6;8,8;8,8;8,2;7,0;8,8;8,2;8,6;2024-05-03 14:24:08.000
TDC821;2022-04-26;;;;;;;;;;;;
TEZNHC;2015-12-11;5,764135;;;;;;;;;;;
TB4649;2019-04-05;75,236435;1,0;731,277804579114;9,5;8,0;8,0;9,0;8,5;9,5;8,0;8,5;2024-05-09 10:07:16.000
TFCAXW;2018-09-26;110,434899;;;10,0;10,0;10,0;9,0;8,0;10,0;8,0;10,0;2023-12-27 15:11:24.000
TCAWPS;2010-01-28;448,380273;;;8,0;8,0;8,0;9,0;7,0;9,0;8,0;8,0;2019-05-30 16:17:00.000
TDC0QC;2019-12-01;96,872514;1,0;178,109028964024;;;;;;;;;
TDC01Z;2020-06-01;390,789083;7,0;3607,6116658556;6,666666666666667;6,333333333333333;6,333333333333333;9,333333333333334;7,333333333333333;8,333333333333334;6,666666666666667;7,666666666666667;2024-10-25 10:37:24.000
TEZEYQ;2013-06-01;1112,323412;;;;;;;;;;;
TFBKE0;2017-06-12;1897,542691;1,0;87,7681341274288;10,0;9,333333333333334;9,333333333333334;9,666666666666666;9,0;9,666666666666666;9,333333333333334;9,333333333333334;2024-10-03 17:03:31.000
TEZDJH;2018-04-30;174,241803;;;9,0;7,666666666666667;8,0;9,0;7,666666666666667;9,0;7,333333333333333;7,666666666666667;2022-11-22 11:21:55.643
TFCGMQ;2019-04-30;1053,625318;;;8,5;7,0;8,0;8,5;7,0;7,5;9,0;8,5;2024-11-21 15:09:08.000
TFCANY;2010-12-30;594,656503;2,0;9220,63985821837;8,0;7,4;7,4;9,2;6,0;9,2;7,2;8,4;2025-03-14 15:53:34.000
TDCDK3;2024-01-10;;;;;;;;;;;;
TEZHWK;2013-03-28;877,140498;;;8,4;8,4;8,4;9,2;7,6;9,2;8,2;9,2;2023-10-16 15:34:09.000
TFEDAH;2024-12-13;;1,0;214,644753348615;;;;;;;;;
TDC0SI;2014-01-01;598,932613;;;;;;;;;;;
TFCUFE;2019-08-30;201,075219;;;6,0;7,5;9,0;5,0;4,5;7,5;4,5;7,0;2024-07-26 13:45:43.000
TDCDBW;2020-05-12;;;;;;;;;;;;
TDCEQG;2022-02-02;;;;;;;;;;;;
TFDCXW;2022-05-31;29,824039;;;;;;;;;;;
TFDVIR;2024-08-26;383,400199;1,0;402,586604696204;;;;;;;;;
TFBZSE;2021-01-29;92,810042;;;6,5;7,0;8,0;9,0;5,0;9,0;8,0;8,0;2024-09-05 09:52:28.000
TA3529;2014-06-25;112,913733;;;;;;;;;;;
T50223;2009-12-22;1824,340975;2,0;0,00840771473583952;6,5;6,0;7,666666666666667;7,333333333333333;6,333333333333333;8,333333333333334;8,0;7,5;2024-12-04 17:34:50.000
TEZJM9;2015-01-14;180,792214;;;3,6666666666666665;7,666666666666667;8,0;8,666666666666666;6,333333333333333;9,0;6,666666666666667;7,666666666666667;2023-09-06 14:45:39.000
TB4652;2015-07-05;169,607535;;;;;;;;;;;
TEVRVQ;2009-08-25;330,782086;;;8,0;8,0;8,0;9,0;7,0;9,0;8,0;8,0;2021-09-29 10:32:00.000
TFCB06;2018-09-28;2198,710143;5,0;31373,4758177899;7,333333333333333;8,0;8,0;9,0;7,0;9,0;8,0;8,0;2022-02-03 11:30:00.000
TEZNRP;2016-02-03;;;;;;;;;;;;
TFCISO;2011-08-31;146,145899;;;;;;;;;;;
TFDSMC;2024-03-28;;1,0;4017,02953877467;;;;;;;;;
TFDFEY;2022-09-14;;;;;;;;;;;;
TCANCE;2014-04-01;;;;;;;;;;;;
TFDVQI;2024-09-19;36,081436;2,0;1246,50676744873;;;;;;;;;
TAAFZJ;2010-10-29;;;;9,5;9,5;9,5;9,75;7,5;9,5;9,5;10,0;2025-02-11 11:58:58.000
TFDCVW;2022-05-31;74,998449;;;8,0;8,0;8,0;9,0;8,0;9,0;10,0;8,0;2025-02-27 16:33:11.000
TFDF54;2022-09-06;26,55199;1,0;286,282686755336;;;;;;;;;
TEXMZ7;2012-01-27;81,494425;;;8,0;8,0;8,0;8,0;8,0;8,0;8,0;8,0;2023-02-13 11:31:12.170
TFDE75;2022-07-22;;;;;;;;;;;;
TFBKOS;2013-03-12;;;;5,0;4,666666666666667;7,333333333333333;8,333333333333334;3,0;9,0;8,0;8,0;2025-03-14 16:10:12.000
TEVZY8;2019-01-14;568,001385;;;;;;;;;;;
TDCEMS;2024-05-31;;1,0;120,209301435666;;;;;;;;;
TFECSR;2024-11-27;297,399302;1,0;8832,36738785993;10,0;10,0;8,0;10,0;7,0;10,0;8,0;10,0;2025-02-25 11:12:40.000
TFECUH;2024-11-30;32,317153;1,0;165,564718578152;;;;;;;;;
T35324;2002-03-06;763,987307;1,0;19134,9035705714;8,666666666666666;8,333333333333334;8,333333333333334;9,0;8,0;9,0;8,666666666666666;8,0;2024-07-22 14:55:46.000
TFCYK6;2021-08-30;;;;;;;;;;;;
TFDDBG;2022-06-14;575,186983;1,0;12642,2602625451;10,0;9,0;10,0;10,0;9,0;10,0;10,0;10,0;2024-10-09 16:57:08.000
T14190;2001-09-28;660,273428;2,0;28710,0337013396;8,571428571428571;8,285714285714286;8,428571428571429;9,0;6,571428571428571;8,714285714285714;7,714285714285714;8,571428571428571;2024-11-04 11:41:11.000
TEYWC6;2012-09-12;72,561751;;;9,0;8,0;8,0;9,333333333333334;7,333333333333333;9,333333333333334;8,666666666666666;8,0;2022-10-28 13:53:11.860
TFBOEI;2016-08-10;117,323191;;;;;;;;;;;
TFCXLS;2021-07-15;;;;;;;;;;;;
T15289;2006-06-30;437,794466;;;7,666666666666667;7,666666666666667;8,0;9,333333333333334;7,333333333333333;8,0;8,0;8,0;2023-02-14 19:42:37.327
TFCYHE;2021-08-24;128,793901;;;10,0;8,0;10,0;10,0;7,0;10,0;9,0;9,0;2024-03-05 17:14:46.000
TDCDWL;2022-09-28;;;;;;;;;;;;
TFEBS5;2024-10-02;470,421308;2,0;21624,7810278724;;;;;;;;;
TFECLM;2024-11-14;;1,0;128,511919737307;;;;;;;;;
TFDVE3;2024-08-12;;1,0;736,8226924474;;;;;;;;;
TDC9ZF;2022-12-09;;;;;;;;;;;;
TCAXVZ;2013-12-16;156,568463;;;;;;;;;;;
TDCFJ1;2017-06-06;;;;;;;;;;;;
T15169;2009-10-19;894,636467;;;9,0;7,5;7,5;8,0;8,0;9,5;7,0;8,0;2024-04-22 09:26:52.000
TEZDCD;2013-06-19;159,260549;;;9,0;8,666666666666666;8,666666666666666;9,333333333333334;7,333333333333333;9,333333333333334;8,666666666666666;8,0;2024-08-19 17:26:55.000
T37194;2010-11-30;1225,320226;;;8,0;7,5;7,75;9,0;7,75;8,75;8,5;8,75;2023-05-19 14:37:52.017
TFDRMH;2024-01-25;289,09151;;;;;;;;;;;
TFDGF0;2022-10-25;;;;;;;;;;;;
TFCHLI;2019-06-06;;;;;;;;;;;;
T07784;2005-07-04;1188,36446;1,0;3640,11589102435;6,0;4,0;5,0;5,0;5,0;7,0;6,0;5,0;2023-12-11 09:37:33.000
TEYYXN;2012-10-02;144,815178;;;7,75;8,0;8,0;9,0;7,0;9,0;8,0;8,0;2022-01-28 10:16:00.000
TFDKJV;2023-04-26;410,884332;1,0;33,1432114886794;5,0;5,0;8,0;7,5;4,0;9,5;3,0;7,0;2025-01-09 17:45:42.000
TDC1O0;2025-01-07;12,316887;2,0;407,774164688217;;;;;;;;;
TFEDSS;2025-01-17;324,541992;1,0;6519,11920172946;;;;;;;;;
TDCH77;2020-12-21;;;;;;;;;;;;
TFDQZ5;2023-12-06;55,01103;;;;;;;;;;;
TEZHY1;2014-08-20;757,688384;4,0;64922,2586498967;8,2;7,4;7,8;9,0;6,0;8,4;7,2;7,4;2023-10-17 14:27:27.000
TDCA1G;2022-07-22;;;;;;;;;;;;
TEYVXR;2012-08-31;1229,590508;1,0;1243,93821059693;7,666666666666667;7,666666666666667;8,333333333333334;8,666666666666666;7,0;9,0;8,666666666666666;7,666666666666667;2024-12-05 16:53:55.000
TDCGZK;2021-08-11;;;;;;;;;;;;
TA2544;2002-03-25;64,662473;;;8,333333333333334;7,666666666666667;7,666666666666667;9,0;7,666666666666667;8,333333333333334;8,0;7,666666666666667;2023-05-19 14:08:05.197
TFEBSZ;2024-07-12;;1,0;1,26115721037593;;;;;;;;;
TAAJWO;2010-12-20;144,064574;;;;;;;;;;;
TFDRUA;2024-02-17;;;;;;;;;;;;
TA2895;2013-01-18;100,831849;1,0;16,9877876237637;9,0;8,0;8,0;9,0;7,0;9,0;8,0;8,0;2021-09-02 10:26:00.000
TFEEN7;2025-02-27;;2,0;140600,086375616;;;;;;;;;
TFCSYO;2020-11-30;9,113109;;;8,0;8,0;8,0;10,0;9,0;10,0;10,0;7,0;2022-07-28 12:10:31.793
T17526;2009-07-14;326,811913;;;;;;;;;;;
TFCDR6;2018-12-21;499,587702;1,0;2130,73351464487;10,0;9,0;9,0;9,0;8,5;9,5;9,0;7,5;2024-12-11 09:56:57.000
TFCVOL;2021-05-17;193,541576;4,0;1797,09437463991;9,0;8,0;8,5;8,5;7,0;9,0;8,0;8,5;2024-09-03 15:29:30.000
TFCDNG;2018-12-18;91,623232;;;;;;;;;;;
TFEBPJ;2024-09-30;657,267494;1,0;2820,68740129733;;;;;;;;;
TFDEVB;2022-08-29;227,606538;;;9,0;8,0;8,0;9,0;2,0;9,0;8,0;8,0;2025-03-10 11:57:46.000
TB5367;2024-08-30;422,233128;1,0;14096,4628071133;;;;;;;;;
TFDJLA;2023-04-05;1375,130121;;;;;;;;;;;
TFCQ13;2018-02-28;;;;7,0;7,5;8,25;9,25;6,5;7,5;5,5;7,75;2024-10-25 10:51:43.000
TDC0GL;2017-05-01;598,932613;;;;;;;;;;;
TEXSKL;2012-03-14;82,176978;;;9,0;8,0;9,0;9,0;8,0;9,0;9,0;10,0;2022-04-04 00:00:00.000
TDC71F;2023-05-08;;1,0;2356,93467189789;;;;;;;;;
TFCUN9;2021-02-22;314,022378;;;5,0;7,0;7,0;4,0;3,0;8,0;3,0;5,0;2023-08-31 09:36:31.000
TD2587;2024-04-25;;1,0;120,209301435666;;;;;;;;;
TFEBYR;2024-10-23;;1,0;1380,7233216343;;;;;;;;;
TEWBTY;2010-03-23;8075,69741;7,0;414610,931556524;9,5;5,0;7,0;8,5;8,0;9,0;7,5;7,5;2024-12-19 16:13:12.000
T09590;1994-06-17;1443,093116;7,0;22646,69671544;9,4;8,0;8,8;9,4;7,6;9,2;8,4;8,2;2024-01-30 16:02:53.000
TFBX19;2012-01-27;2414,770901;;;10,0;5,0;7,0;9,0;7,0;9,0;8,0;8,0;2022-09-21 17:17:50.873
TDC549;2022-01-09;;2,0;2719,79482446725;;;;;;;;;
TFDHR5;2022-12-29;378,359521;3,0;12077,6107524582;10,0;9,5;8,5;10,0;9,5;9,0;10,0;9,0;2025-01-10 11:40:17.000
TFEDCX;2024-12-18;140,463486;1,0;282,579088414198;;;;;;;;;
TAA687;2009-12-16;426,308799;1,0;394,1872976751;;;;;;;;;
TFD845;2021-12-16;745,409345;;;6,5;6,0;7,5;5,0;6,5;8,0;6,5;7,5;2024-11-22 14:33:29.000
T53741;2006-12-08;1741,353065;;;9,0;7,0;7,0;9,0;7,0;9,0;8,0;9,0;2023-10-19 16:17:20.000
TDC0NF;2024-11-11;310,750588;1,0;19748,4691649914;;;;;;;;;
TDCD20;2022-04-08;;;;;;;;;;;;
TFCUYZ;2021-01-27;;;;;;;;;;;;
TDCFZN;2021-10-22;;;;;;;;;;;;
TFDIGN;2023-03-20;221,921669;7,0;1353,8858961975;8,0;5,0;6,0;8,0;5,0;8,0;4,0;10,0;2024-11-19 15:01:59.000
TDCH5F;2022-09-27;;;;;;;;;;;;
TFEEYP;2025-03-24;;1,0;1705,93372761657;;;;;;;;;
TB1438;2008-09-28;377,327134;;;8,0;7,0;7,666666666666667;9,0;7,333333333333333;9,0;8,0;8,666666666666666;2022-08-17 18:48:05.307
TFCSFE;2020-10-28;307,557172;;;7,0;9,0;9,0;9,0;7,0;9,0;5,0;8,0;2024-12-13 11:19:29.000
TFDRAT;2023-12-19;1404,176041;;;;;;;;;;;
TFDBQK;2022-03-30;;;;;;;;;;;;
TFCEK7;2019-01-30;992,847214;2,0;0,00840771473583952;5,666666666666667;5,666666666666667;7,666666666666667;6,333333333333333;5,333333333333333;8,333333333333334;5,666666666666667;7,666666666666667;2023-01-17 17:27:01.227
TFCVSO;2019-01-15;421,855155;1,0;878,105930868448;;;;;;;;;
T60330;2024-11-12;439,507582;2,0;5676,01458730632;;;;;;;;;
TFDTK3;2024-04-15;256,067311;4,0;32933,2792594402;;;;;;;;;
TFCVED;2021-03-26;69,393657;;;4,0;5,25;6,5;2,25;5,25;8,25;4,0;5,25;2025-01-15 09:58:22.000
TB2359;2012-06-21;252,080814;1,0;5662,84810602999;6,333333333333333;6,0;6,833333333333333;8,0;6,0;8,166666666666666;7,833333333333333;7,833333333333333;2025-01-28 16:48:56.000
TDCCGU;2021-03-26;;;;;;;;;;;;
TFCAZ9;2018-09-27;110,729196;;;9,285714285714286;8,428571428571429;8,857142857142858;9,428571428571429;7,857142857142857;9,285714285714286;8,714285714285714;8,714285714285714;2024-12-10 16:16:16.000
TDCDEG;2020-09-28;;;;;;;;;;;;
TDCD47;2022-09-09;;;;;;;;;;;;
TDCH0U;2022-09-30;;;;;;;;;;;;
TEWBJ0;2011-02-25;377,318812;2,0;0,00840771473583952;8,0;8,0;7,666666666666667;9,0;7,333333333333333;8,666666666666666;6,666666666666667;8,0;2024-04-08 11:10:03.000
TFDEHN;2022-08-04;1472,113998;;;;;;;;;;;
TFCDWF;2019-01-03;8483,605571;2,0;0,00840771473583952;7,0;8,2;8,8;9,4;6,4;9,0;7,8;8,2;2024-12-16 14:29:19.000
TFDTLN;2024-04-19;1523,68279;2,0;82631,7098564391;;;;;;;;;
T33230;2012-02-29;199,646791;1,0;1529,36331044921;6,8;6,6;7,4;8,4;6,6;8,2;7,2;7,2;2024-11-21 15:11:59.000
TFDTYY;2024-05-20;;1,0;1042,0059219289;;;;;;;;;
TEZKIQ;2015-03-31;287,227446;2,0;2134,84488715069;9,0;8,0;8,5;9,25;7,0;8,5;8,0;8,5;2025-03-07 17:45:10.000
TEZNKZ;2016-01-11;325,68394;1,0;0,00420385736791976;10,0;8,666666666666666;8,666666666666666;9,333333333333334;7,666666666666667;9,333333333333334;8,0;8,666666666666666;2023-07-21 15:43:31.000
T45686;2011-04-29;425,872767;2,0;15060,8360950288;4,0;4,0;4,0;8,0;5,0;0,0;0,0;8,0;2024-08-22 09:40:09.000
TEYVPL;2012-08-08;45,745775;;;;;;;;;;;
TFCPQ6;2020-05-29;1782,6791;;;9,0;8,666666666666666;9,666666666666666;9,666666666666666;7,333333333333333;9,0;9,666666666666666;8,666666666666666;2024-10-24 09:07:46.000
T89690;2009-10-29;4,252201;;;7,0;4,0;4,0;9,0;7,0;9,0;8,0;8,0;2023-09-26 11:30:13.000
T84651;2013-09-19;1146,79011;4,0;38959,0421681853;9,6;7,8;8,4;8,8;6,8;8,8;8,2;8,8;2025-03-21 15:24:12.000
TFDRSO;2023-05-18;48,587657;;;;;;;;;;;
T42748;2006-11-29;23620,718516;2,0;53881,1425623581;7,0;8,0;8,0;9,0;7,0;9,0;8,0;8,0;2020-12-15 11:42:00.000
T18038;2011-01-14;891,916892;2,0;8490,90066543592;9,75;8,25;8,75;9,25;7,0;9,25;8,5;8,0;2024-08-29 14:02:24.000
TFEDZC;2025-01-31;612,674376;1,0;612,678580515362;;;;;;;;;
TFDNNW;2023-05-31;;;;;;;;;;;;
TDCDES;2021-12-07;;;;;;;;;;;;
TFCPEZ;2020-04-30;41,40202;;;;;;;;;;;
TFBXBW;2018-04-30;93,069723;;;;;;;;;;;
TFBN23;2022-05-01;;1,0;1011,99878803669;10,0;10,0;10,0;9,0;10,0;9,0;10,0;8,0;2024-12-02 14:37:49.000
TFED58;2024-12-10;;2,0;3648,5614404765;;;;;;;;;
TFCRX4;2020-09-30;275,472978;2,0;0,0294270015754383;8,0;9,0;8,0;8,0;7,0;10,0;8,0;8,0;2023-11-06 08:55:07.000
TFDBXI;2022-04-07;1452,990102;;;9,0;8,0;9,0;10,0;9,0;7,0;9,0;8,0;2023-10-17 14:55:51.000
T04506;2004-11-30;462,972283;;;9,0;8,5;8,5;9,0;7,0;9,0;8,5;9,0;2024-07-16 08:18:13.000
TFDJDY;2023-03-28;;;;;;;;;;;;
TFCTPM;2020-12-29;66,366942;;;;;;;;;;;
TFBAOA;2017-02-07;199,478252;;;8,333333333333334;8,666666666666666;8,666666666666666;8,666666666666666;8,0;9,333333333333334;8,666666666666666;8,0;2022-10-05 14:26:07.833
T30580;2010-03-31;196,515073;;;9,833333333333334;8,666666666666666;8,333333333333334;9,166666666666666;8,0;9,333333333333334;7,833333333333333;8,5;2024-09-06 10:21:10.000
TDCD5V;2021-01-21;;;;;;;;;;;;
TFCSWQ;2020-11-27;476,539061;;;8,25;7,5;8,0;8,5;6,75;8,0;7,5;9,0;2025-01-16 09:56:06.000
T57156;2010-07-24;236,978472;;;8,75;8,5;8,5;8,5;7,25;8,75;8,0;7,75;2024-10-16 13:50:23.000
TFBYLO;2005-06-02;582,446162;;;;;;;;;;;
TFDOT9;2023-08-01;268,592951;4,0;2189,41936350103;10,0;10,0;9,0;8,0;10,0;10,0;10,0;10,0;2024-10-14 14:48:45.000
TFEEMT;2025-02-26;;1,0;615,865104400245;;;;;;;;;
TDC9VM;2023-01-06;;1,0;1461,97547684146;;;;;;;;;
TDCCSJ;2022-11-29;;;;;;;;;;;;
TFEDEZ;2024-12-20;;1,0;282,154498820038;;;;;;;;;
TFDUGY;2024-06-17;35,954956;2,0;627,4551391636;;;;;;;;;
TFDDCD;2022-06-15;562,517992;;;10,0;10,0;9,0;10,0;7,0;7,5;9,5;10,0;2025-01-29 12:35:43.000
TDCHCY;2024-10-03;;1,0;191,98175827816;;;;;;;;;
TFCINP;2019-07-23;945,692997;;;9,5;9,0;8,5;9,0;8,0;9,0;8,5;8,5;2022-03-24 00:00:00.000
T16898;2012-12-21;1395,260789;3,0;3487,92364273355;;;;;;;;;
TEZCK6;2018-09-27;1628,485037;;;8,0;9,0;9,0;9,0;8,0;10,0;8,0;8,0;2023-08-15 15:55:09.000
TFATQU;2017-01-30;1166,742933;;;7,5;7,0;8,0;7,5;7,0;8,75;8,25;7,75;2023-02-06 19:12:55.377
TFCNNT;2012-07-19;141,034776;2,0;25010,1725894024;;;;;;;;;
TB1014;2007-07-05;374,608295;;;6,333333333333333;6,666666666666667;7,666666666666667;8,0;5,333333333333333;9,0;7,666666666666667;6,0;2025-01-23 11:04:58.000
TFDV53;2024-07-30;380,046572;1,0;512,555309583617;;;;;;;;;
TFDTRQ;2024-04-30;1205,674458;1,0;23253,132567764;;;;;;;;;
TB0738;2008-03-05;1122,367384;;;7,6;7,4;7,4;8,4;5,8;7,8;7,8;7,6;2024-10-18 15:34:58.000
TFDNB2;2023-05-18;539,795954;;;;;;;;;;;
TFCLM0;2019-10-31;74,68775;;;8,0;8,0;8,0;9,0;8,0;8,0;8,0;8,0;2024-10-22 10:47:22.000
TDC168;2016-03-01;53,99834;2,0;1656,36604539143;;;;;;;;;
TFDRQD;2024-02-02;35,400895;1,0;63,7472931271352;;;;;;;;;
T73774;2009-09-04;375,876847;2,0;2527,02694486129;8,2;7,8;8,6;9,2;6,0;8,2;8,4;8,6;2024-10-23 15:07:56.000
TDC32H;2012-02-28;;;;;;;;;;;;
T11727;2010-03-30;1259,273563;1,0;375,089173652641;8,285714285714286;8,571428571428571;8,285714285714286;8,571428571428571;7,0;8,857142857142858;8,285714285714286;8,571428571428571;2024-10-30 10:19:14.000
TC7801;2010-10-13;415,332191;1,0;420,394144506712;4,0;8,0;8,0;9,0;7,0;9,0;8,0;8,0;2019-07-05 14:15:00.000
TFDEL8;2010-02-09;2088,479569;2,0;1714,20691891664;6,0;6,0;6,0;5,0;7,0;9,0;8,0;8,0;2023-05-31 17:39:24.107
TFCTKP;2020-12-18;419,870063;2,0;2370,13058017579;;;;;;;;;
TDCH9C;2023-09-01;;;;;;;;;;;;
TFDREE;2023-12-28;;;;;;;;;;;;
TCBDRJ;2016-11-01;;;;;;;;;;;;
TFCTEM;2020-12-09;55,892547;;;9,5;8,5;10,0;10,0;9,0;10,0;9,0;10,0;2023-07-07 10:36:43.000
TFDKKV;2023-04-27;467,956446;;;;;;;;;;;
TDCH2L;2022-07-01;;;;;;;;;;;;
TEZBSK;2013-01-25;331,555828;2,0;0,00840771473583952;;;;;;;;;
T11287;2004-03-19;509,619771;;;7,5;8,0;8,0;8,5;7,5;8,5;8,0;8,0;2025-01-13 09:07:21.000
TEVVOI;2013-02-08;403,810056;;;9,333333333333334;8,0;8,0;9,666666666666666;8,333333333333334;9,333333333333334;8,0;8,333333333333334;2023-05-29 17:55:28.020
T06619;1997-01-08;1080,353838;2,0;2303,60874118583;8,0;7,25;7,75;8,875;7,0;9,125;7,5;8,125;2025-03-10 16:52:21.000
T12991;2004-12-29;;;;;;;;;;;;
TEZEIQ;2011-08-04;95,461001;1,0;126,115721037593;8,666666666666666;8,333333333333334;8,333333333333334;9,0;7,0;8,666666666666666;8,333333333333334;8,333333333333334;2022-07-20 17:24:20.150
TFDIRI;2023-02-28;927,861168;5,0;12658,3610362642;;;;;;;;;
TEVVOX;2010-10-01;695,014118;;;9,5;8,0;9,0;9,0;7,0;9,0;8,0;8,0;2023-11-27 14:41:59.000
TFDCGE;2022-04-29;359,849649;1,0;289,893800234379;8,5;4,5;7,5;9,5;6,5;9,5;7,5;10,0;2024-07-29 15:02:59.000
T54276;2008-05-29;474,639702;1,0;463,344955234748;8,0;7,0;8,0;9,0;8,0;9,0;8,0;8,0;2024-01-18 15:08:32.000
TFEBM6;2024-09-27;1392,081268;1,0;31671,6428093243;;;;;;;;;
TB3732;2014-07-25;;;;9,0;8,5;8,0;9,0;7,5;8,5;8,5;8,0;2024-04-05 11:12:40.000
TFDTVM;2024-05-13;144,800185;1,0;4868,18874391475;;;;;;;;;
T56447;2012-02-02;249,74486;;;9,75;8,5;8,5;9,0;7,5;9,25;8,0;8,5;2022-04-20 00:00:00.000
T02553;2007-06-25;2319,282222;2,0;5841,4700055929;9,333333333333334;8,0;8,333333333333334;9,0;7,333333333333333;9,333333333333334;8,333333333333334;8,0;2022-06-21 13:20:49.000
TFDHQ1;2022-12-28;821,857098;2,0;14287,4776781968;6,0;4,0;5,0;8,0;7,0;9,0;7,0;8,0;2024-01-19 15:45:22.000
TFDSP8;2024-04-01;56,701387;1,0;628,615403797145;;;;;;;;;
TFCMVY;2019-12-23;400,069383;2,0;75328,9832336147;10,0;7,0;10,0;8,0;6,0;10,0;8,0;10,0;2022-09-19 14:02:12.503
TFDSN8;2024-03-28;996,676862;3,0;132613,022219583;;;;;;;;;
TFDFYI;2022-10-10;;;;;;;;;;;;
TCACIJ;2013-12-23;110,044023;;;;;;;;;;;
TEZKG6;2015-03-23;62,066217;;;;;;;;;;;
T35269;2010-05-27;153,523236;;;8,0;8,25;8,25;9,25;7,25;9,0;8,0;8,5;2022-12-01 20:12:23.773
TB3150;2013-07-20;359,238589;2,0;3551,41029670388;8,6;7,4;7,4;9,4;6,6;8,0;8,8;6,6;2023-09-28 14:19:37.000
TFC442;2018-07-30;;;;7,0;8,0;8,0;9,0;7,0;9,0;8,0;8,0;2019-12-18 11:02:00.000
TDCGPF;2021-09-20;;;;;;;;;;;;
T44505;1989-04-04;342,912525;;;9,0;8,0;9,0;5,0;7,0;9,0;9,0;9,0;2024-07-22 09:56:51.000
TDCE2N;2020-10-26;;;;;;;;;;;;
TFDPWH;2023-09-29;137,053786;;;;;;;;;;;
TFDNX0;2023-06-22;992,525909;;;9,0;9,0;9,0;10,0;9,0;10,0;8,0;8,0;2024-10-31 16:06:27.000
TFECV2;2024-11-29;976,316796;1,0;7984,23496002475;;;;;;;;;
TFDDHM;2022-06-24;78,012274;;;;;;;;;;;
TEZSPO;2016-06-24;402,766605;2,0;541,721672002244;10,0;9,0;9,2;9,6;7,6;8,6;8,8;9,2;2024-12-10 15:46:41.000
TB1393;2025-02-18;;2,0;60324,3064691639;;;;;;;;;
TFDUJK;2024-06-21;329,96129;1,0;5399,13592948302;;;;;;;;;
TDCAF2;2023-04-28;;;;;;;;;;;;
TDCGGD;2019-06-04;;;;;;;;;;;;
TFBREI;2017-12-14;;;;;;;;;;;;
T41835;2011-01-06;649,021152;;;;;;;;;;;
TFDHUD;2023-01-03;94,814122;;;;;;;;;;;
TDCGDG;2022-06-20;;;;;;;;;;;;
TFEEYH;2025-03-24;;1,0;360,022548846016;;;;;;;;;
TEZI41;2014-08-29;;;;5,8;6,4;7,2;8,8;5,8;9,0;7,4;7,6;2025-01-13 16:27:39.000
TFBKJV;2011-11-24;497,487673;3,0;3058,12126543744;8,0;6,0;5,5;9,5;3,0;8,0;9,0;8,5;2024-08-20 11:37:18.000
TDCCDI;2020-07-24;;;;;;;;;;;;
TAAHV1;2010-10-29;521,15656;;;8,75;8,5;8,75;9,5;6,75;8,25;8,25;8,25;2023-07-06 16:15:07.000
T13825;2009-05-29;627,421312;2,0;0,00840771473583952;10,0;8,5;10,0;10,0;6,5;10,0;10,0;10,0;2024-11-06 11:27:15.000
TFBME0;2014-10-31;;;;;;;;;;;;
T15532;2014-04-11;697,17773;;;9,5;7,5;8,0;9,0;7,5;8,5;8,0;8,0;2024-11-19 11:18:19.000
TEZMNA;2015-09-30;1530,748116;1,0;2942,70015754383;;;;;;;;;
TEXYF9;2012-06-06;345,763842;2,0;3003,86628224706;4,285714285714286;6,857142857142857;7,285714285714286;8,428571428571429;6,571428571428571;8,428571428571429;7,428571428571429;5,142857142857143;2025-01-20 11:21:24.000
T74551;2010-11-26;900,847406;2,0;47853,3491905042;;;;;;;;;
T13485;2005-04-18;2660,590143;;;7,333333333333333;8,333333333333334;8,333333333333334;8,666666666666666;7,0;9,333333333333334;8,0;8,666666666666666;2024-03-18 16:28:37.000
TDCF7G;2022-05-19;;;;;;;;;;;;
TFCZ45;2021-09-24;899,8824;1,0;251,285574167404;7,5;8,5;8,5;8,5;6,5;8,0;6,5;9,0;2025-02-14 10:07:41.000
TFDFAG;2022-09-01;703,69558;;;8,0;8,0;7,0;8,0;7,0;6,0;7,0;8,0;2023-09-12 11:26:48.000
TFCVQN;2021-04-23;191,01417;;;;;;;;;;;
TB1613;2014-01-23;518,855598;;;10,0;9,5;9,0;9,5;9,0;8,0;10,0;10,0;2025-03-05 16:16:46.000
TEZGCY;2011-10-18;410,304624;;;9,5;9,25;9,25;9,0;7,0;9,0;8,0;9,0;2024-11-22 11:26:31.000
T12230;2004-07-23;466,758852;2,0;0,00840771473583952;9,0;7,0;7,0;8,666666666666666;5,666666666666667;7,333333333333333;6,0;8,0;2024-05-03 10:38:45.000
T17391;2008-03-18;479,122247;;;8,0;8,0;8,0;9,0;7,0;8,0;8,0;8,0;2024-06-11 14:05:06.000
TFBYS9;2018-05-30;700,490356;1,0;4653,10678939987;;;;;;;;;
TDCDOB;2023-08-28;;;;;;;;;;;;
T13630;2006-08-29;;2,0;0,00840771473583952;9,333333333333334;7,0;8,0;8,666666666666666;6,666666666666667;7,666666666666667;7,666666666666667;8,666666666666666;2025-03-24 10:18:43.000
TFDTKS;2024-04-17;346,254285;1,0;10341,1822434948;;;;;;;;;
TDC34S;2019-05-20;;;;;;;;;;;;
TDCG45;2022-09-16;;;;;;;;;;;;
TFDOSP;2023-07-31;1198,261312;1,0;5459,20484741322;1,0;4,5;7,0;2,5;3,0;5,0;0,0;8,0;2025-01-24 18:00:52.000
TFD068;2021-11-10;74,98035;1,0;116,884050257641;;;;;;;;;
TC0231;2016-09-13;;;;;;;;;;;;
TFCAW6;2018-09-24;814,718067;1,0;0,00420385736791976;8,666666666666666;9,333333333333334;9,333333333333334;9,666666666666666;6,333333333333333;9,333333333333334;8,0;8,666666666666666;2024-11-06 09:23:59.000
TEZODH;2010-09-10;356,733879;2,0;19928,7599959294;10,0;9,0;9,0;10,0;8,0;9,0;9,0;9,0;2024-04-05 14:19:17.000
T01777;2007-06-13;340,306701;1,0;2764,62896329612;10,0;8,333333333333334;8,666666666666666;10,0;9,0;9,666666666666666;9,333333333333334;9,666666666666666;2024-06-25 09:08:06.000
TDCF28;2023-05-16;;;;;;;;;;;;
TDC569;2022-01-01;;;;;;;;;;;;
T01205;2001-12-19;746,432901;;;7,666666666666667;7,5;7,5;8,5;6,5;9,0;8,0;7,666666666666667;2024-10-24 14:03:32.000
TFBKDD;2012-12-28;1014,758991;2,0;18403,302068975;10,0;10,0;10,0;9,0;7,0;9,0;10,0;10,0;2022-05-19 00:00:00.000
TFBX00;2018-04-27;73,30363;;;;;;;;;;;
TEZLQS;2014-03-01;5515,118413;;;;;;;;;;;
TDCDRJ;2024-06-28;;1,0;101,32557413897;;;;;;;;;
TEZFYE;2017-07-31;876,843113;3,0;64518,7303811501;9,5;9,0;9,0;9,5;7,25;9,25;8,0;8,5;2023-08-07 16:53:59.000
TFECMM;2024-11-21;25,643529;1,0;342,639598629668;;;;;;;;;
TDCA28;2022-12-09;;;;;;;;;;;;
TFDDDI;2017-07-31;1444,788829;;;7,0;7,0;9,0;9,0;8,0;6,0;8,0;8,0;2024-11-06 14:54:26.000
TDCFBE;2020-11-03;;;;;;;;;;;;
TFDPC0;2023-08-29;27,543673;1,0;101,535767007366;;;;;;;;;
T07651;1992-03-07;1060,895654;;;;;;;;;;;
TEZUKA;2016-09-10;358,064672;2,0;0,00840771473583952;7,333333333333333;8,0;8,0;8,666666666666666;7,0;9,0;7,666666666666667;7,0;2023-05-22 17:24:39.737
T46585;2004-08-31;1327,099936;2,0;2762,63213104636;9,8;8,2;8,6;9,4;7,6;8,4;8,2;8,8;2024-11-28 09:57:56.000
TFDQWW;2023-11-30;106,87184;1,0;401,32124362846;10,0;10,0;10,0;9,0;7,0;9,0;7,0;10,0;2024-05-09 10:15:35.000
TEZKUE;2015-05-20;42,83072;;;;;;;;;;;
TB4135;2014-02-15;489,068358;;;9,25;8,5;8,25;8,75;7,0;8,75;8,75;8,25;2025-02-19 10:46:14.000
TDCDXV;2012-07-01;;;;;;;;;;;;
T25483;2012-03-19;;;;9,333333333333334;8,666666666666666;8,666666666666666;8,333333333333334;7,333333333333333;8,333333333333334;8,0;8,666666666666666;2023-02-09 13:14:37.697
T16736;2007-09-12;206,10852;2,0;0,00840771473583952;10,0;9,5;8,5;9,5;8,0;8,5;8,5;9,5;2023-07-26 10:55:45.000
TB0713;2005-09-05;776,805616;;;7,5;5,5;8,0;9,5;6,0;7,5;8,0;7,5;2022-05-03 00:00:00.000
TFCWMV;2021-05-31;607,322466;2,0;2108,55816702909;;;;;;;;;
TEXHX8;2009-11-30;1235,534317;;;9,0;7,833333333333333;8,0;9,333333333333334;7,333333333333333;8,5;8,0;8,0;2023-06-22 11:28:18.000
TFEDI0;2024-12-30;1398,127291;1,0;12843,4148376001;;;;;;;;;
TA4200;2010-05-10;236,318194;;;9,0;8,0;8,0;9,0;7,0;9,0;8,0;8,0;2022-01-26 14:16:00.000
TFCDJM;2018-12-12;224,817287;1,0;137,6595133699;10,0;8,0;8,0;9,0;7,0;9,0;8,0;8,0;2021-08-03 16:38:00.000
T48771;2011-03-31;745,21679;1,0;399,248741946075;7,4;6,8;7,4;7,6;5,8;8,0;7,8;7,6;2025-03-17 15:13:15.000
TFDCNH;2022-05-19;35,932587;;;;;;;;;;;
TB6273;2017-02-05;140,864534;;;6,0;7,5;8,5;8,5;6,0;9,0;8,0;8,0;2022-04-11 00:00:00.000
T32772;1994-09-15;767,090965;1,0;10398,577508139;8,0;6,0;7,0;9,0;7,0;8,0;8,0;8,0;2024-06-18 09:57:29.000
TDCGN0;2024-04-12;;1,0;154,966794153626;;;;;;;;;
TC0975;2014-08-04;28,306619;;;;;;;;;;;
TFDURW;2024-07-01;531,250263;3,0;3896,83705276848;;;;;;;;;
T76425;2008-09-19;;;;;;;;;;;;
TFCWI5;2021-05-26;500,461135;;;;;;;;;;;
TFDSQX;2024-04-09;36,426839;3,0;703,460880375589;;;;;;;;;
TFDQ70;2023-10-19;34,014487;;;;;;;;;;;
TFBKN0;2015-07-15;104,276261;1,0;1543,10572018494;8,0;7,0;9,0;8,0;5,0;9,0;8,0;7,0;2024-07-11 10:13:32.000
TEZFK5;2013-12-26;47,669589;;;7,285714285714286;7,285714285714286;8,142857142857142;8,714285714285714;7,0;9,285714285714286;8,428571428571429;7,428571428571429;2025-03-18 11:06:40.000
TFCTVA;2023-08-14;13,611812;;;;;;;;;;;
TB6670;2020-11-19;197,820976;;;;;;;;;;;
T15954;2006-12-29;;1,0;3914,04344097537;6,0;8,0;8,0;9,0;7,0;9,0;8,0;8,0;2019-01-04 10:56:00.000
TFCX53;2021-06-13;;1,0;1316,69437006352;;;;;;;;;
T74380;2011-10-21;1991,709721;2,0;2607,42992088013;8,5;8,5;8,5;9,5;6,0;7,5;8,5;8,5;2024-12-12 14:03:20.000
TDCGYY;2021-08-30;;;;;;;;;;;;
T09624;2003-02-21;1919,196112;;;7,666666666666667;7,0;6,333333333333333;8,333333333333334;5,666666666666667;8,0;7,666666666666667;7,666666666666667;2024-04-26 13:51:50.000
TFCTED;2020-12-14;35,293091;;;;;;;;;;;
TDCE37;2018-08-22;;;;;;;;;;;;
TEXCST;2011-09-30;79,869778;;;8,8;8,4;8,0;9,2;7,2;9,0;8,0;8,2;2023-02-07 12:38:28.950
TDCE5V;2023-04-19;;;;;;;;;;;;
TFBQU1;2017-11-22;;;;8,5;8,25;8,25;9,25;7,25;9,0;8,0;8,0;2022-05-25 00:00:00.000
TFDU02;2024-05-23;;3,0;287,602697968862;;;;;;;;;
T59297;2006-10-10;598,990147;15,0;17472,7404058696;8,0;8,2;8,4;9,2;7,2;9,2;8,4;8,6;2023-05-08 18:54:48.907
T02076;2007-11-05;656,081455;1,0;0,00420385736791976;8,6;8,6;8,6;9,0;7,2;9,0;8,4;8,6;2025-02-17 15:15:21.000
T60379;2010-07-07;;;;7,0;7,0;7,5;9,0;6,0;9,0;8,0;4,0;2023-11-29 11:31:53.000
T53742;2007-01-09;974,286884;;;10,0;10,0;8,0;10,0;10,0;10,0;10,0;10,0;2025-01-23 15:17:55.000
T15145;2006-05-17;493,588429;;;8,0;8,666666666666666;8,666666666666666;9,0;7,666666666666667;8,333333333333334;8,0;8,0;2024-12-16 16:30:49.000
TCBLNR;2016-09-05;;;;;;;;;;;;
T17941;2003-09-29;8826,184128;10,0;286349,406175622;7,25;8,0;7,25;7,75;6,25;8,0;8,0;7,0;2023-04-27 13:33:16.713
TFDRLZ;2024-03-01;6,866427;1,0;45,2503207082883;;;;;;;;;
TEW751;2010-08-20;;;;0,0;8,0;8,0;9,0;7,0;9,0;8,0;8,0;2019-02-12 08:33:00.000
TEZFET;2013-11-29;491,181719;3,0;12218,4399742835;10,0;6,5;8,5;8,0;7,5;9,0;8,5;9,0;2025-01-20 17:16:20.000
TB2850;2012-03-05;319,815277;1,0;2355,70294168909;8,0;7,0;8,0;10,0;8,0;9,0;8,0;9,0;2025-03-10 16:02:25.000
TFDGO2;2022-11-08;204,329978;;;10,0;8,0;9,0;10,0;10,0;10,0;10,0;7,0;2024-04-02 15:22:01.000
TDCE1L;2021-11-11;;;;;;;;;;;;
T30420;2016-05-20;549,62266;;;9,333333333333334;8,0;8,0;9,0;7,0;9,0;8,0;8,333333333333334;2023-10-23 15:42:06.000
TFCXNF;2021-07-15;;;;;;;;;;;;
TFCOX6;2020-03-24;134,634999;;;10,0;6,0;8,0;8,0;6,0;6,0;8,0;8,0;2025-01-29 16:28:03.000
TDCA7E;2022-03-17;;;;;;;;;;;;
TDCFGM;2023-04-28;;;;;;;;;;;;
T31424;2010-04-28;2389,643154;1,0;4740,67313837364;8,0;8,0;8,0;9,0;7,0;9,0;8,0;8,0;2020-09-01 10:07:00.000
TFDHIT;2022-12-19;;;;;;;;;;;;
TFDQL9;2023-11-14;;;;;;;;;;;;
T14622;2006-04-10;277,662054;2,0;3733,53821331163;;;;;;;;;
TFEBFL;2024-09-25;404,643458;1,0;35870,8338955657;;;;;;;;;
TFDVKG;2024-08-30;50,968167;1,0;63,7472931271352;;;;;;;;;
TDCHBG;2024-09-27;;1,0;120,596056313514;;;;;;;;;
T13864;2010-11-03;236,054796;;;9,75;8,75;8,5;9,0;7,5;8,75;8,5;8,75;2024-11-13 09:21:35.000
TFCHSS;2019-06-25;114,649593;1,0;25,4837833643296;8,333333333333334;8,666666666666666;8,0;9,666666666666666;7,0;9,0;9,333333333333334;9,0;2025-01-28 11:24:59.000
TA2727;2007-04-13;;;;;;;;;;;;
T42060;2002-05-28;1171,721045;2,0;14241,8027678944;8,6;8,4;7,8;9,2;6,4;8,6;8,0;8,8;2024-05-21 11:02:57.000
TAAM13;2011-01-13;185,003664;;;6,75;8,0;8,25;8,25;7,0;8,5;6,75;6,5;2025-03-17 15:45:12.000
TDCC7B;2021-05-24;;;;;;;;;;;;
T17423;2012-02-29;127,125132;;;7,0;7,333333333333333;7,666666666666667;8,333333333333334;4,666666666666667;8,0;7,0;6,0;2023-06-21 16:05:14.000
T52484;2011-06-29;597,38017;;;10,0;7,25;8,25;9,0;7,25;9,0;8,5;8,75;2024-09-17 14:12:09.000
T10145;2004-05-19;1643,145486;2,0;0,00840771473583952;6,75;6,25;7,25;6,25;5,5;8,5;8,0;7,5;2024-07-22 11:10:10.000
TDCC7Q;2023-05-16;;;;;;;;;;;;
TFCCHY;2018-11-22;24,923336;;;;;;;;;;;
TFDCYJ;2022-05-31;1132,209066;;;;;;;;;;;
TFDHDL;2022-12-08;130,70325;;;;;;;;;;;
TFCZ08;2021-09-22;54,454181;;;9,0;10,0;10,0;10,0;8,0;10,0;10,0;7,0;2022-05-11 00:00:00.000
TAAOL8;2011-02-24;140,332325;;;;;;;;;;;
TDCCMF;2024-01-16;;;;;;;;;;;;
TFCIJO;2019-07-25;;;;;;;;;;;;
T22081;2013-05-13;224,587476;;;8,0;7,75;8,0;8,25;7,75;8,25;8,0;8,0;2024-07-15 11:21:39.000
T53440;2010-08-02;1285,16843;;;5,0;7,0;8,0;9,0;3,0;9,0;4,0;8,0;2024-09-19 09:58:35.000
TEZCRK;2018-05-29;;;;;;;;;;;;
T48590;2009-12-23;270,00783;2,0;31498,477516625;10,0;9,0;9,0;9,25;7,25;9,25;8,5;8,5;2024-12-02 09:58:24.000
T09978;2012-10-10;190,877971;;;8,857142857142858;8,142857142857142;8,285714285714286;9,0;7,571428571428571;9,142857142857142;8,428571428571429;8,285714285714286;2024-03-12 14:27:52.000
T47828;2011-02-25;511,117913;;;8,6;6,8;6,8;6,2;5,0;7,8;7,6;8,0;2025-03-24 10:00:03.000
T39299;2001-06-21;482,992733;5,0;26914,6629082205;;;;;;;;;
TFDPFE;2023-08-30;424,752586;1,0;2002,89000822906;10,0;8,0;9,0;9,0;4,0;9,0;8,0;9,0;2024-05-15 13:39:51.000
T20602;1990-08-28;;;;;;;;;;;;
TFCVML;2021-01-28;1646,935773;1,0;2091,30133253378;;;;;;;;;
TFDP99;2020-09-14;;1,0;478,823558063429;;;;;;;;;
TEZFM5;2014-05-16;1767,587124;;;9,5;10,0;10,0;10,0;7,5;7,5;7,5;7,5;2023-04-28 17:43:46.990
TFCH97;2019-05-23;37,193723;;;9,0;7,5;8,5;9,5;7,5;9,0;9,0;8,0;2023-03-10 11:52:09.247
TFDIVV;2023-06-29;79,511758;3,0;592,214202848328;10,0;8,0;9,0;9,0;10,0;8,0;10,0;8,0;2024-11-18 08:42:24.000
TEZJPD;2015-01-09;900,753014;4,0;59012,8164745219;;;;;;;;;
TFEDUK;2025-01-22;;1,0;519,470654953845;;;;;;;;;
TFDODT;2023-04-28;1488,422661;;;10,0;8,0;8,0;9,0;8,0;8,0;9,0;9,0;2024-11-21 16:58:30.000
TD0010;2013-05-16;46,939779;;;10,0;9,0;8,5;9,25;7,5;9,25;8,5;8,0;2024-11-13 17:01:09.000
T03062;1997-08-20;6048,065861;7,0;139347,610130705;8,666666666666666;8,0;8,333333333333334;9,0;7,0;9,0;8,333333333333334;7,666666666666667;2022-03-18 00:00:00.000
TFEBF9;2024-09-24;1335,033397;1,0;3940,15359908752;;;;;;;;;
TCAQDH;2016-09-19;;;;;;;;;;;;
TFEDI5;2024-12-30;;1,0;89,0040681935971;;;;;;;;;
TEZEBG;2013-09-13;1993,693046;3,0;36459,4538003645;6,75;7,0;7,5;8,75;5,5;9,0;6,25;9,25;2024-05-20 15:32:38.000
T15393;1992-11-27;1973,485971;;;8,0;8,0;8,0;9,0;7,0;9,0;8,0;8,0;2021-09-23 15:49:00.000
TFDVJX;2024-08-29;121,861116;2,0;26008,4289677033;;;;;;;;;
TFEBQ6;2024-09-30;2188,538771;1,0;30169,894637925;;;;;;;;;
TFAIMQ;2016-12-30;857,656217;7,0;16155,5289613498;7,8;8,0;8,0;9,0;7,0;8,8;8,0;8,2;2023-10-20 11:51:54.000
T16658;2007-09-14;;;;9,0;8,0;8,0;9,0;7,0;9,0;8,0;8,0;2021-04-30 10:31:00.000
T75442;2007-10-19;46,197953;;;;;;;;;;;
TFDAFD;2022-01-14;;;;;;;;;;;;
TFDNNT;2023-05-31;81,946033;;;;;;;;;;;
TDCEUZ;2022-11-28;;;;;;;;;;;;
TB3744;2013-08-27;318,185497;;;8,857142857142858;7,428571428571429;8,428571428571429;9,0;6,428571428571429;9,142857142857142;8,0;8,0;2025-01-24 16:41:27.000
TEZFXH;2014-02-12;300,034705;;;9,0;8,333333333333334;8,333333333333334;8,666666666666666;7,0;9,0;8,0;8,0;2024-01-29 16:26:50.000
TB4332;2014-09-15;111,113477;;;8,5;8,0;7,5;9,0;7,0;8,0;7,5;8,5;2024-11-19 15:30:31.000
TFCV88;2021-03-17;418,368235;1,0;256,435299443105;;;;;;;;;
TFDGHO;2022-10-28;178,307839;;;10,0;10,0;9,0;8,0;7,0;7,0;10,0;6,0;2023-12-13 16:12:17.000
TFCRH2;2020-08-31;106,418385;;;;;;;;;;;
T84408;2009-01-10;;;;6,5;6,0;7,5;7,5;5,0;7,5;7,0;9,0;2025-02-14 11:43:11.000
TCAKMJ;2022-07-20;;;;;;;;;;;;
TDCD74;2022-02-24;;;;;;;;;;;;
TFECP4;2024-11-21;;1,0;120,70535660508;;;;;;;;;
TEZEDE;2013-09-26;755,743012;1,0;3576,74274120296;8,166666666666666;7,0;7,833333333333333;8,166666666666666;5,5;7,666666666666667;8,0;7,5;2023-02-16 19:25:57.487
TFDG01;2022-10-17;964,638731;;;5,0;8,0;8,0;9,0;7,0;9,0;8,0;9,0;2024-07-25 17:28:00.000
T98737;2010-03-31;8115,057632;2,0;152423,977520491;7,5;8,25;8,0;8,5;6,0;8,25;8,0;8,0;2024-12-04 14:50:01.000
TFDQTU;2023-11-30;32,104141;1,0;63,7472931271352;;;;;;;;;
TFEDJI;2025-01-06;;3,0;56,7562783242847;;;;;;;;;
T04467;1997-12-04;420,736557;1,0;224,221140432736;8,666666666666666;8,666666666666666;8,666666666666666;9,0;7,666666666666667;9,333333333333334;8,333333333333334;8,666666666666666;2024-03-26 14:59:01.000
TFCVTU;2021-04-28;45,276998;;;;;;;;;;;
TFDRKD;2024-01-19;33,419264;;;;;;;;;;;
T10952;2008-01-11;601,33486;;;7,5;6,0;7,5;9,0;5,0;9,0;5,5;7,0;2022-04-28 00:00:00.000
T81376;2010-01-28;482,932755;1,0;468,040663914714;8,5;8,0;8,0;9,0;7,0;9,0;8,0;8,0;2021-09-27 14:50:00.000
TFCC79;2018-11-06;;;;;;;;;;;;
TDCG8R;2021-03-17;;;;;;;;;;;;
T03154;1997-08-14;1738,233807;2,0;0,00840771473583952;8,666666666666666;8,333333333333334;8,333333333333334;8,666666666666666;7,0;8,666666666666666;8,333333333333334;7,666666666666667;2022-11-22 11:38:52.687
TFCMCE;2019-11-27;334,637717;;;;;;;;;;;
T25037;1993-02-24;828,223463;;;;;;;;;;;
T73747;2010-03-26;14849,775091;3,0;85323,4103021166;8,5;8,25;8,75;9,0;7,0;9,0;7,75;8,0;2024-10-16 15:52:56.000
TA3945;2005-03-11;163,614128;;;10,0;10,0;10,0;9,0;7,0;9,0;8,0;8,5;2024-03-27 15:12:17.000
T18100;2009-01-06;;;;;;;;;;;;
T49920;2006-08-02;714,029586;1,0;4235,7352183407;7,5;7,0;8,0;8,5;7,0;8,0;8,0;7,5;2022-05-26 00:00:00.000
T42506;2002-08-21;492,766826;;;7,5;7,5;8,0;7,5;7,5;9,0;8,0;9,0;2024-07-11 10:09:11.000
TDCEA2;2021-10-21;;;;;;;;;;;;
T14354;2005-10-31;1424,844155;1,0;0,00420385736791976;8,0;8,0;8,0;9,0;6,833333333333333;9,0;8,0;8,0;2024-10-29 14:05:12.000
TEXXYS;2012-05-23;;;;;;;;;;;;
TFDUPT;2024-06-28;680,635135;2,0;16417,0257050639;;;;;;;;;
TDCF86;2021-02-26;;;;;;;;;;;;
TFCJKV;2010-02-03;929,521958;;;10,0;10,0;8,333333333333334;8,666666666666666;8,666666666666666;8,666666666666666;10,0;9,333333333333334;2025-02-20 15:34:41.000
TDCEO1;2021-09-23;;;;;;;;;;;;
TFDVMR;2024-08-31;415,078787;2,0;4203,39494360929;;;;;;;;;
TDCCP9;2023-04-01;;;;;;;;;;;;
T46764;2004-11-30;712,827936;;;8,333333333333334;8,0;8,0;9,0;7,0;9,0;8,0;8,0;2023-11-28 14:23:54.000
TB2980;2014-11-05;327,124019;1,0;768,515573144147;9,0;7,8;8,2;9,6;6,8;8,8;7,6;8,0;2024-08-02 09:36:28.000
TFCYLH;2021-08-30;31,559198;1,0;0,0462424310471174;;;;;;;;;
TDCGY6;2018-09-27;;;;;;;;;;;;
T07885;2001-08-24;236,210541;1,0;1267,32426913467;1,0;8,0;8,0;0,0;0,0;9,0;0,0;8,0;2025-01-22 14:26:11.000
T76488;2009-10-21;;;;;;;;;;;;
TFDOPJ;2023-07-28;323,143077;;;8,0;7,5;8,0;9,5;8,0;8,0;7,5;8,0;2025-02-27 16:12:49.000
T17243;2008-02-13;345,052658;;;8,0;8,2;8,4;9,0;7,2;8,8;8,0;8,2;2024-12-03 14:22:20.000
TDCE06;2023-06-23;;;;;;;;;;;;
TEZUTH;2016-09-27;297,725207;;;10,0;9,0;10,0;9,0;9,0;9,0;8,0;8,0;2024-05-28 15:28:18.000
TFDSP1;2024-04-01;33,474475;1,0;36,4558510946002;;;;;;;;;
TFDRD6;2023-12-26;526,424535;;;;;;;;;;;
TFDSDD;2024-03-08;;1,0;0,00420385736791976;;;;;;;;;
T40259;2013-01-02;2486,284871;;;8,6;8,0;8,0;9,0;7,0;9,0;8,0;8,0;2023-04-20 19:41:20.247
T98613;2010-03-25;57,256817;;;8,5;8,5;8,0;9,0;6,5;9,5;8,0;7,0;2024-04-19 14:24:07.000
TFDEAG;2022-07-27;612,610517;;;10,0;10,0;10,0;8,0;8,0;9,0;10,0;8,0;2024-12-10 16:09:30.000
TDCF5T;2019-01-30;;;;;;;;;;;;
TB6218;2016-11-05;709,986236;1,0;0,00420385736791976;8,0;6,5;7,0;7,5;6,5;8,0;8,0;6,5;2022-11-30 12:57:59.173
TD0123;2013-09-05;204,066234;1,0;62,7762020751458;8,8;8,0;8,6;8,6;7,2;9,0;8,0;8,0;2023-12-20 17:04:15.000
TFCRF2;2020-09-24;226,952873;7,0;11989,1952242961;8,333333333333334;8,0;8,666666666666666;9,0;6,666666666666667;8,666666666666666;5,333333333333333;7,666666666666667;2024-10-25 11:09:14.000
T05821;1999-12-31;988,7361;1,0;29703,4094012364;6,0;8,0;8,0;7,0;4,0;8,0;8,0;5,0;2025-03-14 11:54:15.000
TDCE73;2022-07-21;;;;;;;;;;;;
T24898;2012-12-17;876,30738;2,0;27174,1922466864;;;;;;;;;
TAAK79;2010-12-27;13561,185803;;;8,5;5,75;5,75;9,25;5,75;9,0;7,0;6,75;2024-05-15 14:26:49.000
TFBLXB;2017-10-31;;;;;;;;;;;;
TFCXHC;2021-07-01;521,853688;;;7,333333333333333;10,0;10,0;10,0;8,0;9,666666666666666;9,0;7,333333333333333;2024-11-05 10:04:59.000
TFBSJX;2007-10-31;464,987775;;;;;;;;;;;
TDCGI0;2014-07-23;;;;;;;;;;;;
TA2591;2007-04-23;43,091639;2,0;129,134090627759;;;;;;;;;
TDCE3K;2018-09-05;;;;;;;;;;;;
TFBRQP;2018-01-05;933,950168;3,0;15937,2268520911;6,4;8,0;8,0;9,0;7,0;9,0;8,0;8,0;2022-11-08 13:00:24.740
T37248;2010-08-31;1132,529775;1,0;0,00420385736791976;8,4;8,0;7,8;9,0;7,0;9,2;7,4;7,6;2024-09-09 14:22:25.000
TFEEO6;2025-02-28;;1,0;1462,20248513932;;;;;;;;;
T16927;2015-09-02;1814,078858;;;3,5;7,5;8,0;9,0;6,5;8,0;8,0;7,5;2022-12-23 13:34:54.770
T49499;2006-04-27;253,652433;;;8,666666666666666;6,666666666666667;7,0;9,333333333333334;8,666666666666666;9,0;8,0;8,333333333333334;2024-10-04 09:30:26.000
TEZLRL;2015-07-31;289,396526;;;10,0;8,0;8,0;9,0;7,0;9,0;8,0;8,0;2019-04-01 15:34:00.000
TC2177;2017-11-30;53,782749;;;;;;;;;;;
TD3499;2023-08-18;;;;;;;;;;;;
TB0718;2012-08-05;378,144485;;;8,25;7,0;7,25;8,75;7,25;8,5;8,0;8,0;2024-02-26 10:01:22.000
TFDNP8;2018-09-04;1774,152786;1,0;66815,2346033841;;;;;;;;;
T08807;2007-02-26;1007,142455;1,0;74795,4548796225;7,0;8,0;8,0;5,0;7,0;10,0;8,0;8,0;2024-01-08 10:47:11.000
TFDSM8;2024-03-28;337,737471;2,0;17228,4836812214;;;;;;;;;
TFDBBF;2021-12-21;;;;;;;;;;;;
T52235;2011-09-30;885,147671;1,0;2414,81338013941;;;;;;;;;
TFDBL6;2022-03-22;1008,81887;1,0;6057,76687488711;;;;;;;;;
T76719;2009-10-13;2070,752548;6,0;101473,667626327;10,0;8,0;9,0;9,5;7,0;9,0;8,0;8,5;2022-08-26 19:58:06.170
TFBXY4;2015-09-22;156,754281;;;6,5;8,0;9,0;9,0;6,5;7,5;8,0;6,5;2023-03-21 13:46:33.087
TFDNOI;2023-05-31;;;;;;;;;;;;
TAAOJH;2014-09-19;246,602899;;;9,0;7,75;7,75;9,25;7,25;8,75;8,0;8,0;2022-05-30 00:00:00.000
TFCVXB;2021-04-30;49,325259;1,0;62,4314857709764;;;;;;;;;
TDCG1O;2020-01-14;;;;;;;;;;;;
TFBOHB;2014-02-19;212,308645;1,0;163,315654886315;8,0;8,0;8,0;10,0;7,0;8,0;8,0;5,0;2022-05-09 00:00:00.000
TDCD6L;2014-09-09;;;;;;;;;;;;
TFBXLM;2013-01-18;90,781588;;;;;;;;;;;
TB4582;2021-03-10;181,884092;;;8,0;6,0;8,0;8,0;4,0;4,0;8,0;7,0;2022-05-26 00:00:00.000
T58234;2013-07-05;575,833892;2,0;6081,56070758954;9,0;8,0;8,0;9,0;7,0;9,0;8,0;8,0;2020-05-08 11:09:00.000
TFBKJ3;2019-08-30;32,116441;;;8,5;8,5;9,5;9,5;8,0;9,0;8,5;8,0;2023-08-04 10:06:17.000
T31489;2013-03-04;1096,995178;1,0;6853,96064494164;9,142857142857142;8,285714285714286;8,285714285714286;9,142857142857142;7,571428571428571;9,285714285714286;8,714285714285714;8,857142857142858;2024-04-25 08:36:36.000
TDCC61;2022-02-14;;;;;;;;;;;;
T02421;1996-10-09;;;;;;;;;;;;
T84612;2009-06-18;621,38356;;;9,0;8,0;8,0;9,0;7,0;8,0;8,0;8,0;2024-01-22 10:02:08.000
T94476;2010-01-29;127,327872;;;10,0;8,666666666666666;8,666666666666666;7,666666666666667;7,0;9,333333333333334;9,333333333333334;4,0;2024-08-12 13:49:39.000
TFDQH8;2023-10-31;14,953443;;;;;;;;;;;
TFDTQ4;2024-04-29;1172,151848;4,0;48414,6944686999;;;;;;;;;
TEXVGX;2012-05-11;231,654583;3,0;98667,8534723974;8,0;8,333333333333334;8,0;8,0;6,666666666666667;9,333333333333334;7,666666666666667;8,333333333333334;2023-05-12 17:23:23.947
TFDNY3;2023-06-26;131,720756;;;10,0;8,0;8,0;10,0;7,0;5,0;10,0;7,0;2025-02-20 16:11:22.000
TEXK90;2011-08-31;145,046691;;;8,8;8,8;8,8;8,8;7,2;8,0;8,4;8,6;2024-12-09 13:39:37.000
TFDVRR;2024-09-17;104,949018;1,0;3437,38486945642;;;;;;;;;
TFDOJB;2023-07-19;186,222679;1,0;615,16726407717;10,0;9,0;8,0;10,0;9,0;9,0;9,0;9,0;2024-10-18 11:09:12.000
TFBNWM;2017-07-27;122,373317;;;10,0;10,0;9,0;9,0;7,0;10,0;9,0;10,0;2024-11-21 14:59:32.000
T53501;2011-06-22;;1,0;147,13921173456;;;;;;;;;
TFDCK2;2022-05-16;30,273324;;;;;;;;;;;
TFBYF1;2017-08-29;82,655755;1,0;343,875532695836;;;;;;;;;
TEZBOG;2010-08-31;965,657657;;;8,0;8,0;8,0;8,0;8,0;8,0;8,0;8,0;2025-01-24 18:16:30.000
TFBW84;2018-03-28;853,318241;;;7,0;8,0;8,0;9,0;7,0;9,0;8,0;8,0;2019-04-16 11:09:00.000
TEXKEW;2011-12-26;;;;;;;;;;;;
TEZOUH;2016-06-20;;;;8,0;8,0;8,0;9,0;7,0;9,0;8,0;8,0;2021-12-16 14:42:00.000
T00151;1994-03-01;175,290512;;;;;;;;;;;
TDCD1Q;2020-06-30;;;;;;;;;;;;
TFCFUN;2019-03-29;;;;9,333333333333334;8,0;7,666666666666667;9,333333333333334;6,333333333333333;9,666666666666666;8,0;8,0;2025-01-10 15:19:40.000
TFCXBZ;2021-06-28;559,579981;;;0,0;1,0;5,0;5,0;0,0;8,0;0,0;4,0;2024-05-28 17:11:58.000
TDCDG2;2021-10-18;;;;;;;;;;;;
T16677;2007-08-31;314,881528;3,0;37135,3163571197;8,5;8,0;8,0;8,0;7,0;9,0;8,0;8,0;2024-07-31 16:06:47.000
TEZGID;2014-03-24;;;;;;;;;;;;
TDC8BD;2022-08-26;;;;;;;;;;;;
T76921;2009-12-16;;;;;;;;;;;;
TFBWU0;2018-04-25;44,671421;;;;;;;;;;;
TFDJFT;2023-03-30;1138,300079;;;;;;;;;;;
TEXKM7;2011-12-23;991,455031;1,0;1311,73802222674;;;;;;;;;
TFCSM8;2020-11-11;87,067706;;;;;;;;;;;
TFCIA2;2019-06-28;;;;7,333333333333333;7,666666666666667;8,666666666666666;9,0;7,0;9,0;7,666666666666667;8,666666666666666;2023-05-29 20:40:31.977
TDCGYP;2023-10-27;;;;;;;;;;;;
TDCC59;2023-01-05;;;;;;;;;;;;
TDCC44;2023-06-15;;;;;;;;;;;;
T76762;2007-08-24;533,038907;2,0;5172,91795680052;8,666666666666666;8,666666666666666;8,666666666666666;9,0;7,0;8,666666666666666;7,333333333333333;7,333333333333333;2024-01-10 15:35:52.000
TFBOGH;2016-02-25;;;;;;;;;;;;
TEZGB2;2014-03-07;727,640104;1,0;25440,7568841689;9,333333333333334;7,666666666666667;7,666666666666667;8,333333333333334;7,0;8,666666666666666;8,0;8,0;2024-08-29 16:46:54.000
TFCKY0;2021-12-13;229,155272;3,0;5035,89322589317;;;;;;;;;
TEF006;2018-12-17;141,990186;;;;;;;;;;;
TFBKS2;2017-07-27;1988,403902;;;8,0;7,0;7,0;7,0;8,0;8,0;7,0;7,0;2024-04-05 15:02:20.000
TFBKBH;2006-11-22;147,755686;1,0;60,7163119648651;9,0;8,0;8,0;9,0;7,0;9,0;8,0;8,0;2021-09-03 15:32:00.000
TB5891;2016-08-15;173,119942;;;9,0;8,0;8,0;9,0;7,0;9,0;9,0;8,0;2024-06-14 10:40:09.000
TFBX81;2018-04-30;33,708186;;;;;;;;;;;
TFDJCY;2022-07-05;1493,338054;;;;;;;;;;;
T57089;2008-08-07;171,48058;;;;;;;;;;;
TFCBJU;2017-05-18;77,500368;;;6,75;7,25;7,25;9,25;7,25;9,25;8,5;7,5;2023-06-26 11:20:19.000
TFCGOQ;2019-04-30;702,560769;1,0;0,00840771473583952;9,333333333333334;9,0;9,666666666666666;9,333333333333334;6,333333333333333;9,0;7,666666666666667;8,0;2024-10-24 13:47:12.000
TB3482;2013-04-10;304,343585;;;9,5;8,5;9,0;9,5;7,5;9,5;8,0;8,0;2024-11-25 14:43:11.000
TDCER9;2012-04-03;;;;;;;;;;;;
TEYSXM;2013-03-12;665,172821;;;;;;;;;;;
TFCSI4;2010-11-25;276,911194;;;9,333333333333334;9,333333333333334;9,333333333333334;10,0;8,0;7,333333333333333;9,333333333333334;8,0;2025-01-30 11:09:14.000
T02519;1996-12-05;161,341782;;;;;;;;;;;
TDC851;2021-09-27;;;;;;;;;;;;
TDCH2V;2021-11-16;;;;;;;;;;;;
TFCHKQ;2019-06-05;49,427641;;;;;;;;;;;
TFBTVK;2018-05-07;83,113286;;;;;;;;;;;
TB3336;2012-10-25;188,794264;;;7,25;7,75;8,0;9,0;7,25;9,0;8,0;8,75;2024-05-06 16:56:54.000
TFCTQD;2020-12-29;562,642113;1,0;403,763684759221;9,0;8,5;8,5;9,0;7,0;9,0;7,5;8,0;2022-11-07 14:15:57.003
TC6234;2013-10-16;122,93146;;;;;;;;;;;
TFDDKT;2022-06-28;;;;;;;;;;;;
TEVVOR;2010-10-01;17,443205;;;9,25;8,5;8,5;9,25;7,75;9,25;8,25;8,5;2022-04-19 00:00:00.000
T50456;2016-01-12;705,735428;;;10,0;5,0;5,0;6,0;5,0;5,0;5,0;8,0;2024-01-02 10:02:55.000
T28475;2012-06-27;;;;9,166666666666666;8,166666666666666;8,666666666666666;9,166666666666666;8,333333333333334;9,0;8,0;8,333333333333334;2025-03-19 15:38:25.000
TFDOR7;2023-07-31;106,957449;;;;;;;;;;;
TDCE9C;2024-07-30;;1,0;109,422203429583;;;;;;;;;
TDC1KY;2009-09-01;440,27269;1,0;3275,13699434156;8,0;5,0;7,0;8,0;7,0;7,0;10,0;10,0;2024-11-12 14:57:43.000
TDCGOH;2024-01-02;;;;;;;;;;;;
TEZSP1;2016-08-26;506,742021;;;;;;;;;;;
TFDTW4;2024-05-14;25,363272;2,0;342,639598629668;;;;;;;;;
TFDP20;2023-08-22;;;;;;;;;;;;
TDCDPC;2023-09-22;;;;;;;;;;;;
TFBXLA;2007-04-23;55,392598;1,0;227,445499033931;;;;;;;;;
TFDMBJ;2023-04-28;483,622039;;;0,0;0,0;8,0;0,0;0,0;0,0;0,0;0,0;2025-03-12 16:18:55.000
TDCFPS;2021-03-19;;;;;;;;;;;;
TDCE6O;2020-08-20;;;;;;;;;;;;
T05948;2009-10-27;872,33925;;;;;;;;;;;
TB0715;2013-01-05;161,077544;;;9,6;8,8;8,8;9,6;7,4;9,2;8,4;8,2;2024-03-26 17:52:31.000
T05563;2011-01-10;156,7593;;;9,666666666666666;8,666666666666666;9,0;9,666666666666666;7,833333333333333;9,5;8,333333333333334;8,0;2025-02-24 15:14:28.000
T14390;1990-02-19;623,199068;;;9,0;8,0;8,0;10,0;5,0;8,0;8,0;9,0;2024-01-15 10:15:22.000
TFDAP2;2022-01-31;;;;;;;;;;;;
T22247;2010-01-11;611,286769;;;8,75;7,75;7,75;8,0;6,5;7,0;6,5;6,5;2023-06-28 14:24:48.000
T75274;2009-11-09;3784,421591;1,0;15103,7448671832;8,0;8,0;8,0;9,0;8,0;8,0;8,0;9,0;2025-03-19 15:35:10.000
TFCWUB;2021-06-16;24,915269;;;;;;;;;;;
TFEESO;2025-03-07;;1,0;4142,78793193599;;;;;;;;;
TEZDEH;2013-06-27;1039,03243;4,0;8688,36845757921;9,0;7,75;8,5;9,5;5,5;9,5;7,25;8,0;2023-02-27 19:11:53.850
TDCEEJ;2023-05-31;;;;;;;;;;;;
TEZBN5;2013-01-18;1824,992037;5,0;15485,909132786;8,4;8,0;8,0;8,6;7,0;8,6;8,2;7,8;2024-12-02 17:31:40.000
TEVVM8;2010-05-18;2306,395598;1,0;0,00420385736791976;7,833333333333333;7,833333333333333;8,166666666666666;8,5;7,5;8,666666666666666;8,0;8,0;2025-02-24 13:34:21.000
TDCDRN;2014-08-14;;;;;;;;;;;;
TDCA3L;2021-04-09;;1,0;970,119960937475;;;;;;;;;
T47965;2007-02-06;844,018513;1,0;12099,7608769298;7,0;7,8;8,0;9,0;7,0;9,0;8,0;8,0;2023-03-31 19:25:12.517
TFBTEA;2018-01-31;;;;;;;;;;;;
TEZDO1;2010-01-15;721,803392;3,0;77749,8333529344;9,0;7,285714285714286;6,857142857142857;9,428571428571429;7,428571428571429;9,142857142857142;8,571428571428571;8,714285714285714;2024-07-03 16:53:40.000
TFDPUY;2023-09-28;55,381616;;;;;;;;;;;
TFDGWT;2022-11-28;334,506978;1,0;1349,64420411327;10,0;10,0;10,0;10,0;10,0;10,0;8,0;10,0;2024-10-24 14:09:14.000
TDCELL;2023-07-24;;;;;;;;;;;;
TEZO53;2012-03-27;140,0315;;;;;;;;;;;
TDC014;2013-03-01;264,950373;;;8,0;6,5;7,5;8,0;5,5;7,5;8,0;8,0;2025-03-17 11:07:58.000
TFDO54;2023-06-29;;;;;;;;;;;;
TFBKDW;2017-06-12;2679,121695;;;9,0;8,0;8,0;9,0;7,0;9,0;8,0;8,0;2019-06-25 10:31:00.000
TFDJPV;2023-04-19;187,02599;;;;;;;;;;;
TFCMP6;2019-08-26;306,305174;;;;;;;;;;;
TEZCPQ;2013-04-30;117,093277;;;;;;;;;;;
TFECUM;2024-11-29;;2,0;420,011593486231;;;;;;;;;
TDC0PH;2019-12-01;266,058413;;;;;;;;;;;
T17436;2002-12-09;1754,485707;2,0;7096,03136375856;6,666666666666667;8,666666666666666;8,0;8,0;6,0;8,0;8,0;8,666666666666666;2025-01-17 17:34:38.000
TDCGLH;2022-05-02;;;;;;;;;;;;
T07665;2001-07-18;;;;9,0;7,333333333333333;8,333333333333334;8,666666666666666;7,333333333333333;9,666666666666666;8,666666666666666;9,0;2024-08-29 13:46:57.000
TFDEDV;2022-07-29;253,553611;3,0;3611,9878813756;10,0;10,0;10,0;10,0;7,0;9,0;10,0;10,0;2023-10-11 11:16:30.000
TAAFYX;2010-10-28;412,376116;1,0;27773,7800153581;;;;;;;;;
TDC9RK;2022-11-28;732,521678;1,0;353,342619488392;;;;;;;;;
TD0078;2010-08-24;207,326888;;;9,0;9,0;9,0;9,25;6,75;9,5;8,0;7,25;2023-06-12 10:18:45.000
TCBBAU;2024-11-19;73,886997;1,0;1290,03350663617;;;;;;;;;
TDCGJ9;2018-01-24;;;;;;;;;;;;
T24293;1992-09-04;1091,947378;1,0;1316,7616317814;;;;;;;;;
TFDVCE;2024-08-05;3369,967166;3,0;83217,0507524909;8,0;10,0;8,0;10,0;10,0;9,0;10,0;8,0;2025-03-24 16:31:30.000
TFDNZ1;2023-06-26;83,264868;4,0;316,315043791754;;;;;;;;;
T45331;2003-12-18;788,739221;1,0;3441,35751466911;10,0;8,0;8,0;9,0;7,0;9,0;8,0;8,0;2021-08-27 10:00:00.000
T23009;2010-12-23;584,554667;;;8,75;7,75;8,25;8,5;8,0;9,0;8,5;8,25;2024-07-01 15:51:03.000
TCAGYB;2018-05-17;64,175439;;;8,0;9,0;9,0;9,0;8,0;9,0;9,0;8,0;2022-09-27 19:35:09.960
TDCG7L;2022-02-21;;;;;;;;;;;;
T58490;2009-01-13;333,352816;1,0;51,2071865986306;9,0;7,5;8,0;9,0;7,0;8,5;9,0;9,0;2023-05-22 17:48:37.430
TFBXUB;2013-06-04;;;;;;;;;;;;
TFDUDK;2024-06-05;33,557291;1,0;36,4558510946002;;;;;;;;;
TFDUQH;2024-06-28;933,750941;3,0;25845,7943377106;;;;;;;;;
TFCWLD;2021-05-31;348,240937;2,0;4148,77422482791;7,666666666666667;5,666666666666667;7,333333333333333;5,0;7,0;8,666666666666666;2,0;8,0;2024-11-08 15:50:58.000
TFCZQI;2021-10-25;;;;;;;;;;;;
TFBJZF;2017-05-22;137,882317;;;8,0;8,0;8,333333333333334;9,0;7,0;9,333333333333334;8,666666666666666;8,0;2024-12-03 14:11:07.000
TA3893;2002-08-26;;;;;;;;;;;;
T01085;2012-05-17;186,573018;1,0;171,517380611126;8,0;9,0;8,0;8,5;7,0;9,0;8,0;8,0;2025-01-27 14:18:16.000
TFDBIH;2022-03-18;16,534565;2,0;407,774164688217;;;;;;;;;
TB0487;2013-11-05;753,39857;2,0;7837,96594676535;7,75;7,5;8,5;9,5;8,0;8,25;7,5;8,5;2024-04-22 14:30:41.000
TFBO69;2016-09-05;;;;;;;;;;;;
TFDORV;2023-07-31;821,649554;2,0;33901,2006029743;8,0;8,0;10,0;9,0;7,0;9,0;10,0;9,0;2024-10-11 11:23:02.000
TFCPNW;2020-05-27;71,002724;;;;;;;;;;;
TFDVM6;2024-08-30;675,183423;2,0;2434,57150976863;;;;;;;;;
T08223;2010-01-04;2807,96698;3,0;9826,63010166137;8,0;7,0;7,5;9,0;8,5;8,5;8,0;8,0;2024-08-14 16:45:41.000
TFDABY;2022-01-31;;1,0;6436,93379018663;;;;;;;;;
TFCA40;2016-10-01;398,60334;10,0;19597,8281400694;10,0;8,0;8,0;10,0;9,0;10,0;10,0;8,0;2023-07-25 14:32:23.000
T15086;2006-05-08;2347,377061;2,0;22817,7138370243;;;;;;;;;
TFBYGF;2010-06-01;151,531983;;;10,0;10,0;8,0;10,0;10,0;9,0;8,0;5,0;2024-05-21 14:17:23.000
TFDVGK;2024-08-19;334,956348;2,0;4280,35075658643;;;;;;;;;
TCAYQ5;2012-03-02;;;;;;;;;;;;
T40977;2001-11-30;359,744081;;;8,333333333333334;8,333333333333334;8,333333333333334;8,333333333333334;7,333333333333333;8,166666666666666;7,5;8,166666666666666;2024-10-31 15:45:30.000
TB3756;2013-10-13;345,687758;;;8,0;6,5;8,333333333333334;7,166666666666667;6,333333333333333;8,0;8,166666666666666;7,666666666666667;2025-03-12 13:44:50.000
TFCQTL;2020-07-31;138,912855;;;0,0;0,0;0,0;9,0;3,0;8,0;5,0;5,0;2023-10-09 16:08:09.000
TB4128;2016-05-14;182,168147;;;9,333333333333334;7,333333333333333;8,0;8,0;7,333333333333333;8,666666666666666;8,0;7,333333333333333;2025-03-12 17:40:07.000
TFDB46;2022-02-25;133,490774;;;10,0;10,0;10,0;10,0;0,0;10,0;10,0;8,0;2024-08-23 11:13:57.000
TAA672;2010-08-31;600,14164;3,0;8293,87427831625;8,5;8,0;8,0;8,5;4,25;9,0;9,0;8,25;2024-06-04 11:05:19.000
TEZL01;2015-05-25;114,342292;;;;;;;;;;;
TCANUZ;2016-08-24;171,02693;;;;;;;;;;;
TFDPXS;2023-09-29;70,098526;5,0;1589,2766856568;;;;;;;;;
T18071;2006-10-04;955,063456;;;9,0;8,333333333333334;8,333333333333334;8,0;6,666666666666667;9,0;7,333333333333333;9,0;2024-04-19 08:33:13.000
TFDTMF;2024-04-22;127,664422;1,0;1867,79905171096;;;;;;;;;
TFDQF6;2023-11-06;33,782585;;;;;;;;;;;
TDCGNF;2025-02-28;;1,0;15563,2474967836;;;;;;;;;
TFBLAI;2017-08-30;;;;;;;;;;;;
TDCHCQ;2024-10-10;;1,0;344,531334445232;;;;;;;;;
T52473;2009-11-23;1470,813686;2,0;0,00840771473583952;8,0;8,0;8,0;9,0;7,0;9,0;8,0;8,0;2020-03-04 12:13:00.000
TFBWSY;2018-04-24;;;;;;;;;;;;
TEWEF8;2012-08-06;222,819308;4,0;2329,33214442013;9,142857142857142;8,0;8,428571428571429;8,714285714285714;6,857142857142857;9,142857142857142;8,571428571428571;8,428571428571429;2024-04-02 15:54:50.000
TFDNVV;2023-06-23;;;;;;;;;;;;
TFDOMM;2023-07-26;27,629011;1,0;101,535767007366;;;;;;;;;
TFCWN5;2019-12-05;78,090628;;;;;;;;;;;
TEZOWF;2016-06-30;626,3915;2,0;0,016815429471679;7,166666666666667;7,666666666666667;8,0;9,0;5,833333333333333;8,833333333333334;7,833333333333333;8,166666666666666;2024-12-02 10:04:48.000
TDC9WV;2022-10-10;;;;;;;;;;;;
TDCENP;2024-01-23;;;;;;;;;;;;
T16313;1996-04-30;351,393664;2,0;0,00840771473583952;8,666666666666666;7,5;6,833333333333333;8,166666666666666;6,333333333333333;8,0;8,666666666666666;7,666666666666667;2024-11-22 11:30:26.000
TFBJR5;2017-03-30;167,791663;;;9,0;7,666666666666667;8,5;9,333333333333334;7,666666666666667;9,166666666666666;8,166666666666666;8,166666666666666;2024-11-08 15:28:48.000
TFDCWN;2022-05-31;52,183936;;;;;;;;;;;
TAAHTC;2011-09-16;1307,597809;2,0;2030,8876982994;;;;;;;;;
TFCZH7;2021-10-04;895,756037;6,0;20489,5503649525;;;;;;;;;
TFBZGS;2018-06-06;527,814301;5,0;24311,8235995862;5,5;6,5;6,5;8,0;7,5;8,5;8,0;7,5;2024-08-13 14:38:06.000
TFCZOA;2021-10-21;158,891795;1,0;1190,96960776114;6,0;2,0;4,0;9,0;8,0;9,0;8,0;10,0;2023-08-22 09:24:33.000
TFCHBU;2019-05-27;51,197027;;;9,0;7,0;7,5;10,0;9,0;9,0;7,5;8,0;2023-05-02 13:33:44.827
TCAMFE;2022-06-30;;;;;;;;;;;;
TCAVJ1;2012-07-17;;;;;;;;;;;;
TDCFJ9;2021-04-29;;;;;;;;;;;;
T08539;2001-12-19;619,7566;;;;;;;;;;;
TFDEMR;2022-08-13;;;;;;;;;;;;
TDCC5O;2021-01-13;;;;;;;;;;;;
TFCFUL;2019-03-29;141,090083;4,0;3342,29781965144;;;;;;;;;
T35475;1999-08-06;276,8162;;;10,0;10,0;10,0;8,0;8,0;10,0;10,0;10,0;2022-04-04 00:00:00.000
T54071;2008-06-06;151,599989;;;;;;;;;;;
TFCABC;2018-08-24;56,22945;;;10,0;8,0;9,0;9,5;7,5;9,5;9,0;8,0;2024-05-24 09:11:07.000
TFEE01;2025-01-31;;1,0;3883,92700679159;;;;;;;;;
T07422;2012-07-06;156,577444;;;8,0;7,5;8,0;9,25;6,75;8,75;8,0;8,0;2023-11-08 14:12:47.000
TDCCJC;2023-07-21;;;;;;;;;;;;
T84693;2010-07-01;1002,73875;3,0;61943,317037984;7,0;6,5;6,5;4,5;4,5;7,0;8,0;6,5;2023-11-06 10:27:45.000
TFBLG2;2016-02-03;1697,923783;2,0;3719,0096822481;;;;;;;;;
T32403;2013-09-03;134,70714;2,0;16961,7657466563;4,0;8,0;8,0;9,0;7,0;9,0;8,0;8,5;2024-11-13 17:29:00.000
TDCF3J;2024-07-29;;1,0;76,5312233829792;;;;;;;;;
T09514;2002-04-11;1102,75413;2,0;2673,22449254544;7,6;7,6;7,8;8,8;6,0;8,4;7,8;7,8;2025-01-27 11:07:03.000
TFDAMP;2022-01-28;4131,90276;;;;;;;;;;;
TFCX80;2021-06-20;;2,0;1029,89460885193;;;;;;;;;
TFEEXR;2025-03-21;;1,0;4170,1214125422;;;;;;;;;
TDCF7S;2023-06-15;;;;;;;;;;;;
T43460;2013-04-05;1070,066728;2,0;0,00840771473583952;7,0;8,0;8,0;9,0;7,0;9,0;8,0;8,0;2021-12-14 10:36:00.000
TFBSVT;2018-01-29;243,404585;5,0;8296,22843844229;5,0;8,0;8,0;9,0;7,0;9,0;8,0;8,0;2020-05-19 16:24:00.000
TEXHN8;2011-11-11;31,124549;;;9,75;8,25;9,0;9,0;7,75;9,25;8,75;8,25;2023-05-22 14:01:20.647
T80605;2007-12-25;109,181649;;;8,2;7,0;7,4;9,2;7,4;9,0;7,6;8,2;2024-11-19 10:20:45.000
TDC1IY;2025-02-21;82,321389;1,0;137,07517719576;;;;;;;;;
TDCA2L;2021-11-12;;;;;;;;;;;;
TFDGKO;2022-10-31;596,089899;2,0;4344,89678261347;9,0;8,0;8,0;9,0;9,0;9,0;10,0;10,0;2024-10-31 10:58:07.000
TFDNOJ;2023-05-31;;;;;;;;;;;;
TA3260;2009-08-15;120,228942;;;9,0;8,0;9,333333333333334;8,333333333333334;8,333333333333334;9,666666666666666;8,0;9,0;2024-06-28 14:41:49.000
T55970;1996-06-11;1535,451493;4,0;22654,4864631428;;;;;;;;;
TDCGVQ;2024-02-01;;;;;;;;;;;;
TFDDJ8;2022-06-28;313,716587;;;;;;;;;;;
TDCD69;2022-07-29;;;;;;;;;;;;
TDCET0;2022-05-12;;;;;;;;;;;;
T14072;2015-09-02;543,262709;;;8,0;8,166666666666666;8,0;8,833333333333334;7,0;8,666666666666666;8,0;8,0;2024-03-28 10:25:05.000
TFDED0;2022-07-29;276,111543;10,0;109263,306028791;9,5;8,0;8,0;10,0;8,0;8,5;9,0;9,0;2024-12-03 16:32:04.000
TDCEN1;2019-08-29;;;;;;;;;;;;
TFDRVS;2024-02-20;;1,0;870,026117007305;;;;;;;;;
TEVP48;2012-05-22;568,604749;;;8,25;8,0;7,75;8,75;7,5;7,75;7,75;7,5;2023-09-26 11:28:07.000
T60230;2008-09-28;;;;;;;;;;;;
TFCOKA;2020-02-28;703,92419;4,0;81598,2083379655;;;;;;;;;
TFEC01;2024-11-13;46,300817;1,0;946,918872123926;;;;;;;;;
T22870;2005-07-29;804,979062;2,0;296,21640171573;8,833333333333334;7,666666666666667;7,833333333333333;9,333333333333334;8,0;7,5;7,333333333333333;8,166666666666666;2024-08-14 16:57:11.000
TFBKZP;2017-08-17;;;;;;;;;;;;
TAAOGF;2011-02-16;;;;;;;;;;;;
TFBZGV;2018-06-07;2186,60049;2,0;0,00840771473583952;10,0;8,333333333333334;8,666666666666666;8,833333333333334;5,166666666666667;9,5;9,0;9,0;2024-08-16 15:06:34.000
TFDVH0;2024-08-21;41,891671;1,0;683,942370616337;;;;;;;;;
TDCGLK;2024-01-19;;;;;;;;;;;;
TFDFT5;2022-09-30;;;;;;;;;;;;
TFDSKA;2024-03-27;430,403347;1,0;27100,3136573026;;;;;;;;;
TB4726;2015-04-15;;;;8,75;7,75;7,75;9,25;7,25;9,25;8,0;7,5;2022-06-15 12:45:53.000
TDCFUZ;2024-08-22;;1,0;421,100392544522;;;;;;;;;
TDCGSP;2024-08-09;;3,0;1798,4984630008;;;;;;;;;
T98882;2010-04-19;323,974156;;;7,75;6,0;6,0;9,0;6,5;8,25;8,0;7,5;2024-09-10 10:11:12.000
TFCIWG;2019-07-31;;;;;;;;;;;;
T10022;2005-02-16;122,932793;;;7,75;7,75;8,25;8,5;7,0;9,0;8,0;8,5;2024-04-26 14:41:53.000
TDCH83;2024-03-25;;1,0;240,910454183378;;;;;;;;;
TAAK82;2012-07-31;5373,083115;2,0;15116,768417309;10,0;10,0;10,0;10,0;7,0;9,0;8,0;10,0;2024-10-09 16:46:16.000
TFCEQL;2019-02-07;;;;8,0;8,0;8,0;9,0;7,0;9,0;8,0;8,0;2021-08-03 16:05:00.000
TFCREU;2020-08-25;166,981418;;;8,666666666666666;8,0;8,0;8,0;8,333333333333334;9,0;8,0;8,0;2023-07-03 11:01:01.000
TFDUQR;2024-06-28;519,849002;1,0;4823,68250596059;;;;;;;;;
TFCIF9;2019-07-10;2898,473677;;;8,166666666666666;7,5;7,666666666666667;8,833333333333334;7,166666666666667;9,0;8,0;7,0;2024-04-02 17:38:22.000
TA2896;2012-04-09;94,762739;;;;;;;;;;;
TFCWE0;2021-05-18;355,577163;2,0;3802,16618484292;7,0;3,5;4,0;8,0;7,0;8,5;7,0;6,0;2024-05-13 15:21:16.000
T51693;2012-10-31;2085,273297;4,0;13184,9782487435;7,666666666666667;8,0;8,0;9,0;7,0;8,333333333333334;7,0;8,0;2024-09-09 14:14:30.000
TFBKKT;2021-04-16;36,8536;;;7,5;2,0;7,5;9,5;6,0;9,0;9,0;8,0;2024-02-05 09:54:23.000
TDCE25;2024-06-14;;1,0;96,1926642927399;;;;;;;;;
T94480;2010-01-22;101,74887;;;9,5;9,0;9,0;9,5;8,0;9,5;9,0;9,0;2023-07-05 14:51:57.000
TFAH29;2022-07-12;847,745078;;;9,0;8,0;8,0;8,0;7,333333333333333;7,666666666666667;8,666666666666666;9,0;2025-03-25 11:40:35.000
TEF548;2018-03-13;;;;;;;;;;;;
T61924;2011-03-21;;1,0;0,00420385736791976;;;;;;;;;
T36732;1999-12-22;3525,674356;2,0;47572,1531711641;9,6;8,6;8,8;9,4;6,8;9,4;8,6;8,6;2023-10-11 14:53:38.000
TDCFMJ;2021-06-15;;;;;;;;;;;;
TB1169;2014-05-05;431,994989;;;10,0;10,0;9,5;9,25;9,75;9,5;8,0;10,0;2025-01-10 11:06:48.000
T35768;2016-06-02;;;;;;;;;;;;
TCAN66;2010-01-21;258,746774;;;;;;;;;;;
TA3030;2013-09-04;91,598257;1,0;87,8353958453155;8,0;3,0;7,0;9,0;7,0;5,0;5,0;7,0;2024-07-30 10:05:57.000
TEZUT1;2019-03-29;443,73493;;;7,666666666666667;7,666666666666667;8,0;9,0;6,0;8,333333333333334;7,0;7,666666666666667;2024-12-06 14:41:17.000
TFCB10;2018-09-28;873,461315;;;9,25;8,0;8,0;8,25;6,5;9,25;8,25;8,25;2024-04-02 15:58:32.000
TDC9V3;2021-12-09;;;;;;;;;;;;
TFDE87;2022-07-26;;;;;;;;;;;;
TFEEPH;2025-02-28;;1,0;25183,5228518259;;;;;;;;;
T89953;2009-11-16;;;;;;;;;;;;
TDC1FK;2006-08-01;796,33798;;;7,666666666666667;8,333333333333334;10,0;9,0;4,333333333333333;8,666666666666666;7,333333333333333;5,666666666666667;2024-11-07 14:02:27.000
TFDQX3;2023-11-30;86,712695;4,0;4753,70930007156;9,0;8,0;8,0;8,0;9,0;9,0;8,0;9,0;2024-04-12 10:18:28.000
TFCDZI;2019-01-11;1817,856625;2,0;13570,7242008239;9,75;8,5;8,5;9,25;7,5;9,25;8,5;8,5;2024-04-08 14:22:34.000
TFDAEU;2022-05-31;730,76425;;;;;;;;;;;
TFDATM;2022-02-23;13,888897;1,0;20,3971159491467;;;;;;;;;
TDCFYK;2017-11-30;;;;;;;;;;;;
TFDVTE;2024-09-19;;1,0;588,914174814511;;;;;;;;;
TFDSST;2024-04-10;54,291288;1,0;63,7472931271352;;;;;;;;;
TB5745;2016-08-01;392,304829;;;;;;;;;;;
TDCCQ0;2017-11-14;;;;;;;;;;;;
T39512;2011-10-18;342,33746;2,0;64,6301031743984;8,75;8,75;9,25;9,0;8,25;9,75;8,5;8,75;2024-12-02 18:08:22.000
TFECXX;2024-12-02;;1,0;610,484166969308;;;;;;;;;
TFCIVL;2019-07-31;2646,570242;;;8,5;7,25;8,0;8,5;7,0;8,5;7,75;8,5;2023-10-24 11:25:11.000
TFBTHK;2018-02-07;411,815944;1,0;281,561754931162;7,2;7,8;7,8;8,6;6,4;9,0;7,2;8,0;2024-09-25 15:41:17.000
TB1856;2013-04-25;455,779851;2,0;14826,1389420352;4,5;6,0;6,0;9,0;6,25;9,0;8,0;8,0;2022-12-28 14:07:28.207
TFDTSB;2024-04-30;981,326351;1,0;11849,4632092438;;;;;;;;;
TFCDJL;2018-12-12;193,43349;1,0;123,841434201548;;;;;;;;;
TFDSEL;2024-03-13;553,678248;2,0;8192,94386676987;;;;;;;;;
T16698;2005-05-31;;2,0;0,00840771473583952;;;;;;;;;
TFCVYK;2021-04-30;346,166016;;;8,5;8,0;8,0;9,0;7,0;9,0;8,0;8,0;2023-07-12 14:45:11.000
TFDJ02;2023-03-16;28,951685;1,0;36,4558510946002;;;;;;;;;
TFDOKV;2023-07-21;255,832207;;;7,0;5,0;9,0;8,0;3,0;7,0;10,0;8,0;2024-12-02 16:56:12.000
TFDRLI;2024-01-24;29,769148;;;;;;;;;;;
TEXFDS;2011-10-26;225,806525;;;8,0;9,0;7,5;9,5;7,5;9,0;8,5;8,0;2025-01-24 14:56:37.000
TEWBP2;2011-03-28;777,872425;;;9,0;7,5;8,0;9,5;5,0;9,0;4,5;7,0;2022-06-01 18:44:02.000
TDCCUM;2022-01-26;;;;;;;;;;;;
T09817;2002-11-25;347,838349;;;10,0;8,0;10,0;10,0;9,0;10,0;9,0;10,0;2024-05-22 15:59:24.000
TFCY17;2021-08-03;34,625394;;;;;;;;;;;
TFCODW;2020-02-20;518,448585;;;9,0;8,0;8,5;9,0;8,0;8,5;8,5;8,0;2023-06-30 09:57:11.000
TC8613;2011-05-14;224,980637;;;;;;;;;;;
TEZNI8;1999-06-14;1768,850945;3,0;16247,8708922936;;;;;;;;;
T10982;2006-04-10;176,047787;;;9,0;8,0;8,0;9,5;7,5;8,5;9,0;9,0;2024-07-23 13:48:42.000
TFEDJ6;2024-12-31;1314,426088;1,0;84493,8505161329;;;;;;;;;
TFDIUN;2023-03-07;27,657871;;;;;;;;;;;
TDCG72;2015-09-25;;;;;;;;;;;;
TA2973;2002-09-01;131,05978;;;;;;;;;;;
T60480;2013-06-26;2037,904286;1,0;19227,5734023898;0,0;8,0;8,0;9,0;7,0;9,0;8,0;8,0;2023-05-02 11:18:16.077
TEVVPK;2010-10-01;904,314334;2,0;708,055696478725;7,666666666666667;8,333333333333334;8,666666666666666;9,0;7,0;9,0;8,0;8,333333333333334;2022-06-01 19:16:05.000
TDCAA7;2023-01-27;;;;;;;;;;;;
TEWBIY;2011-02-25;184,95418;;;9,0;8,333333333333334;8,333333333333334;8,833333333333334;7,0;8,666666666666666;8,166666666666666;8,0;2024-11-27 16:40:25.000
T06583;2000-12-18;2715,514696;;;9,0;7,5;7,5;8,5;6,5;8,5;8,0;8,0;2023-02-06 12:01:48.653
TDCHA2;2020-07-09;;;;;;;;;;;;
T08492;2002-02-21;1248,323954;1,0;4442,6112432734;10,0;10,0;10,0;10,0;7,0;10,0;10,0;8,0;2024-08-23 10:00:14.000
TDCDMR;2022-06-30;;;;;;;;;;;;
TDCF9D;2021-06-22;;;;;;;;;;;;
TEZFIT;2013-12-17;345,095887;;;10,0;10,0;10,0;9,0;10,0;10,0;8,0;8,0;2022-11-30 14:20:25.883
TFBUAI;2018-03-13;382,369571;1,0;246,404895763249;8,333333333333334;7,0;7,0;9,0;7,0;8,0;6,333333333333333;8,0;2024-07-19 13:44:18.000
TFCZR4;2021-10-26;1163,511662;;;10,0;8,0;8,0;9,0;9,0;9,0;3,0;7,5;2024-11-25 09:26:28.000
TFCGV0;2019-07-08;;;;7,0;1,0;7,0;10,0;5,0;9,0;8,0;6,0;2022-05-11 00:00:00.000
TFDPVI;2023-09-29;103,070709;2,0;1106,0600966439;;;;;;;;;
TDCCQ9;2018-09-13;;;;;;;;;;;;
TDCFH8;2021-08-03;;;;;;;;;;;;
T33428;1996-09-05;1434,201555;;;1,0;5,0;6,0;1,0;1,0;1,0;0,0;8,0;2024-10-24 15:44:15.000
TFDGMZ;2022-11-07;27,450218;;;;;;;;;;;
TFCICA;2019-07-03;22,492641;;;;;;;;;;;
TB4864;2015-07-17;54,188906;;;;;;;;;;;
TDCFPG;2022-11-11;;;;;;;;;;;;
TDCE1T;2018-10-11;;;;;;;;;;;;
TDCA1A;2021-11-29;;;;;;;;;;;;
T08383;2001-12-09;1089,614938;1,0;14014,1765029936;8,0;10,0;8,0;10,0;10,0;7,0;10,0;10,0;2024-12-18 08:35:25.000
TDCDLC;2021-07-05;;;;;;;;;;;;
TFDU82;2024-05-28;;1,0;1006,47912331261;;;;;;;;;
TFDBMC;2022-03-23;518,109117;;;;;;;;;;;
TDCG6D;2019-06-04;;;;;;;;;;;;
TB2448;2014-06-01;395,565488;2,0;8878,49211090075;4,333333333333333;7,666666666666667;8,333333333333334;9,0;7,0;9,0;8,0;8,0;2024-06-18 16:19:36.000
TB2307;2012-05-05;2056,706173;;;8,666666666666666;5,333333333333333;7,666666666666667;9,333333333333334;8,0;10,0;7,666666666666667;7,0;2025-03-13 15:55:19.000
TDCE4Q;2022-01-25;;;;;;;;;;;;
T81649;2010-01-19;3019,109731;2,0;86940,0961378122;10,0;6,666666666666667;7,333333333333333;7,0;6,0;6,333333333333333;8,0;8,0;2025-03-26 15:08:48.000
TA3134;2012-07-11;50,766104;;;;;;;;;;;
TA3743;2011-03-17;108,04088;;;10,0;10,0;8,0;9,0;7,0;10,0;8,0;8,0;2023-04-12 13:33:32.383
TFD181;2021-11-17;;;;;;;;;;;;
TCAWRC;2011-11-22;1050,394348;;;;;;;;;;;
T08203;2001-11-29;;;;8,0;8,0;8,0;9,0;7,0;9,0;8,0;8,0;2019-08-14 16:08:00.000
T06654;2000-09-30;170,180606;;;;;;;;;;;
TEZKL6;2010-03-11;;;;7,4;6,6;6,8;9,4;7,4;9,4;8,4;9,0;2024-07-03 15:16:09.000
TFECY7;2024-12-03;769,398383;1,0;1234,13901907231;;;;;;;;;
TFDOYM;2023-08-17;;;;;;;;;;;;
TDCGDS;2017-12-31;;1,0;1501,87428712038;;;;;;;;;
T96701;2010-03-11;435,77816;2,0;3381,00273443788;10,0;8,0;8,0;10,0;9,0;10,0;8,0;10,0;2024-06-27 17:11:06.000
TFDBYW;2022-04-12;25,787071;1,0;3100,34480884082;;;;;;;;;
TFDG18;2022-10-17;72,596736;;;;;;;;;;;
TFDUZ8;2024-07-30;53,283236;3,0;1939,53367383714;;;;;;;;;
TB1067;2007-03-28;683,489;;;9,0;8,5;9,0;9,5;7,5;9,0;9,0;9,0;2022-03-29 00:00:00.000
TFCRA6;2020-08-17;3362,958259;4,0;86890,3182627187;7,5;8,0;8,0;9,0;7,0;9,0;8,0;8,0;2021-11-19 09:35:00.000
TFDRFJ;2023-12-29;759,109926;;;;;;;;;;;
TFDPZK;2023-10-06;29,121889;;;;;;;;;;;
T20139;2013-01-22;776,803316;;;8,0;8,0;8,0;9,0;7,0;9,0;8,5;8,25;2023-11-29 16:11:20.000
TDCFNF;2023-11-01;;;;;;;;;;;;
TFAIKM;2016-12-26;1443,845481;1,0;21,0234906969667;9,0;7,666666666666667;8,0;9,333333333333334;6,666666666666667;9,333333333333334;7,333333333333333;8,666666666666666;2024-10-04 11:56:50.000
T76342;2011-02-25;1107,541181;;;8,333333333333334;8,666666666666666;8,333333333333334;9,333333333333334;7,333333333333333;9,0;8,333333333333334;8,0;2023-01-17 12:44:10.563
TFCPU0;2020-06-05;233,690167;;;10,0;7,333333333333333;8,666666666666666;9,666666666666666;7,0;8,333333333333334;8,666666666666666;9,333333333333334;2024-03-11 09:15:35.000
TEZASZ;2012-10-31;111,564368;;;;;;;;;;;
TB0835;2013-07-05;337,494149;;;10,0;5,0;6,333333333333333;10,0;5,0;9,0;10,0;10,0;2024-06-14 11:29:32.000
TFDUMM;2024-06-27;60,060198;1,0;216,725662745735;;;;;;;;;
TDCH8Z;2023-06-19;;1,0;35,5310024736578;;;;;;;;;
TFBLP9;2017-10-04;;;;8,333333333333334;8,0;8,0;9,0;7,0;9,0;8,0;8,0;2021-01-14 11:44:00.000
TC2565;2021-09-29;;;;;;;;;;;;
TB3142;2013-06-15;281,984145;;;8,0;9,0;7,0;10,0;7,0;10,0;9,0;5,0;2024-07-11 17:22:07.000
TDCGSB;2022-01-05;;;;;;;;;;;;
TDCFHF;2020-04-24;;;;;;;;;;;;
TB2329;2017-08-31;74,050947;;;;;;;;;;;
TDC9RS;2022-10-31;;;;;;;;;;;;
TFDOYN;2023-08-17;49,392586;4,0;172,446433089436;;;;;;;;;
TDC522;2021-10-01;;1,0;550,810411631687;;;;;;;;;
TDC85B;2021-11-12;;;;;;;;;;;;
TA3249;2011-01-13;120,468021;;;;;;;;;;;
TDCF3S;2024-02-01;;;;;;;;;;;;
TDCEPI;2022-01-14;;;;;;;;;;;;
TFAAZF;2016-11-29;515,594428;2,0;27682,7328724837;7,8;8,8;8,4;9,4;7,2;9,2;8,0;8,4;2025-02-06 16:31:36.000
TFDQFV;2023-10-31;106,484353;;;10,0;8,0;8,0;9,0;7,0;9,0;8,0;8,0;2024-02-23 15:07:15.000
TFCRO0;2020-10-30;393,245633;1,0;464,198338280436;;;;;;;;;
TDCABS;2023-03-17;;;;;;;;;;;;
TCAHOI;2015-08-11;;;;;;;;;;;;
TD0718;2017-10-26;;;;2,5;8,0;8,0;9,0;7,0;9,0;8,0;8,0;2021-07-06 16:54:00.000
TDCC7H;2019-07-10;;;;;;;;;;;;
TDCDU1;2019-08-12;;;;;;;;;;;;
TDCG9F;2022-10-28;;;;;;;;;;;;
TFDEE4;2022-07-29;60,245129;;;;;;;;;;;
TDCDGY;2020-07-31;;;;;;;;;;;;
TFCKJQ;2019-09-27;733,869158;;;8,666666666666666;8,0;7,666666666666667;8,0;7,333333333333333;8,666666666666666;7,666666666666667;7,333333333333333;2024-02-06 15:04:21.000
TFDVIW;2024-08-27;27,02292;1,0;225,167008340518;;;;;;;;;
TEZMWQ;2010-11-17;66,750248;2,0;1054,60067860319;7,5;8,25;8,25;9,25;7,5;9,25;8,0;9,0;2023-03-22 13:40:16.603
TEZIG1;2014-09-22;52,051242;;;7,0;6,2;6,2;9,2;6,0;9,2;8,4;8,0;2024-07-18 15:13:07.000
TDCHAS;2024-09-30;;1,0;235,638817044006;;;;;;;;;
TFDR02;2024-01-15;67,823381;4,0;324,920339823886;;;;;;;;;
T51520;2010-12-17;487,270077;;;10,0;9,666666666666666;9,333333333333334;9,0;8,333333333333334;9,0;8,666666666666666;8,666666666666666;2025-02-03 15:18:21.000
TFDBT7;2022-03-31;1204,140831;;;8,0;8,0;10,0;8,0;7,0;9,0;7,0;8,0;2024-08-07 15:59:06.000
TDCEDN;2022-01-18;;;;;;;;;;;;
T27050;2010-10-29;234,639527;;;8,5;8,0;8,0;9,0;7,0;9,0;8,0;8,0;2021-09-17 16:16:00.000
TFDVRV;2024-09-17;148,915761;1,0;2678,3531985343;;;;;;;;;
TFCZFS;2021-09-30;547,327095;;;7,0;8,0;8,0;9,0;7,0;9,0;8,0;8,0;2023-10-24 13:57:22.000
TFCXO2;2021-07-12;;;;;;;;;;;;
T15034;2006-05-11;751,73912;1,0;0,00420385736791976;8,0;7,0;7,0;6,0;7,0;7,0;8,0;8,0;2024-11-12 11:35:43.000
T56348;1994-06-16;1226,897799;5,0;8088,61253461283;7,75;8,0;8,0;8,75;7,0;8,75;7,5;7,5;2022-11-22 11:18:06.653
TEYSW3;2024-04-03;;1,0;0,00420385736791976;;;;;;;;;
T27772;1999-11-24;;;;8,0;8,0;9,0;10,0;8,0;10,0;8,0;8,0;2022-11-07 16:46:39.237
TFBJZK;2009-01-20;1326,522063;2,0;9832,26327053438;8,0;8,0;8,0;9,0;7,0;9,0;8,0;8,0;2021-10-27 17:16:00.000
TDCFCL;2022-01-20;;;;;;;;;;;;
TFDSXV;2025-02-27;;1,0;51915,124587103;;;;;;;;;
T76135;2010-11-22;2134,689921;1,0;1041,71585577052;7,5;7,5;7,75;8,25;6,75;8,0;7,75;7,75;2022-11-16 12:29:18.693
T77784;2020-12-17;4453,443299;1,0;0,00840771473583952;7,0;7,0;8,0;8,0;3,0;5,0;7,0;6,0;2025-03-05 15:16:38.000
TFBZWB;2018-06-29;297,385412;1,0;210,201276110724;5,0;4,0;2,5;4,5;4,5;9,5;7,0;6,5;2023-04-10 20:45:56.337
TEVVHT;2010-08-30;2381,445316;1,0;0,00420385736791976;9,0;8,0;8,0;9,0;7,0;9,0;8,0;8,0;2021-12-17 09:43:00.000
TDCCBC;2024-07-08;;1,0;120,209301435666;;;;;;;;;
TFCETU;2019-02-12;983,836991;;;1,25;5,75;6,0;4,75;3,0;4,25;6,25;9,0;2024-12-02 17:50:21.000
TFDRKK;2024-01-19;59,822992;;;;;;;;;;;
T03108;2008-12-15;819,116416;1,0;7505,82758384075;8,0;6,666666666666667;7,666666666666667;7,666666666666667;5,666666666666667;7,666666666666667;8,0;8,0;2024-04-03 14:52:54.000
TB1733;2010-03-05;575,193849;1,0;1255,09524805139;8,0;8,0;8,0;9,0;8,0;10,0;9,0;9,0;2023-10-03 10:43:46.000
TEZATG;2009-12-01;1310,096055;5,0;42826,7422855368;8,333333333333334;7,0;7,0;8,0;6,666666666666667;8,333333333333334;7,666666666666667;8,0;2024-09-27 10:36:06.000
TFBNA1;2024-01-04;;1,0;567,520744669168;;;;;;;;;
TDCEGZ;2021-08-16;;;;;;;;;;;;
TFDUZI;2024-07-26;1154,448363;1,0;7589,45071460341;;;;;;;;;
TDCGM8;2023-10-30;;;;;;;;;;;;
TFECRG;2024-11-26;;1,0;0,00420385736791976;;;;;;;;;
TFDQV1;2023-11-30;638,602308;2,0;5826,40758464365;10,0;7,0;8,0;8,0;8,0;9,0;9,0;9,0;2025-03-07 10:11:19.000
TFDJKJ;2023-04-04;43,350177;1,0;52,1992969374597;;;;;;;;;
TFDUL2;2024-07-11;34,719875;2,0;692,362696924281;;;;;;;;;
TFDHRH;2022-12-30;125,289963;;;;;;;;;;;
TB4852;2015-09-25;611,068639;;;9,0;8,0;9,0;9,4;7,6;9,4;9,2;9,0;2024-10-28 15:47:08.000
TEYVXH;2012-08-31;571,967104;3,0;65,4540592185107;5,0;7,0;7,0;8,0;6,0;9,0;8,0;8,0;2023-10-23 10:21:18.000
T07947;2009-10-23;265,692178;2,0;25336,072427993;7,333333333333333;7,666666666666667;8,333333333333334;6,333333333333333;8,333333333333334;9,666666666666666;7,0;7,666666666666667;2024-12-19 09:57:22.000
T48195;2012-03-30;673,68317;1,0;49,7148172330191;8,666666666666666;7,666666666666667;7,5;8,666666666666666;6,166666666666667;8,833333333333334;7,5;8,0;2024-12-03 17:46:41.000
T60589;2010-06-10;278,073202;;;4,666666666666667;6,333333333333333;6,333333333333333;7,0;7,333333333333333;8,666666666666666;7,0;7,0;2023-04-13 12:57:24.040
T76382;2011-03-21;552,61789;;;8,0;8,0;8,4;8,6;6,8;8,6;6,4;6,8;2024-10-24 17:23:11.000
T58124;2009-02-13;614,034546;;;6,857142857142857;7,571428571428571;7,571428571428571;9,0;6,428571428571429;7,285714285714286;8,0;6,428571428571429;2024-10-30 16:26:11.000
TDCC2K;2021-04-05;;;;;;;;;;;;
T84843;2010-09-02;51,420982;;;9,0;8,0;9,0;9,0;7,0;8,0;8,0;8,0;2024-05-10 11:37:50.000
TFDOCD;2023-06-30;279,32153;;;;;;;;;;;
TFDFDV;2022-09-12;;;;;;;;;;;;
TFC557;2012-10-01;;;;;;;;;;;;
TCBIEK;2014-05-22;50,968167;1,0;63,7472931271352;;;;;;;;;
TDC9WL;2020-06-22;1206,370439;;;;;;;;;;;
TDCE4E;2020-11-13;;;;;;;;;;;;
TAABP6;2010-09-21;1811,698439;4,0;5158,70891889695;7,0;7,0;7,5;8,5;7,0;9,0;7,5;8,0;2024-04-30 16:23:41.000
TFBTVB;2018-03-05;;;;;;;;;;;;
TEXVJD;2012-05-03;347,016514;;;7,5;5,5;6,5;7,5;6,0;8,0;9,0;8,0;2024-09-23 15:36:32.000
T17271;2008-01-07;553,380644;;;8,75;7,75;7,75;8,5;6,5;8,5;7,5;8,25;2023-11-29 10:41:56.000
TD4616;2019-04-15;159,443201;5,0;319,07277422511;;;;;;;;;
T54522;2002-10-29;;2,0;939,124920563803;;;;;;;;;
T15172;2006-06-26;1188,196822;3,0;17649,2729883207;8,75;7,25;7,25;8,5;5,75;8,75;7,25;7,0;2024-11-29 16:06:38.000
TA3155;2007-12-13;134,33948;1,0;692,896586810007;8,0;9,5;10,0;9,5;9,0;9,0;8,0;9,0;2023-06-15 17:06:20.000
TFDHQF;2022-12-29;822,929135;;;;;;;;;;;
TB2818;2018-12-12;;;;3,0;8,0;8,0;9,0;7,0;9,0;8,0;8,0;2021-11-03 17:22:00.000
TA3887;2007-08-29;150,727904;;;7,666666666666667;7,0;8,333333333333334;6,666666666666667;5,0;9,0;8,666666666666666;8,333333333333334;2025-03-07 10:38:00.000
TFBUH5;2018-03-23;28,142499;;;10,0;8,0;8,0;9,0;7,0;9,0;8,0;8,0;2022-03-03 15:25:00.000
TEZGYJ;2014-05-16;213,809417;2,0;30275,8612705981;7,333333333333333;5,0;5,0;9,666666666666666;5,666666666666667;7,666666666666667;5,0;6,666666666666667;2024-12-03 16:54:39.000
TFEDHL;2024-12-30;746,687627;1,0;16671,4431529704;;;;;;;;;
TDC83O;2020-08-25;;;;;;;;;;;;
TDCFA3;2024-05-23;;1,0;92,3461348010934;;;;;;;;;
TA3179;2011-07-12;;;;;;;;;;;;
TFED36;2024-12-12;49,395324;1,0;197,606519436436;;;;;;;;;
TFDVLZ;2024-08-30;;1,0;5028,18755533778;;;;;;;;;
TD0505;2014-09-30;28,142499;;;9,75;8,75;8,5;9,25;7,75;9,25;8,5;9,0;2023-11-23 09:26:11.000
TEZHIL;2014-07-18;5185,933249;2,0;0,00840771473583952;4,75;6,5;8,0;9,25;5,75;9,25;6,25;6,0;2023-08-02 17:36:27.000
TFDQYJ;2024-06-26;520,889941;1,0;4060,55207410474;;;;;;;;;
TEZIK1;2014-09-30;1182,447799;2,0;1964,43312102733;9,4;7,6;8,0;9,8;7,0;9,2;8,4;9,0;2024-10-18 15:01:15.000
TFCX90;2021-06-24;;;;;;;;;;;;
TFDETN;2023-01-27;217,814133;;;;;;;;;;;
TB5656;2019-06-28;64,428318;;;;;;;;;;;
TDCH3X;2023-08-04;;;;;;;;;;;;
TFCWY8;2021-06-22;191,740036;;;8,0;8,0;9,0;8,0;7,0;7,0;7,0;7,0;2024-03-01 14:14:06.000
TDCFHT;2023-01-31;;;;;;;;;;;;
TFCDE1;2018-12-05;114,416709;;;;;;;;;;;
TDC868;2022-04-28;;;;;;;;;;;;
TFDAKP;2022-01-25;;;;;;;;;;;;
T09935;1991-04-23;879,211734;2,0;0,0126115721037593;10,0;7,5;8,5;7,5;6,0;9,75;9,5;10,0;2025-03-25 15:44:13.000
TEZJF4;2014-12-18;74,824805;2,0;9105,79467878417;7,5;7,25;6,75;8,0;5,5;8,25;7,75;7,75;2024-12-10 11:27:54.000
TDCG1E;2020-04-28;;;;;;;;;;;;
TB3168;2014-10-10;144,641554;;;7,5;8,0;9,5;9,5;5,0;7,0;6,5;7,0;2024-05-17 15:42:59.000
TFECVG;2024-11-29;487,214924;1,0;3010,69334661257;;;;;;;;;
TB6709;2017-11-10;235,503858;1,0;7607,16997340919;9,0;6,5;8,0;9,0;6,5;8,5;8,0;8,0;2022-05-03 00:00:00.000
TFDGFI;2023-04-05;2011,716535;;;;;;;;;;;
T21668;2009-12-29;116,397906;1,0;7634,33950357806;9,833333333333334;7,5;8,333333333333334;9,166666666666666;6,5;9,0;8,333333333333334;7,333333333333333;2024-04-22 08:56:40.000
T15927;2010-07-22;;3,0;2230,8189508603;7,6;7,0;8,0;9,4;6,2;9,0;8,2;7,8;2024-05-23 11:13:14.000
T60716;2008-05-05;;;;2,0;8,0;8,0;9,0;7,0;9,0;0,0;8,0;2022-07-28 17:19:46.020
TFDRVH;2024-02-19;95,296541;;;;;;;;;;;
TEZAS9;2012-10-31;117,478704;1,0;3443,44262792359;9,333333333333334;7,333333333333333;9,333333333333334;10,0;8,333333333333334;8,333333333333334;8,333333333333334;8,333333333333334;2024-05-22 15:24:07.000
TDCG7J;2019-11-01;;;;;;;;;;;;
TF6011;2016-11-09;88,686932;1,0;3222,54253481151;9,666666666666666;9,333333333333334;9,333333333333334;10,0;7,0;9,333333333333334;7,666666666666667;9,0;2024-08-28 15:04:02.000
TEZOF5;2005-12-28;286,777636;;;;;;;;;;;
T13454;2005-03-22;646,232228;2,0;0,00840771473583952;10,0;8,0;8,0;9,0;7,0;9,0;10,0;10,0;2024-06-21 09:05:42.000
TEZMW2;2015-10-30;253,302065;1,0;12823,2237106619;9,0;8,0;8,0;9,0;7,0;9,0;8,0;8,0;2022-05-12 00:00:00.000
TFDJM3;2023-04-10;1485,241886;;;;;;;;;;;
TEZKN7;2015-04-28;341,845268;1,0;2237,4232107853;8,333333333333334;8,0;7,666666666666667;9,333333333333334;6,666666666666667;8,666666666666666;7,666666666666667;8,666666666666666;2023-05-09 20:37:50.357
TFBLSW;2017-10-20;;;;7,5;6,0;10,0;9,0;7,0;8,0;9,0;8,5;2024-07-01 10:27:24.000
TFDUZR;2024-07-26;840,939133;1,0;10556,7056030333;;;;;;;;;
TFCUDT;2021-01-29;;;;9,5;9,5;9,5;10,0;8,5;10,0;9,0;9,0;2024-06-12 12:14:48.000
TFEEUK;2025-03-14;;1,0;616,853010881706;;;;;;;;;
TFDSKR;2024-03-27;54,77591;1,0;66,9716517283297;;;;;;;;;
T00546;1994-07-08;147,877167;;;;;;;;;;;
TFEE30;2025-01-31;796,740271;1,0;6510,9637184357;;;;;;;;;
T45825;2012-06-11;;;;;;;;;;;;
TFCKOA;2019-09-30;760,850514;;;8,0;7,25;8,25;8,5;5,75;8,25;7,5;8,25;2024-09-16 15:12:06.000
TDCG5U;2022-09-23;;;;;;;;;;;;
TFCWD9;2019-09-06;254,254548;;;;;;;;;;;
TFDJIH;2020-11-30;1643,182317;1,0;1157,61620340406;9,0;9,0;10,0;9,0;5,0;9,0;8,0;10,0;2024-07-29 14:27:58.000
TFCJYG;2009-09-21;174,712762;;;8,0;8,0;8,0;9,0;7,0;9,0;8,0;8,0;2021-11-04 16:23:00.000
T02984;1997-09-09;54,392028;1,0;0,0;8,0;8,0;8,0;9,0;7,0;9,0;8,0;8,0;2019-11-04 17:58:00.000
TFEEI3;2025-03-10;;2,0;223,489669250718;;;;;;;;;
TFCRKY;2020-09-04;187,188498;;;;;;;;;;;
TFDGK2;2022-10-31;252,557977;8,0;6650,3131824675;8,5;7,5;7,5;8,0;7,5;8,0;7,0;8,0;2024-10-29 15:36:28.000
TFDIG8;2023-02-02;;;;;;;;;;;;
TFDBD6;2022-12-23;1027,867515;1,0;2283,90526170239;;;;;;;;;
TEVVM7;2010-10-21;517,302542;;;7,0;8,0;8,0;9,0;7,0;9,0;8,0;8,0;2019-07-16 14:12:00.000
TB3655;2013-08-20;173,401534;;;6,333333333333333;7,5;8,0;9,333333333333334;5,833333333333333;7,666666666666667;8,333333333333334;8,666666666666666;2025-03-12 10:48:57.000
TDCA6Y;2021-06-18;;;;;;;;;;;;
T06148;2000-07-11;1598,695728;;;;;;;;;;;
TB4659;2015-09-05;703,888172;;;5,6;5,6;5,6;7,6;6,8;8,0;8,4;6,4;2024-09-04 10:36:37.000
TDC1J9;2009-04-01;609,755073;;;9,0;8,25;8,0;9,25;7,5;8,5;7,75;7,75;2024-10-25 14:32:38.000
TFECAJ;2024-10-31;1689,39365;1,0;34278,9718376276;;;;;;;;;
TDCEJT;2021-01-14;;;;;;;;;;;;
TFDSSQ;2024-04-09;253,757442;1,0;3075,66816609113;;;;;;;;;
TDCD4U;2020-03-29;;;;;;;;;;;;
TFCS32;2020-10-08;65,409934;;;8,0;8,0;8,0;9,0;8,0;8,0;8,0;8,0;2022-05-27 00:00:00.000
TFEDUO;2025-01-23;;1,0;213,913282166597;;;;;;;;;
TFCSWJ;2020-11-27;210,811068;;;;;;;;;;;
TB4090;2014-04-05;291,36515;1,0;4258,42343655536;7,75;7,5;8,25;9,5;6,25;8,0;8,0;8,0;2024-08-15 15:01:24.000
TFAIK3;2016-12-23;306,065586;2,0;13958,0508032745;8,333333333333334;8,0;8,0;9,333333333333334;6,666666666666667;9,333333333333334;7,0;8,666666666666666;2025-03-17 17:06:04.000
TEZFFN;2013-12-12;;;;8,4;8,0;7,8;8,8;7,0;8,6;8,0;8,0;2023-09-05 11:09:25.000
TFCOGG;2020-02-26;887,607073;2,0;7296,42083677256;8,0;8,0;8,0;9,0;7,0;9,0;8,0;8,0;2024-10-30 15:06:08.000
TFDRTK;2024-02-09;;;;;;;;;;;;
T50869;2011-10-31;1292,929227;4,0;17751,8807389568;;;;;;;;;
TCAQU6;2016-11-14;;;;;;;;;;;;
TDC8HE;2022-12-30;;;;;;;;;;;;
TAA669;2010-08-26;;;;8,0;8,0;7,6;8,0;6,2;8,4;6,6;8,8;2025-03-19 14:51:31.000
T11387;2004-01-12;883,194538;2,0;0,0210192868395988;9,0;8,166666666666666;8,166666666666666;8,666666666666666;7,666666666666667;8,833333333333334;8,166666666666666;8,333333333333334;2024-05-22 15:41:32.000
TDCG8F;2013-12-12;;;;;;;;;;;;
TFDVRC;2024-09-13;;1,0;1471,9554342329;;;;;;;;;
TDC1NV;2020-06-01;1568,301899;6,0;10724,1242227107;9,333333333333334;8,666666666666666;8,666666666666666;9,333333333333334;7,333333333333333;8,666666666666666;9,0;8,0;2024-12-06 13:48:45.000
TDCE1N;2022-02-10;;;;;;;;;;;;
TFEDC4;2024-12-17;527,176325;1,0;529,828959508399;;;;;;;;;
T75178;2010-05-20;;;;;;;;;;;;
TDCD56;2021-05-27;;;;;;;;;;;;
TFCQTM;2020-07-31;241,793231;;;8,0;7,0;9,0;9,5;8,0;10,0;10,0;8,0;2024-12-20 08:31:35.000
T16544;2012-10-19;422,172316;4,0;489,156639473775;;;;;;;;;
T12096;2006-12-29;2084,915866;;;9,0;8,333333333333334;8,333333333333334;7,333333333333333;8,333333333333334;8,666666666666666;8,0;8,333333333333334;2025-01-22 11:02:58.000
TDCGSD;2022-02-01;;;;;;;;;;;;
TFDQHK;2023-10-31;612,767161;;;7,0;6,0;8,0;9,0;5,0;9,0;6,0;8,0;2024-01-18 16:31:59.000
TDCDKL;2022-07-29;;;;;;;;;;;;
T02436;1999-12-01;;;;;;;;;;;;
T79638;2011-12-01;6697,034993;1,0;2717,49951834437;;;;;;;;;
T84013;2010-12-20;;;;9,0;8,0;8,666666666666666;8,333333333333334;7,333333333333333;8,0;8,0;8,0;2022-11-16 17:12:26.417
TB1491;2008-10-15;544,241979;7,0;27771,4384668042;5,666666666666667;7,0;7,666666666666667;8,333333333333334;6,0;7,5;7,833333333333333;6,333333333333333;2025-01-20 10:01:54.000
TFCTOJ;2020-12-24;;;;;;;;;;;;
T33051;2011-11-07;555,74829;9,0;32457,7010792648;7,75;7,5;8,5;8,5;6,5;8,75;7,75;8,25;2024-02-02 15:29:12.000
T83963;2011-06-14;140,794075;2,0;331,011729150002;9,0;9,0;8,0;9,0;4,0;9,0;8,0;8,0;2023-03-29 18:54:18.823
TFCXGL;2021-06-30;3304,718337;2,0;0,00840771473583952;;;;;;;;;
TEZBBC;2012-12-07;;;;10,0;8,5;8,5;9,5;8,5;9,0;8,5;9,0;2023-03-23 19:00:35.320
TEZFZ5;2014-02-20;1483,8277;3,0;2071,69874562717;8,0;7,0;8,5;9,5;7,0;9,0;9,0;7,0;2024-08-16 10:49:52.000
TEXSJH;2012-03-16;1677,095611;;;7,0;7,8;7,8;8,4;7,0;8,8;8,0;8,0;2024-03-15 15:53:10.000
TDCA5K;2023-08-16;;;;;;;;;;;;
TFCXPE;2021-07-19;1104,34834;5,0;24799,2692691112;;;;;;;;;
TEYYW2;2012-09-24;102,893612;;;9,0;8,0;9,0;8,0;7,0;9,5;8,0;7,0;2023-10-27 13:58:26.000
TDCGFW;2014-12-09;;;;;;;;;;;;
TFCKR0;2019-10-01;167,652105;1,0;260,28603279212;10,0;9,0;9,5;10,0;9,0;10,0;10,0;9,5;2023-05-03 18:45:28.057
TFDEMF;2022-08-12;520,354165;;;6,0;8,0;8,0;6,0;5,0;9,0;4,0;8,0;2024-09-24 16:01:06.000
TFDGR2;2023-02-27;;;;;;;;;;;;
TDCDSN;2023-08-02;;;;;;;;;;;;
TFEDIV;2024-12-30;1375,570793;1,0;4148,15625779482;;;;;;;;;
TDCCWU;2021-12-17;;;;;;;;;;;;
TFEBWS;2024-10-16;82,51191;1,0;251,264554880564;;;;;;;;;
TA4428;2007-05-25;465,909631;;;;;;;;;;;
T06096;2001-09-14;254,893453;;;8,833333333333334;7,833333333333333;8,166666666666666;8,666666666666666;7,666666666666667;8,5;8,333333333333334;7,833333333333333;2025-02-24 15:27:17.000
TA6163;2010-06-30;197,164629;;;9,0;8,666666666666666;8,666666666666666;9,333333333333334;7,333333333333333;9,333333333333334;8,666666666666666;8,666666666666666;2024-07-05 15:02:08.000
TEZEJA;2010-07-21;476,992378;2,0;5137,00860716375;9,0;8,0;8,333333333333334;9,0;7,0;8,0;8,333333333333334;7,666666666666667;2024-11-13 11:52:26.000
TDCGUK;2020-04-08;;;;;;;;;;;;
TEZGDJ;2014-03-13;;;;;;;;;;;;
T49150;2021-02-19;67,804079;;;10,0;9,0;10,0;10,0;9,0;10,0;10,0;10,0;2024-03-25 14:40:51.000
T56361;1989-07-07;699,510406;2,0;0,0126115721037593;9,0;8,0;8,857142857142858;9,285714285714286;6,857142857142857;9,142857142857142;8,0;8,428571428571429;2024-08-23 14:36:05.000
TFBXGX;2023-07-31;;;;;;;;;;;;
TFEDC1;2024-12-17;545,1316;1,0;4048,18012187096;;;;;;;;;
TEZHCN;2014-05-30;472,333424;;;;;;;;;;;
T76650;2018-12-07;;1,0;1318,3212628649;;;;;;;;;
TDCDN6;2024-06-06;;1,0;120,087389571996;;;;;;;;;
TDCGIU;2023-06-01;;;;;;;;;;;;
T02424;1997-09-05;317,682081;;;9,75;8,25;8,375;9,25;7,875;8,375;9,0;9,0;2025-01-31 16:00:05.000
TFEEM0;2025-02-27;;1,0;615,865104400245;;;;;;;;;
TFCSIH;2020-10-30;654,28908;6,0;55243,797705025;;;;;;;;;
TFDE12;2022-07-21;213,689615;;;;;;;;;;;
TFDPFK;2023-10-18;47,25079;;;;;;;;;;;
TEZBRQ;2013-01-31;2834,712792;4,0;21314,9399244272;;;;;;;;;
TEVOTB;2010-01-29;532,573027;;;9,0;8,25;8,25;9,0;7,25;8,75;8,5;8,25;2024-09-27 11:18:49.000
TFCHCV;2019-05-28;58,001145;;;8,0;7,0;10,0;10,0;10,0;10,0;8,0;10,0;2024-07-18 11:38:14.000
TFDJCP;2023-03-27;71,220296;;;;;;;;;;;
T05357;2016-09-26;1460,490254;1,0;278,728355065184;9,25;5,75;6,25;7,75;8,75;4,75;8,75;9,25;2024-11-08 15:59:14.000
TFDGZ4;2022-11-30;282,993088;;;10,0;9,0;8,0;10,0;7,0;9,5;9,5;9,5;2025-01-28 09:00:18.000
TFBLB3;2017-08-28;988,912471;;;7,5;8,0;8,125;8,625;7,25;8,75;7,375;8,25;2024-05-28 10:14:53.000
TFDVLQ;2024-08-30;667,059562;1,0;4136,20469129783;;;;;;;;;
TDC31B;2012-02-29;;1,0;865,162254032623;;;;;;;;;
TFCGBI;2019-04-12;;;;5,0;8,0;8,0;9,0;0,0;9,0;8,0;8,0;2022-10-17 19:51:06.033
TDC9Y8;2023-01-20;;;;;;;;;;;;
TDCDOW;2023-04-19;;;;;;;;;;;;
TEXCMP;2011-09-16;3995,162689;1,0;0,00420385736791976;10,0;10,0;7,333333333333333;10,0;7,666666666666667;7,666666666666667;8,0;7,666666666666667;2023-07-11 10:13:48.000
TDCA8E;2021-01-19;;;;;;;;;;;;
TEZNL0;2016-09-28;773,586243;4,0;1690,07677762478;9,0;7,0;8,0;8,0;7,0;9,0;8,0;5,0;2022-08-30 19:09:52.190
TEZBC6;2012-12-10;275,549634;1,0;1110,68013589124;7,166666666666667;8,0;7,833333333333333;9,0;7,333333333333333;8,833333333333334;7,666666666666667;8,333333333333334;2024-04-18 16:04:11.000
TFCSPD;2020-11-18;215,365122;1,0;113,504148933834;7,0;8,0;9,0;10,0;8,0;8,0;8,0;3,0;2022-08-12 17:53:15.880
TFBTU4;2018-02-28;740,938179;2,0;1813,75426138898;8,0;8,0;8,0;9,0;7,0;9,0;8,0;8,0;2021-11-25 14:31:00.000
T03638;2006-02-15;677,430895;;;10,0;8,5;8,5;9,25;7,75;9,75;8,0;8,0;2024-04-05 09:59:32.000
TC9218;2019-04-08;231,476647;;;10,0;10,0;10,0;10,0;10,0;10,0;8,0;8,0;2022-08-29 12:31:36.370
T33327;1996-01-22;368,802071;1,0;923,032554559406;;;;;;;;;
T60580;2010-12-06;115,952745;;;9,333333333333334;8,333333333333334;8,666666666666666;7,666666666666667;7,333333333333333;9,333333333333334;8,666666666666666;8,666666666666666;2022-05-03 00:00:00.000
TFDHVB;2023-01-05;;;;;;;;;;;;
TFDNRS;2023-06-07;71,057801;;;;;;;;;;;
TFDCUA;2022-05-27;50,827134;;;;;;;;;;;
T57205;2011-03-23;;2,0;3842,76703930229;8,333333333333334;8,666666666666666;8,666666666666666;9,333333333333334;7,333333333333333;9,333333333333334;7,0;8,666666666666666;2024-01-24 10:26:54.000
TA2551;2002-01-01;21,070935;2,0;245,295077418118;8,0;8,0;8,0;9,0;7,5;8,5;8,0;8,0;2024-04-16 11:08:10.000
T56419;2013-07-08;1346,279436;;;9,8;8,6;8,4;9,2;7,0;9,2;8,2;8,0;2024-04-17 15:48:49.000
TAAJU1;2018-12-28;;;;;;;;;;;;
TFC632;2018-10-31;1257,84651;;;10,0;9,0;9,0;10,0;8,0;9,0;8,0;8,0;2022-03-29 00:00:00.000
TEZLFN;2015-06-19;96,309431;1,0;63,2638495298245;8,6;8,2;8,6;8,6;6,6;8,2;7,4;8,4;2024-01-23 10:24:53.000
TCAQT4;2015-05-13;;;;;;;;;;;;
TFDFQX;2022-09-29;52,470804;1,0;170,151126966552;;;;;;;;;
TDC9YW;2022-02-22;1956,525197;1,0;41211,4311112005;;;;;;;;;
TB5562;2022-12-26;55,62544;;;;;;;;;;;
TFECWH;2024-11-29;285,521;1,0;12387,5149137639;;;;;;;;;
TFCWM1;2021-05-31;97,885261;;;8,0;3,5;7,5;5,5;5,0;4,5;8,0;6,5;2025-03-07 15:46:50.000
TFDUHK;2024-06-18;142,278023;3,0;612,447368360126;;;;;;;;;
TFDVSF;2024-09-19;470,308063;1,0;4601,87017579967;;;;;;;;;
T04132;1998-11-18;1055,428207;;;9,6;9,2;9,2;6,6;7,0;9,0;8,0;8,6;2024-12-12 17:39:53.000
TFDSJO;2024-03-26;747,71254;3,0;63827,4018331383;;;;;;;;;
T06684;2000-08-31;1291,350045;1,0;6546,47790547989;7,25;7,75;8,0;9,0;7,0;9,0;8,0;8,0;2025-02-24 16:18:42.000
TFEDYH;2025-01-30;25,223144;1,0;336,333812577788;;;;;;;;;
TB0924;2014-07-05;177,2032;1,0;3763,87745193591;9,666666666666666;7,333333333333333;8,666666666666666;9,333333333333334;7,333333333333333;8,5;8,5;8,166666666666666;2025-03-20 16:56:37.000
TFDERB;2022-08-23;424,213348;;;;;;;;;;;
TFCES4;2019-02-08;122,799277;2,0;9084,25411363095;9,0;6,5;6,5;8,5;6,0;9,5;8,0;9,0;2022-09-14 13:52:40.430
T03581;2004-11-25;244,002065;1,0;598,570435188623;9,666666666666666;7,333333333333333;8,0;9,333333333333334;7,0;9,333333333333334;8,0;8,0;2024-04-12 11:07:22.000
TDC15M;2009-12-01;26,433531;;;;;;;;;;;
TFC791;2018-08-15;58,77518;;;;;;;;;;;
TDCDJ1;2021-02-15;;;;;;;;;;;;
TFEEFT;2025-02-20;;1,0;197,879770165351;;;;;;;;;
TFCDA0;2018-11-30;224,944742;;;9,0;7,666666666666667;7,833333333333333;8,166666666666666;7,0;8,5;8,666666666666666;8,666666666666666;2025-01-17 10:47:31.000
TFCQBO;2022-02-25;504,281201;;;8,0;7,0;5,0;3,0;8,0;8,0;2,0;8,0;2024-04-17 14:24:43.000
TFCH82;2019-05-23;190,333495;;;;;;;;;;;
TFDDO3;2022-06-30;538,509206;;;8,5;8,0;8,0;8,5;8,0;7,5;8,0;8,0;2025-02-19 08:38:36.000
TDCGX5;2022-02-21;;;;;;;;;;;;
TDCFZR;2018-07-10;;;;;;;;;;;;
TDCEBG;2024-08-06;;1,0;109,422203429583;;;;;;;;;
TFDRM3;2024-12-20;1644,868728;1,0;4285,42901628687;;;;;;;;;
TDCGII;2021-06-30;;;;;;;;;;;;
TFDQD7;2023-10-26;1776,78871;10,0;147513,334021018;8,0;10,0;10,0;9,0;10,0;10,0;10,0;10,0;2024-02-19 15:09:30.000
T17433;2008-03-31;618,158448;2,0;0,00840771473583952;;;;;;;;;
TB4764;2015-11-01;394,630696;;;10,0;8,0;8,0;9,0;7,0;9,0;8,0;8,0;2020-11-03 00:00:00.000
T09969;1999-12-15;153,289367;;;7,333333333333333;7,0;7,333333333333333;8,666666666666666;6,0;8,0;7,666666666666667;8,0;2024-10-08 10:56:10.000
TB3544;2013-04-20;415,950161;1,0;2470,36735525647;8,0;8,0;8,0;8,666666666666666;6,666666666666667;9,0;8,333333333333334;8,0;2024-09-06 15:40:07.000
TFBTTF;2018-02-28;;;;;;;;;;;;
T16606;2007-08-21;;2,0;204,492437805089;9,75;7,25;7,25;9,75;8,0;9,75;9,5;9,5;2024-11-19 17:44:59.000
TFBT40;2018-01-30;373,786087;;;10,0;8,666666666666666;8,666666666666666;9,166666666666666;8,0;9,333333333333334;8,666666666666666;8,666666666666666;2023-02-01 14:37:14.200
T15550;2006-09-21;907,308834;;;7,0;8,0;8,0;9,0;7,0;9,0;8,0;8,0;2021-07-16 10:09:00.000
TEZELF;2006-12-29;83,239609;;;9,0;8,0;8,4;9,0;7,6;9,2;8,4;8,8;2024-11-18 14:54:38.000
TFDMAZ;2023-04-28;240,296205;;;;;;;;;;;
TEWLOI;2008-06-27;1440,370277;1,0;5846,28762613654;;;;;;;;;
T60750;2010-07-29;222,575535;;;;;;;;;;;
T76922;2011-09-16;919,075962;2,0;8258,78047700886;8,0;8,0;8,0;9,0;6,0;9,0;6,0;7,0;2022-03-25 00:00:00.000
TDCDON;2021-06-30;;;;;;;;;;;;
T62391;2009-08-10;323,076301;;;;;;;;;;;
TFDOE0;2023-07-05;;;;;;;;;;;;
TFDPV0;2023-09-29;32,739721;;;;;;;;;;;
TDCGQV;2022-08-29;;;;;;;;;;;;
TA6191;2010-06-30;63,083924;;;9,0;8,0;8,75;9,0;7,25;8,75;8,25;8,25;2023-01-26 14:53:49.350
T84068;2009-11-11;1123,49767;1,0;12603,9715296381;7,75;7,75;8,25;8,75;6,75;8,0;8,0;7,25;2024-12-05 16:33:18.000
TDCEP8;2021-10-27;;;;;;;;;;;;
TFCRVM;2020-09-30;1463,813763;;;4,0;8,0;8,0;9,0;5,333333333333333;9,0;5,666666666666667;8,0;2024-12-10 15:35:24.000
T30182;1996-08-09;;;;;;;;;;;;
TFCD81;2018-11-30;172,080697;;;8,428571428571429;8,428571428571429;8,285714285714286;8,857142857142858;7,428571428571429;9,0;8,142857142857142;8,428571428571429;2025-01-29 11:01:10.000
TFBKQ7;2013-09-05;429,05746;1,0;393,270856768894;8,6;8,4;8,4;8,8;6,4;9,2;7,6;7,8;2024-05-24 16:04:12.000
TB2113;2015-03-15;434,505976;;;9,25;7,75;8,5;9,0;7,5;8,75;8,5;8,5;2023-05-25 18:43:50.503
TEZCQ2;2013-04-23;3323,936612;2,0;0,016815429471679;6,666666666666667;8,0;8,0;9,0;7,0;8,333333333333334;8,0;7,0;2025-01-15 15:43:34.000
TFDR21;2023-12-14;33,754403;2,0;183,506781824433;;;;;;;;;
TFEC85;2024-10-30;409,757544;1,0;6619,83101269272;;;;;;;;;
TDCE75;2023-01-02;;;;;;;;;;;;
T15737;2010-12-07;77,000865;;;8,0;8,0;8,0;8,0;7,5;8,5;8,0;8,0;2023-08-14 15:54:09.000
TB0799;2006-06-05;406,483625;1,0;12694,5982867757;8,4;7,0;7,8;8,8;6,6;8,4;8,0;7,8;2025-01-21 09:28:10.000
TFC609;2013-03-25;187,506301;1,0;0,0462424310471174;;;;;;;;;
TFDS21;2024-02-28;1026,391286;1,0;0,00840771473583952;;;;;;;;;
TCAMYE;2008-10-24;103,860661;1,0;222,867498360266;;;;;;;;;
TDCGMS;2018-03-16;;;;;;;;;;;;
TCAXTX;2013-01-24;250,339706;;;;;;;;;;;
TAAMBE;2011-01-18;511,158474;2,0;2670,66013955101;8,0;8,0;8,0;9,0;7,0;9,0;8,0;8,0;2019-08-26 15:24:00.000
TDCGKZ;2018-07-13;;;;;;;;;;;;
TEVOHM;2009-07-14;;;;;;;;;;;;
TCBOEW;2008-09-06;;1,0;91,1816663101796;;;;;;;;;
TFDBJF;2022-03-21;144,937317;;;9,0;5,0;5,0;10,0;5,0;10,0;10,0;10,0;2024-07-18 15:28:32.000
TFCXWT;2021-07-29;570,630205;5,0;2619,2932063724;9,0;10,0;9,333333333333334;9,333333333333334;8,333333333333334;9,333333333333334;9,666666666666666;7,0;2024-11-25 11:57:27.000
TCALKI;2016-12-01;540,36499;;;;;;;;;;;
TFDDPD;2022-06-30;146,943923;1,0;2356,23262771745;9,0;9,0;6,5;8,5;5,5;3,5;9,0;9,0;2024-07-05 15:33:51.000
TFCSDQ;2020-10-23;;;;;;;;;;;;
T52184;2010-09-08;3440,552175;1,0;606,591395046614;9,0;8,0;8,333333333333334;8,333333333333334;6,333333333333333;8,333333333333334;8,0;8,0;2022-05-26 00:00:00.000
TFCHUW;2019-06-27;2082,816852;1,0;5161,6642306266;10,0;9,0;9,0;10,0;8,0;9,0;10,0;9,0;2024-05-15 14:53:48.000
TA2900;2003-07-01;955,444177;1,0;28,712345822892;;;;;;;;;
T96704;2010-03-16;365,958494;1,0;0,00840771473583952;2,0;2,0;2,0;1,0;3,0;2,0;2,0;0,0;2022-04-29 00:00:00.000
TDCFV5;2024-08-19;;1,0;121,567147365504;;;;;;;;;
TFDOJI;2025-03-20;;1,0;60,1067526465167;;;;;;;;;
TFD439;2021-11-26;38,787645;;;;;;;;;;;
T11082;2003-10-17;227,546823;;;10,0;8,0;8,0;9,0;5,5;9,5;8,0;6,5;2024-11-22 15:42:20.000
TEZEXM;2014-11-11;1489,943182;;;7,5;8,0;9,0;9,0;7,0;9,0;8,0;9,0;2024-03-05 11:04:05.000
TFDSAL;2024-02-29;464,440084;4,0;11899,1485994753;;;;;;;;;
TDCGI8;2020-11-24;;;;;;;;;;;;
TFDTK2;2024-04-16;51,60361;1,0;701,031050816931;;;;;;;;;
T13697;2012-06-11;101,313516;;;8,0;8,0;8,333333333333334;9,333333333333334;7,333333333333333;9,166666666666666;8,333333333333334;8,166666666666666;2024-07-25 13:56:32.000
TFDB88;2022-02-25;76,234366;;;;;;;;;;;
T01877;1995-11-29;506,993255;;;7,5;6,5;7,0;8,75;5,5;9,0;8,5;7,5;2024-12-05 16:48:19.000
T03799;2011-11-29;1262,63032;;;7,5;5,5;6,5;6,0;6,0;9,5;7,0;8,0;2025-01-24 13:50:33.000
TFCSXX;2020-12-03;483,835143;;;7,0;6,666666666666667;9,333333333333334;10,0;3,0;7,666666666666667;9,333333333333334;9,333333333333334;2025-02-06 15:58:41.000
TCAKKD;2015-08-24;;;;;;;;;;;;
TDCGNZ;2020-02-11;;;;;;;;;;;;
TFCMKB;2019-12-02;166,068211;;;;;;;;;;;
TFDNLQ;2023-05-31;152,307045;;;;;;;;;;;
TA2875;2009-08-07;88,171553;;;8,333333333333334;7,333333333333333;6,333333333333333;7,666666666666667;7,666666666666667;8,333333333333334;6,666666666666667;7,0;2024-04-24 16:11:30.000
TDCA8S;2021-02-19;;;;;;;;;;;;
TDCC3K;2018-10-10;;;;;;;;;;;;
TFCJBF;2019-08-14;117,576428;1,0;72,8570520434174;;;;;;;;;
TFAAP9;2016-11-28;520,41116;3,0;12827,692411044;7,6;6,4;7,4;6,8;5,6;7,8;6,4;5,4;2024-12-12 13:23:19.000
TFD678;2021-12-06;14,242345;;;;;;;;;;;
T05154;2011-11-29;800,271702;2,0;131660,781264031;9,25;8,5;8,5;9,25;7,5;9,25;8,0;8,5;2022-08-24 14:08:27.970
T74690;2010-01-28;736,847169;;;8,0;7,5;7,75;8,5;6,25;7,75;7,75;7,75;2023-03-07 13:38:41.767
TB2915;2012-03-05;495,946623;;;6,666666666666667;8,166666666666666;8,666666666666666;8,166666666666666;5,0;8,666666666666666;6,833333333333333;7,333333333333333;2024-04-18 09:56:44.000
TFDUA3;2024-05-29;53,709742;1,0;63,7472931271352;;;;;;;;;
T15971;2007-01-31;849,577174;2,0;0,00840771473583952;10,0;9,666666666666666;10,0;8,666666666666666;10,0;10,0;9,666666666666666;8,666666666666666;2024-12-13 15:27:41.000
TDCGZU;2024-06-13;;1,0;120,209301435666;;;;;;;;;
TEZNI2;2013-08-18;438,256054;1,0;3379,13622176653;7,0;7,5;8,0;8,5;7,0;8,5;8,0;7,5;2023-03-13 19:22:35.260
TFEEPV;2025-02-28;;1,0;301,315680703017;;;;;;;;;
TFDCOG;2022-05-20;72,859962;;;7,5;8,0;8,0;9,0;7,5;10,0;8,0;9,5;2024-12-13 13:48:58.000
T54402;2010-08-26;;;;;;;;;;;;
TA8483;2010-07-30;95,746304;;;9,0;8,0;9,0;9,0;8,0;9,0;9,0;7,0;2024-08-29 10:46:22.000
TFCWU3;2021-06-15;220,454239;;;8,5;9,5;10,0;8,5;8,5;8,5;9,0;9,0;2024-08-30 14:03:47.000
TA3491;2014-07-03;109,278521;;;9,333333333333334;7,666666666666667;8,666666666666666;8,666666666666666;8,333333333333334;9,666666666666666;8,666666666666666;9,666666666666666;2024-04-16 13:58:24.000
TFCSJQ;2019-09-30;480,89081;1,0;2078,40810198637;1,0;0,0;9,0;0,0;5,0;9,0;8,0;8,0;2022-08-09 17:07:18.823
TEZOWC;2016-06-30;499,430118;1,0;608,272937993782;8,2;7,6;8,2;8,6;7,0;8,6;7,8;7,8;2024-10-28 10:04:26.000
TFCKBL;2021-07-20;2925,601824;;;;;;;;;;;
TEZGPG;2013-03-01;;;;;;;;;;;;
TFDSB5;2024-03-01;559,431355;2,0;8283,66731262694;;;;;;;;;
TCANAX;2013-02-05;;;;;;;;;;;;
TDCGKC;2024-02-08;;;;;;;;;;;;
T43138;2002-10-30;544,282529;;;10,0;8,0;8,0;9,0;7,0;9,0;8,0;8,0;2021-11-30 12:04:00.000
TDCF3G;2024-05-29;;1,0;138,756720142928;;;;;;;;;
TB1949;2010-04-25;296,799983;;;;;;;;;;;
TFBLW3;2018-07-31;220,303468;;;10,0;8,0;8,0;8,0;5,0;8,0;10,0;9,0;2023-10-31 11:39:32.000
TFEDXB;2025-01-29;75,841143;1,0;985,947483927693;;;;;;;;;
TEZJXF;2015-02-24;451,349397;5,0;76320,7068175659;8,25;7,5;7,75;8,75;7,0;8,25;8,0;8,0;2024-12-09 11:47:33.000
TAAHXK;2010-11-19;166,586785;;;9,333333333333334;8,0;8,0;9,0;7,333333333333333;9,0;8,333333333333334;8,666666666666666;2023-11-27 10:10:59.000
TFCAAC;2014-02-17;133,86016;;;9,0;8,5;8,5;8,5;7,5;9,0;8,5;8,0;2024-06-05 09:35:00.000
TFCAM4;2018-09-06;1003,164081;1,0;7896,46682589733;6,333333333333333;7,666666666666667;7,666666666666667;8,666666666666666;8,0;9,333333333333334;7,666666666666667;8,0;2024-11-05 11:35:50.000
TDCCQC;2022-03-29;;;;;;;;;;;;
TC1252;2023-06-30;;;;;;;;;;;;
T37391;2000-07-26;799,363887;;;8,0;8,0;8,0;9,0;7,0;9,0;8,0;8,0;2019-10-03 15:42:00.000
TDCDWZ;2021-05-14;;;;;;;;;;;;
TEXPIY;2024-07-31;;1,0;1164,84683807689;;;;;;;;;
T77543;2010-05-28;826,637786;;;8,25;7,75;7,5;6,75;6,0;6,75;8,0;7,5;2025-01-24 08:41:56.000
TEZJ01;2014-11-04;;;;;;;;;;;;
TFBUCB;2018-03-20;404,263705;;;10,0;3,0;10,0;10,0;6,0;6,0;8,0;8,0;2024-09-05 15:04:35.000
TCBHVX;2016-09-14;;;;;;;;;;;;
TFDRA5;2023-12-18;78,650614;;;;;;;;;;;
TB5118;2015-10-04;215,225124;;;7,0;4,0;4,0;7,0;4,0;9,0;8,0;6,0;2022-05-11 00:00:00.000
T02145;1999-07-26;1635,235246;3,0;6796,28372185378;8,5;8,0;8,0;9,0;7,0;9,0;8,0;8,0;2020-12-09 10:16:00.000
TFDDLC;2022-06-29;156,731566;1,0;86,1580567555155;7,0;6,5;8,5;8,5;7,0;8,5;5,5;7,5;2024-09-02 09:53:11.000
TFAIMG;2016-12-30;957,103394;1,0;0,00420385736791976;8,0;8,0;8,0;9,0;7,0;9,0;8,0;8,0;2021-09-15 15:46:00.000
TDCH33;2022-07-04;;;;;;;;;;;;
TEZPH4;2016-08-01;767,246149;1,0;0,00420385736791976;;;;;;;;;
TFDQWO;2024-05-23;;1,0;120,209301435666;;;;;;;;;
TDC11I;2025-01-31;4,031499;1,0;44,3170643726101;;;;;;;;;
TFCHPH;2019-06-17;59,371206;;;;;;;;;;;
T29501;2010-05-14;157,859048;;;;;;;;;;;
TFDR31;2023-12-11;55,01103;;;;;;;;;;;
TA3750;2019-03-25;142,684111;;;;;;;;;;;
TEXPRW;2012-02-28;835,131718;2,0;0,00840771473583952;10,0;9,333333333333334;9,333333333333334;9,666666666666666;7,666666666666667;9,666666666666666;9,333333333333334;8,0;2024-07-05 13:41:26.000
TAAMHW;2011-01-28;163,700074;;;9,0;9,0;8,833333333333334;8,333333333333334;7,666666666666667;9,166666666666666;8,5;8,166666666666666;2025-03-26 10:35:49.000
TFECBT;2024-10-31;1083,460439;4,0;15929,3950658147;;;;;;;;;
TFBLU3;2011-01-20;207,780313;;;8,75;7,75;7,5;8,5;7,0;8,5;8,5;8,75;2023-05-17 14:50:56.267
TDC9VR;2023-01-19;;;;;;;;;;;;
TC7591;2019-02-01;145,515121;;;10,0;10,0;10,0;10,0;8,0;10,0;8,0;8,0;2022-12-08 13:13:18.070
TDCDF1;2022-08-09;;;;;;;;;;;;
TFDIUW;2023-03-07;536,074974;;;6,0;3,0;8,0;6,0;3,0;6,0;5,0;6,0;2025-02-13 16:07:42.000
T17321;2008-02-28;303,533467;1,0;170,689220709646;8,666666666666666;7,666666666666667;7,666666666666667;5,333333333333333;5,0;8,0;7,333333333333333;7,666666666666667;2024-12-02 11:44:55.000
T36699;2007-09-24;;;;;;;;;;;;
TFDVAS;2024-07-31;;1,0;901,168292388855;;;;;;;;;
TFDSHQ;2024-03-21;35,331586;1,0;601,471096772488;;;;;;;;;
TFDFYR;2022-10-11;62,169714;;;;;;;;;;;
T54263;2008-05-30;639,25379;;;10,0;8,666666666666666;9,333333333333334;9,666666666666666;7,666666666666667;9,666666666666666;8,0;8,666666666666666;2023-03-07 19:29:51.193
TEZHRZ;2014-07-31;;1,0;4270,62303063706;8,0;8,0;8,0;9,0;7,0;9,0;8,0;8,0;2021-08-03 14:36:00.000
TFDAU0;2021-12-14;136,183671;;;;;;;;;;;
TFCXNC;2021-07-15;;;;;;;;;;;;
TDCD7O;2020-04-30;;;;;;;;;;;;
TA3866;2011-09-01;;;;;;;;;;;;
TEZKDJ;2015-03-25;;;;;;;;;;;;
TFDFQ1;2022-09-29;515,948145;;;;;;;;;;;
T56606;2014-03-20;69,013603;;;8,5;9,0;9,0;9,0;7,0;9,0;9,0;9,0;2024-03-25 09:02:17.000
TFDGAH;2022-10-19;2472,88422;1,0;120,213505293033;10,0;8,0;8,0;8,0;7,0;8,0;9,0;9,0;2024-11-13 14:27:53.000
TDCCP4;2020-07-22;;;;;;;;;;;;
TEZKN2;2015-04-28;2055,210049;3,0;3916,23365066406;9,0;7,25;7,25;8,75;6,0;8,75;8,0;8,0;2023-02-01 13:07:20.657
TDCGEI;2020-07-30;;;;;;;;;;;;
TFEBNU;2024-09-30;1333,017247;1,0;12027,1182216121;10,0;8,0;8,0;10,0;10,0;9,0;8,0;8,0;2025-02-25 11:15:44.000
T04994;2014-12-23;;;;;;;;;;;;
T60449;2009-11-27;4803,090064;5,0;10059,1370449663;9,0;9,0;9,0;7,0;7,0;8,0;8,0;8,0;2023-12-13 14:11:39.000
TFDBP3;2022-03-28;915,091264;;;;;;;;;;;
TFCYOD;2021-08-31;398,081859;;;10,0;10,0;9,0;9,0;8,5;9,0;9,0;10,0;2025-03-05 16:21:59.000
T84821;2009-09-15;;1,0;868,487505210647;;;;;;;;;
T03000;1997-10-15;212,161352;1,0;41,3743642150663;8,0;7,5;8,5;9,0;7,0;9,0;7,0;6,0;2024-10-17 15:20:32.000
T35757;2016-06-02;;;;;;;;;;;;
TFCLPY;2019-11-05;58,340916;;;;;;;;;;;
TDCGZD;2022-06-30;;;;;;;;;;;;
TDCDJT;2022-10-27;;;;;;;;;;;;
TEWOXR;2011-06-30;478,323721;2,0;9205,42609840387;8,0;8,0;8,0;9,0;7,0;9,0;8,0;8,0;2020-05-27 14:47:00.000
TEZOAY;2016-03-30;409,577942;;;9,0;9,0;9,0;8,0;7,5;9,0;9,0;8,0;2023-07-20 14:14:09.000
TCBKPD;2016-04-12;;;;;;;;;;;;
TFDJFE;2023-04-19;;;;;;;;;;;;
TDCDHT;2023-08-24;;;;;;;;;;;;
TFDJFZ;2023-03-30;626,471436;;;;;;;;;;;
T89932;2010-03-26;823,895688;2,0;0,00840771473583952;;;;;;;;;
TFDHYB;2023-01-13;431,924031;;;8,0;8,0;8,0;9,0;8,0;10,0;7,0;9,0;2024-10-09 10:53:42.000
TFDRHQ;2024-01-09;67,149606;;;;;;;;;;;
99999;2006-06-16;;;;;;;;;;;;
TFBKQP;2010-11-26;189,959344;;;8,833333333333334;7,833333333333333;8,333333333333334;9,166666666666666;5,666666666666667;8,666666666666666;7,833333333333333;8,166666666666666;2025-02-20 16:04:09.000
TFDRJ5;2024-01-15;1072,597838;3,0;11385,8155762786;;;;;;;;;
T05621;2000-02-03;202,897568;;;10,0;9,333333333333334;8,666666666666666;9,666666666666666;10,0;10,0;9,333333333333334;9,333333333333334;2024-12-19 11:32:30.000
TEZKVV;2015-05-27;57,803226;;;7,714285714285714;7,714285714285714;7,857142857142857;9,142857142857142;7,0;8,857142857142858;8,0;8,285714285714286;2024-10-18 09:02:14.000
TFBWMA;2018-04-12;1260,914943;4,0;1740,56930847087;9,0;8,0;8,0;9,0;7,0;9,0;8,0;8,0;2021-09-22 15:14:00.000
TDCGS3;2024-04-16;;1,0;120,209301435666;;;;;;;;;
TDCFYR;2022-04-11;;;;;;;;;;;;
TDCAEE;2023-04-04;;;;;;;;;;;;
TA3508;2013-01-18;543,629794;;;5,0;8,0;8,0;9,0;7,0;9,0;8,0;8,0;2022-12-01 17:39:35.437
TDCDBA;2021-11-25;;;;;;;;;;;;
TFEDPQ;2025-01-10;524,523691;1,0;524,523691510084;;;;;;;;;
TEZEV8;2013-10-31;182,015096;1,0;10072,1059449463;9,2;8,2;8,2;9,2;8,0;9,4;8,0;8,4;2024-12-12 17:06:23.000
TFDQNT;2023-11-22;712,173536;1,0;0,00420385736791976;10,0;8,0;8,0;8,0;10,0;8,0;10,0;8,0;2024-11-29 11:21:13.000
TDCCT5;2021-08-13;;;;;;;;;;;;
T34101;2006-11-30;1930,034865;2,0;1260,45937005285;7,0;8,0;8,0;9,0;7,0;9,0;8,0;8,0;2021-07-06 14:24:00.000
TDC9ZX;2021-10-04;;;;;;;;;;;;
T02860;1997-06-17;572,999222;3,0;19004,3443722959;4,333333333333333;7,0;7,0;7,666666666666667;6,333333333333333;8,666666666666666;6,666666666666667;7,0;2022-03-24 00:00:00.000
TDCGRS;2022-01-05;;;;;;;;;;;;
TEXPYU;2012-03-07;210,41718;2,0;14947,6934778286;7,5;8,0;9,0;9,5;8,5;9,5;9,0;8,0;2024-03-21 10:36:20.000
T57165;2005-01-11;626,404318;2,0;3887,13454996332;9,0;9,0;8,0;7,0;8,0;8,5;8,5;8,5;2024-09-24 10:41:25.000
T42892;2010-03-26;1332,776782;4,0;211796,408769694;6,0;8,0;7,0;9,0;7,0;7,0;8,0;8,0;2023-08-09 14:24:32.000
TEYVYE;2012-08-10;;;;;;;;;;;;
TDC80X;2021-08-23;;;;;;;;;;;;
TFDA67;2021-12-29;956,628904;2,0;13840,6917171343;;;;;;;;;
TFBPSA;2017-11-07;274,655787;;;7,0;8,0;8,0;9,0;7,0;9,0;8,0;8,0;2019-02-12 09:03:00.000
T11157;2009-12-28;79,334895;1,0;0,00420385736791976;7,0;6,5;8,0;5,5;7,0;8,5;4,0;7,5;2024-03-21 10:21:42.000
TFDH20;2022-11-30;400,874347;;;;;;;;;;;
T19828;2004-04-16;582,389841;4,0;45330,4798605798;8,333333333333334;8,0;8,0;9,0;7,0;9,0;8,0;8,0;2022-01-03 15:16:00.000
TFDGU9;2022-11-23;2346,467754;;;;;;;;;;;
TDCC38;2020-07-23;;;;;;;;;;;;
TAAHVG;2010-11-19;168,226763;;;5,0;5,8;5,8;5,4;4,4;5,6;5,6;6,4;2024-07-03 11:30:52.000
TFD978;2021-12-22;221,774877;1,0;1750,69219701282;;;;;;;;;
TDCFTD;2022-02-11;;;;;;;;;;;;
TFECPY;2024-11-22;;1,0;353,258542341033;;;;;;;;;
TFDPSF;2023-09-25;;;;;;;;;;;;
T02655;2009-01-21;288,263849;;;6,5;8,0;8,0;9,0;7,0;9,0;8,0;8,0;2021-09-08 16:56:00.000
TEWP89;2012-02-09;1200,398559;;;9,0;8,0;8,0;9,0;5,5;7,5;8,0;7,0;2023-08-16 14:16:07.000
TB5558;2016-11-10;220,761349;2,0;7343,6301550143;;;;;;;;;
T01502;2010-03-18;875,923;8,0;90580,0396706845;8,8;7,8;8,2;9,2;7,2;9,0;7,8;7,8;2023-03-13 12:58:55.673
TEWOYV;2011-06-30;127,805515;;;9,0;6,5;9,0;7,0;7,5;8,5;6,5;8,5;2023-03-15 19:28:29.310
T08946;2013-11-01;2444,295723;;;9,2;8,8;8,8;8,8;6,6;9,2;8,0;8,8;2024-10-28 10:38:44.000
TEZO13;2016-03-15;338,126376;2,0;416,484557154546;;;;;;;;;
TFCJT6;2019-08-30;33,47386;;;8,0;7,0;9,0;9,0;8,0;9,0;8,0;9,0;2022-04-14 00:00:00.000
TEZI53;2014-08-20;524,735085;2,0;1765,48557109053;9,333333333333334;8,0;8,333333333333334;9,0;7,333333333333333;9,0;8,666666666666666;8,666666666666666;2023-06-26 10:05:52.000
T02810;1997-06-03;950,10684;1,0;14906,7521109224;9,5;7,5;7,5;9,166666666666666;7,333333333333333;9,166666666666666;8,0;7,666666666666667;2024-11-29 11:52:25.000
TD0421;2013-11-07;236,066267;;;6,75;8,0;8,0;9,0;7,0;9,0;8,0;8,0;2022-08-22 19:19:00.263
TA6091;2010-06-25;328,221119;;;;;;;;;;;
TFDKKK;2023-04-27;974,357358;;;8,0;7,0;9,0;10,0;6,0;10,0;4,0;10,0;2024-11-18 17:27:06.000
TDC098;2021-07-30;379,137819;2,0;1599,39116648402;6,5;7,0;7,0;8,5;7,0;8,0;6,5;8,0;2023-07-13 13:54:10.000
TFCUDH;2021-01-29;;;;;;;;;;;;
TEVNVS;2010-08-24;1097,758266;3,0;20071,6995541534;6,0;6,8;7,4;7,4;4,8;7,2;6,0;6,8;2024-06-10 14:57:05.000
TFCHBI;2019-05-27;165,33764;;;7,0;9,0;9,5;7,0;4,5;7,0;4,5;8,0;2023-03-14 14:33:33.147
TFDPSA;2023-09-25;140,743874;;;;;;;;;;;
TEZAMM;2012-10-11;1551,238471;1,0;0,00420385736791976;8,666666666666666;9,0;9,0;9,666666666666666;7,666666666666667;9,0;8,666666666666666;9,333333333333334;2023-03-31 17:52:21.513
TFDDQ2;2022-06-30;;;;;;;;;;;;
TFD909;2021-12-17;14,242345;;;;;;;;;;;
TA8436;2010-07-22;323,142654;;;3,6;6,8;6,8;6,8;4,8;8,8;6,4;7,2;2024-04-25 16:32:34.000
TFCXFG;2021-06-30;625,448811;1,0;497,404607629634;;;;;;;;;
TD0135;2013-09-04;203,877948;;;9,5;8,75;9,0;9,5;6,5;9,0;8,75;8,5;2023-05-29 14:29:05.213
TDCF83;2014-08-12;;;;;;;;;;;;
TDCCAN;2021-07-24;;;;;;;;;;;;
TFEED5;2025-02-13;;1,0;140,253293365907;;;;;;;;;
TFECOC;2024-11-21;;1,0;245,244631129703;;;;;;;;;
TFCLIY;2019-10-30;111,612089;;;;;;;;;;;
T49634;2010-04-28;614,934136;2,0;47,9281778516532;8,75;8,0;7,75;8,5;7,25;9,0;8,25;8,5;2024-02-14 17:20:40.000
T58524;1997-04-17;1075,291835;;;;;;;;;;;
TEZKO6;2015-04-24;6955,613697;2,0;62728,740525462;8,0;8,0;8,0;8,0;7,0;8,0;8,0;6,0;2023-06-27 13:39:17.000
TFDUBN;2024-05-31;53,709742;1,0;63,7472931271352;;;;;;;;;
TFBKAS;2017-05-31;;;;;;;;;;;;
TFDEZT;2022-08-31;807,13617;2,0;6423,48565046666;;;;;;;;;
TFBLMY;2017-09-29;102,10997;;;9,333333333333334;8,0;8,666666666666666;8,333333333333334;7,0;9,333333333333334;8,0;8,333333333333334;2024-02-21 11:21:49.000
TDCFKV;2024-01-12;;;;;;;;;;;;
TFDRLL;2024-01-24;;;;;;;;;;;;
TDC0SP;2019-10-01;476,288759;6,0;6444,36200615575;9,666666666666666;8,666666666666666;9,333333333333334;9,666666666666666;8,0;9,0;9,333333333333334;8,0;2024-08-13 15:58:20.000
T03193;1997-08-14;860,23049;1,0;8244,35704237953;6,0;5,5;8,0;6,0;7,0;9,0;8,0;6,0;2024-10-30 10:15:38.000
TFEEEY;2025-02-18;;1,0;87,7092801242779;;;;;;;;;
TFDH65;2022-11-30;901,561837;;;;;;;;;;;
T12357;2008-06-24;652,176692;4,0;2743,0883981429;8,5;8,0;8,5;9,0;8,0;9,5;9,0;9,0;2024-09-17 09:11:18.000
TCAICQ;2023-09-04;;;;;;;;;;;;
TFCAHC;2018-08-31;189,787668;1,0;138,756720142928;;;;;;;;;
TDC1IM;2006-03-01;350,277262;1,0;193,343808065366;8,0;5,0;7,0;7,0;5,0;9,0;7,0;9,0;2023-09-27 16:31:45.000
TFEC97;2024-10-31;;1,0;0,00420385736791976;;;;;;;;;
TFCEOV;2019-02-05;;;;10,0;8,0;8,0;9,0;7,5;9,5;8,0;8,0;2025-02-21 15:48:18.000
TFEDHP;2024-12-30;40,637287;1,0;121,924475241777;;;;;;;;;
TFDFR2;2022-09-29;449,991805;5,0;25993,1857808873;9,0;9,5;9,0;9,0;9,0;9,5;8,0;9,0;2024-06-04 11:31:33.000
TFCYYK;2021-09-20;116,227781;;;8,0;9,5;9,5;9,0;5,0;9,5;9,5;7,5;2024-11-05 11:33:55.000
TB2138;2013-06-05;782,265489;;;9,0;8,333333333333334;8,333333333333334;9,0;5,0;8,666666666666666;9,0;9,333333333333334;2024-11-26 14:20:37.000
TFBRCO;2017-12-08;1326,89336;4,0;34189,7533727083;8,6;6,6;7,8;9,2;6,6;8,6;7,8;8,2;2024-02-06 15:10:59.000
T54306;2008-06-27;327,854113;3,0;42775,2492366371;7,75;7,25;7,5;8,5;7,0;8,5;8,0;8,5;2024-10-11 14:27:37.000
TDCFAR;2022-03-02;;;;;;;;;;;;
T07890;2013-04-25;118,153896;;;7,833333333333333;8,333333333333334;8,666666666666666;9,0;5,833333333333333;8,833333333333334;8,0;8,333333333333334;2024-10-31 16:04:01.000
TFDEPO;2022-08-19;73,312361;;;;;;;;;;;
TFDQNQ;2023-11-21;1436,003399;;;8,0;8,0;9,0;9,0;7,0;9,0;8,0;8,0;2024-10-01 10:02:40.000
TD0069;2013-09-10;688,663159;;;9,8;8,6;8,4;8,8;7,6;8,2;7,8;8,4;2024-05-27 14:25:12.000
TFDFYW;2022-10-12;;;;;;;;;;;;
T14167;2012-02-22;224,483428;2,0;60029,0905855018;9,75;7,75;8,25;9,25;7,25;9,0;8,25;8,5;2023-03-13 14:01:40.333
TDCE32;2024-04-10;;1,0;120,209301435666;;;;;;;;;
TEZKQY;2011-12-14;;;;10,0;8,0;8,666666666666666;9,0;7,333333333333333;8,666666666666666;8,666666666666666;8,666666666666666;2023-08-23 09:32:37.000
TFDVJD;2024-08-28;282,704736;1,0;13342,0511754385;;;;;;;;;
TFEDZ4;2025-01-31;;1,0;192,801510464904;;;;;;;;;
TFDFLD;2022-09-23;212,375845;;;;;;;;;;;
TDCH8Y;2024-02-21;;;;;;;;;;;;
TFBSNE;2010-11-29;102,345009;;;8,5;7,5;8,0;8,0;7,5;9,0;8,5;8,5;2023-02-23 18:51:51.947
TDCF8Y;2022-06-06;;;;;;;;;;;;
TDC0IY;2018-03-01;226,956299;;;9,0;9,0;8,0;10,0;7,0;10,0;9,0;10,0;2022-05-02 00:00:00.000
TEZUSY;2016-09-20;815,153541;3,0;275,495588749254;10,0;10,0;8,0;8,0;6,0;10,0;10,0;10,0;2025-02-27 11:20:48.000
TCAQXA;2015-05-13;;;;;;;;;;;;
TCAKOH;2016-09-23;;;;;;;;;;;;
TFEEUC;2025-03-14;;2,0;45042,3811074415;;;;;;;;;
TDCF6I;2023-03-09;;;;;;;;;;;;
TEZJ32;2014-11-28;1208,267583;5,0;30588,4559006193;8,0;7,142857142857143;7,571428571428571;9,0;6,428571428571429;8,571428571428571;8,285714285714286;8,285714285714286;2024-09-09 11:39:52.000
TFCTO3;2021-02-23;1038,997361;;;5,0;5,0;5,0;9,0;7,0;7,0;4,0;4,0;2024-12-04 11:15:10.000
T16981;2013-04-23;453,668079;;;7,666666666666667;7,5;8,0;9,0;6,666666666666667;8,833333333333334;7,666666666666667;7,5;2025-01-24 15:23:58.000
TB6685;2017-09-15;334,509938;2,0;3382,49510380349;8,666666666666666;7,0;6,333333333333333;9,0;7,666666666666667;9,0;8,0;8,0;2024-11-25 11:05:13.000
TFCDKX;2018-12-13;555,289459;;;6,0;6,5;6,5;9,0;7,0;8,0;8,0;8,0;2024-04-15 11:08:51.000
TDCCKY;2021-08-24;;;;;;;;;;;;
TDC0G8;2017-09-01;598,932613;;;;;;;;;;;
TEZKHN;2015-03-31;;;;10,0;8,0;8,0;9,0;7,0;9,0;8,0;8,0;2021-10-27 15:46:00.000
TFDVKH;2024-08-30;2169,303205;1,0;2250,59389591899;;;;;;;;;
TFEECR;2025-02-12;;1,0;171,130625733278;;;;;;;;;
T51652;2010-01-11;193,84072;;;7,8;6,6;8,2;8,6;6,2;7,6;8,0;7,8;2024-02-14 15:18:43.000
T14950;2014-09-18;120,38271;;;8,857142857142858;6,857142857142857;7,571428571428571;8,0;6,0;9,0;8,571428571428571;7,857142857142857;2024-04-10 10:59:25.000
TDCEET;2013-07-17;;;;;;;;;;;;
TFCCLD;2006-12-13;;;;;;;;;;;;
TDCGC9;2023-04-11;;;;;;;;;;;;
T04610;1999-03-29;7,450636;;;6,5;7,75;7,75;9,25;6,75;8,75;6,25;6,5;2024-10-25 10:29:44.000
TEXFER;2011-10-31;106,261047;;;9,333333333333334;9,333333333333334;9,333333333333334;9,333333333333334;9,0;9,0;9,333333333333334;9,0;2024-06-05 16:13:46.000
T61216;2010-08-30;467,43758;;;7,75;7,75;8,25;9,0;6,75;9,25;7,5;8,25;2024-03-07 16:51:44.000
TDCDRV;2020-12-15;;;;;;;;;;;;
T75344;2009-11-05;546,894809;2,0;24241,8125589808;7,5;7,0;7,0;8,0;6,5;9,5;8,0;7,0;2023-08-08 11:46:18.000
TFDUWD;2024-07-16;17,171155;1,0;54,1582944709103;;;;;;;;;
TEVVKP;2010-07-01;;;;;;;;;;;;
TFDOQ5;2023-07-31;;1,0;371,288886592041;;;;;;;;;
T14264;2005-09-19;361,423634;;;10,0;9,25;9,0;9,75;8,25;9,0;9,5;9,5;2025-01-15 15:46:14.000
TFBJWN;2017-05-03;457,149924;;;6,75;8,25;8,25;7,75;6,5;7,75;6,25;8,25;2025-03-05 15:42:57.000
TDCFZW;2019-04-10;;;;;;;;;;;;
TB1197;2013-01-15;509,217142;1,0;363,67149704137;9,666666666666666;8,333333333333334;8,666666666666666;9,666666666666666;9,0;9,666666666666666;8,333333333333334;8,666666666666666;2024-02-19 11:13:16.000
TB4395;2014-09-10;66,897243;;;7,5;5,5;7,5;9,0;6,0;9,0;8,0;6,5;2024-03-01 10:04:05.000
T32126;2006-10-06;938,173887;1,0;8817,38484020067;10,0;8,0;8,0;9,0;7,0;9,0;8,0;8,0;2019-01-31 10:01:00.000
T54204;2008-04-23;;;;;;;;;;;;
T76402;2011-03-09;102,784312;2,0;6322,32402676504;10,0;7,333333333333333;8,0;9,0;6,333333333333333;9,0;8,666666666666666;8,0;2025-01-27 09:25:03.000
TFDVNF;2024-09-04;33,805739;1,0;36,4558510946002;;;;;;;;;
TB1474;2012-10-25;550,410029;1,0;6831,42376559222;7,8;7,4;8,2;7,4;6,4;9,0;7,8;8,0;2025-01-09 14:59:56.000
TFCWEJ;2020-01-30;118,869827;;;9,0;9,0;9,0;9,0;7,0;9,0;8,0;9,0;2024-04-03 17:07:42.000
T18087;1997-05-22;2760,534406;;;;;;;;;;;
TFDQGD;2023-10-31;;;;;;;;;;;;
TDCCJH;2024-07-15;;1,0;76,5312233829792;;;;;;;;;
TFDOQ9;2023-07-31;;;;;;;;;;;;
T76286;2009-11-26;1417,650415;1,0;2183,16402373756;8,333333333333334;8,0;8,166666666666666;8,166666666666666;6,833333333333333;8,166666666666666;8,0;8,0;2025-02-28 14:35:19.000
T12395;2004-10-01;307,941318;;;9,5;8,5;7,5;9,0;6,0;9,5;8,5;10,0;2024-07-25 10:23:45.000
TFCVVH;2010-05-05;475,946337;2,0;10917,9556782307;7,0;5,0;8,0;9,0;6,0;9,0;8,0;4,0;2024-12-10 14:09:48.000
TFBYIZ;2013-01-18;316,051473;1,0;254,968153221701;10,0;7,0;8,0;9,0;7,0;8,0;8,0;8,0;2023-03-20 14:42:33.183
TFCXTI;2021-07-26;;;;9,0;8,0;8,0;9,0;7,0;9,0;8,0;8,0;2022-12-28 18:10:35.623
TCATXY;2023-03-30;395,523149;4,0;5427,41107413965;;;;;;;;;
TFDCWH;2022-05-31;51,032435;;;;;;;;;;;
TA2602;2004-10-25;;;;;;;;;;;;
TDCFDG;2023-02-13;;;;;;;;;;;;
TFCFEA;2019-02-28;380,559256;1,0;32369,2393086717;;;;;;;;;
T42415;2010-03-31;209,330744;1,0;5222,50245445513;8,75;7,75;8,0;8,75;6,5;9,0;8,5;8,0;2023-11-30 10:11:50.000
TDCDXJ;2022-08-10;;;;;;;;;;;;
TDCC56;2022-08-15;;;;;;;;;;;;
TB6575;2017-05-19;542,281358;2,0;8918,67678348069;8,0;8,0;9,0;10,0;8,0;10,0;8,0;8,0;2022-11-10 12:08:23.230
T60607;2009-10-16;1115,184569;;;9,5;8,5;8,5;9,0;6,0;9,0;9,0;8,5;2024-03-15 15:47:34.000
TEVVNW;2010-10-01;652,805319;2,0;3464,32318747005;8,333333333333334;7,333333333333333;7,333333333333333;7,333333333333333;6,5;9,0;8,0;8,0;2023-02-01 19:30:56.700
TFCPG2;2020-04-30;179,321268;4,0;5886,97255774327;10,0;7,0;8,0;8,0;2,0;10,0;8,0;5,0;2023-10-11 16:20:48.000
T52372;2010-05-21;1409,11257;;;9,285714285714286;8,142857142857142;7,714285714285714;9,0;7,142857142857143;9,285714285714286;8,285714285714286;8,285714285714286;2024-10-29 15:26:43.000
TB0838;2013-09-20;;;;10,0;9,0;9,0;10,0;9,0;10,0;10,0;8,5;2023-02-17 16:39:40.307
TEXPNU;2012-02-17;;;;7,0;8,0;8,0;9,0;7,0;9,0;8,0;8,0;2019-09-19 14:10:00.000
TFDPJI;2023-08-31;357,692115;;;4,0;2,0;2,0;10,0;6,0;9,0;8,0;2,0;2024-10-03 17:13:29.000
T37445;2000-08-07;2891,822626;2,0;28638,7236688076;9,0;8,0;8,0;8,0;6,0;8,0;8,0;8,0;2024-11-22 11:52:33.000
TFDRJY;2024-01-18;;;;;;;;;;;;
TCAUPK;2017-08-01;193,31333;;;;;;;;;;;
TFCBMZ;2018-10-22;89,684122;;;6,666666666666667;6,666666666666667;8,666666666666666;8,0;5,666666666666667;9,0;9,333333333333334;8,666666666666666;2023-06-14 08:27:52.000
TFDDTY;2022-07-07;516,990583;;;;;;;;;;;
TFDMC1;2023-04-28;209,361582;;;10,0;7,0;9,0;10,0;8,0;10,0;9,0;5,0;2024-02-05 15:30:46.000
T62366;2010-05-28;652,589371;;;7,0;8,0;8,0;9,0;7,0;9,0;8,0;8,0;2019-08-05 13:43:00.000
TFED64;2024-12-10;;1,0;3375,9160670227;;;;;;;;;
TDCA5F;2020-10-19;;;;;;;;;;;;
TFDBX6;2022-04-06;49,962938;1,0;170,151126966552;;;;;;;;;
TCAALL;2012-11-27;;;;;;;;;;;;
TFDQZO;2023-12-07;55,01103;;;;;;;;;;;
T15865;2007-01-15;1050,268763;4,0;34101,6237068472;8,833333333333334;7,333333333333333;7,333333333333333;8,5;7,666666666666667;9,0;8,333333333333334;8,666666666666666;2025-02-25 15:41:38.000
TFDC66;2022-04-21;536,080831;;;;;;;;;;;
T47026;2017-05-31;1083,990619;1,0;17769,4991051858;6,5;7,0;8,0;9,0;5,0;5,0;8,0;8,5;2025-02-12 14:46:35.000
TFBY54;2013-01-18;92,206571;1,0;92,4848620942347;;;;;;;;;
TEZINI;2014-10-14;141,778285;2,0;2135,23584588591;8,333333333333334;8,0;8,0;9,166666666666666;7,333333333333333;8,833333333333334;8,0;8,166666666666666;2024-04-05 16:01:09.000
TFDA45;2021-12-28;29,372459;;;;;;;;;;;
TEZGAD;2014-02-28;1533,663555;;;8,0;8,0;8,0;10,0;6,0;9,0;8,0;8,0;2024-01-24 11:20:19.000
TDCCOE;2022-06-28;;;;;;;;;;;;
TEWPDU;2016-06-23;1875,62468;;;9,0;8,0;8,0;9,0;7,0;9,0;8,0;8,0;2021-07-22 16:15:00.000
TFDRHZ;2024-01-09;248,223304;;;9,0;10,0;10,0;5,0;10,0;9,0;10,0;10,0;2024-09-24 14:20:36.000
TDC9U6;2022-09-26;;;;;;;;;;;;
TEZFBI;2017-06-28;8372,046967;3,0;63409,5636339113;;;;;;;;;
TFBT52;2018-01-30;25,888323;;;;;;;;;;;
TEZKQ5;2021-02-26;285,443133;3,0;125316,748517818;;;;;;;;;
TB4061;2014-01-15;370,723867;;;9,0;7,2;7,8;9,0;4,8;9,2;9,2;7,8;2024-04-03 11:34:18.000
TFECJG;2024-12-19;456,173474;3,0;17666,3028145181;;;;;;;;;
T08365;2002-01-23;;;;;;;;;;;;
T74126;2022-05-01;;1,0;2714,84688434521;;;;;;;;;
TFAIEA;2016-12-22;1559,119198;;;;;;;;;;;
TEZODN;2016-04-08;409,032479;1,0;2274,49282505562;8,333333333333334;8,0;8,666666666666666;9,0;7,0;9,0;8,0;8,0;2024-03-12 11:45:27.000
T57702;2008-10-15;1100,508902;3,0;4066,5593862835;9,666666666666666;7,833333333333333;8,0;9,0;8,0;9,166666666666666;8,666666666666666;8,666666666666666;2024-05-09 09:38:38.000
TFDPF2;2023-08-30;503,687024;2,0;4425,67810579541;;;;;;;;;
TFCNAD;2020-01-10;378,751945;;;8,333333333333334;8,333333333333334;8,0;9,333333333333334;8,0;9,0;8,0;8,333333333333334;2023-03-15 19:33:35.960
TFCQAC;2020-06-26;84,441481;;;;;;;;;;;
TFCWGK;2021-05-24;879,541349;2,0;2574,82059927717;8,5;9,5;10,0;9,0;7,0;9,0;8,5;9,5;2023-03-30 13:46:37.177
TB3855;2021-06-22;42,928273;;;9,0;6,5;8,0;9,0;5,5;8,5;9,0;9,0;2023-05-02 17:24:03.390
TDCFCI;2021-11-18;;;;;;;;;;;;
TFDQW1;2023-11-30;91,919604;;;;;;;;;;;
T34781;1994-01-26;355,375045;;;9,0;8,0;8,0;9,0;7,0;9,0;8,0;8,0;2021-12-03 11:33:00.000
TFBYL3;2013-01-18;160,777759;;;7,0;6,0;6,0;5,0;4,0;7,0;8,0;7,0;2023-08-23 17:14:09.000
TFCDOF;2018-11-16;27,787012;1,0;58,8750224377162;;;;;;;;;
TDCCA2;2024-07-23;;1,0;120,209301435666;;;;;;;;;
TA3026;2007-03-29;82,288696;;;2,3333333333333335;3,6666666666666665;8,333333333333334;6,333333333333333;3,3333333333333335;9,0;3,3333333333333335;5,333333333333333;2023-03-27 14:26:57.207
TFEBUK;2024-10-09;52,398629;1,0;702,060995872072;;;;;;;;;
T33662;1997-10-29;;;;;;;;;;;;
T52704;2023-08-03;;;;;;;;;;;;
TEZKB6;2015-03-03;864,910453;1,0;266,057928958274;7,0;8,0;8,0;9,0;7,0;9,0;8,0;8,0;2021-11-10 14:33:00.000
TDCDZO;2021-12-28;;;;;;;;;;;;
TFDQMQ;2023-11-17;276,299818;;;;;;;;;;;
TEZEZ0;2007-06-05;108,163148;1,0;0,0714655752546359;7,5;8,0;8,0;9,0;6,666666666666667;9,166666666666666;8,333333333333334;7,666666666666667;2023-06-28 14:05:36.000
TDC0P7;2020-01-01;603,341813;;;;;;;;;;;
T60502;2013-01-24;863,811251;2,0;191,746342265556;3,5;5,5;8,0;9,0;6,0;8,0;8,0;7,0;2023-04-20 12:56:32.310
TDCE2T;2022-03-31;;;;;;;;;;;;
TFECPL;2024-11-22;573,549356;1,0;2824,99215124208;;;;;;;;;
TEZEJX;2014-10-01;598,932613;;;;;;;;;;;
TFDEEO;2022-07-29;617,884896;;;7,0;7,0;7,0;7,0;7,0;7,0;7,0;7,0;2024-11-22 09:04:58.000
TEZKK0;2015-11-16;5711,889192;1,0;424,833417887235;;;;;;;;;
TFACVG;2016-10-10;172,655284;;;9,5;9,0;8,5;9,0;7,5;9,5;10,0;9,5;2023-07-05 16:50:58.000
T16602;2001-12-31;4618,19355;1,0;14729,2820682783;5,0;8,0;7,5;8,5;4,0;9,0;5,0;6,0;2023-04-03 18:32:07.723
TEWBPM;2010-12-17;536,306555;1,0;438,680924057163;8,0;7,75;7,5;8,25;7,25;8,75;8,0;8,0;2022-06-09 11:35:32.000
TFBWOA;2018-05-04;;2,0;28,0901749324398;;;;;;;;;
TFBNZV;2011-11-01;363,583638;1,0;5996,56291546757;8,75;8,5;9,0;9,5;7,0;9,5;7,25;9,0;2024-07-18 13:47:42.000
TFDAO5;2022-01-31;57,067964;1,0;69,5990625832795;;;;;;;;;
TFDUR1;2024-06-30;350,213723;1,0;1301,5478719669;;;;;;;;;
TFECZT;2024-12-10;56,700367;1,0;291,869613197301;;;;;;;;;
TFCTPS;2020-12-28;890,98931;5,0;22793,726626883;6,2;4,0;6,6;9,2;7,4;9,0;5,0;8,0;2025-03-19 16:42:13.000
TEZHXR;2014-08-25;999,089065;6,0;20046,3460903675;8,0;8,333333333333334;8,333333333333334;9,333333333333334;7,0;9,0;8,0;8,333333333333334;2022-08-24 17:22:23.207
TFCFOV;2019-03-22;234,329908;;;8,5;8,5;10,0;8,5;8,5;9,5;8,0;5,0;2024-09-10 17:00:34.000
TEZH17;2014-05-22;571,081088;;;8,0;8,0;8,0;9,0;7,0;9,0;8,0;8,0;2020-01-15 09:26:00.000
TFDGII;2022-10-28;662,610657;1,0;470,264504462344;0,0;8,0;0,0;9,0;5,0;1,0;3,0;8,0;2024-08-14 17:33:45.000
TFEEP2;2025-02-28;;1,0;12267,4065049051;;;;;;;;;
TCAGS6;2018-02-06;225,540801;;;;;;;;;;;
TDCE9X;2022-06-09;;;;;;;;;;;;
TEZJNY;2015-01-21;177,094921;;;10,0;9,0;10,0;9,0;8,0;9,0;8,0;9,0;2024-12-17 11:30:16.000
TFEBW6;2024-10-11;183,490491;1,0;9255,60333994736;;;;;;;;;
T50564;2010-03-05;130,042334;;;10,0;8,4;8,4;9,2;7,6;9,2;8,4;8,8;2024-12-13 11:09:21.000
TFDNEH;2023-05-30;202,363572;5,0;3735,5476571335;;;;;;;;;
TDCFU2;2018-04-18;;;;;;;;;;;;
T01173;2000-05-22;621,733492;;;6,0;7,0;7,4;9,0;6,6;9,0;8,0;7,8;2024-09-12 11:17:03.000
TFCUX1;2020-08-13;274,464834;;;;;;;;;;;
TDCH12;2019-11-19;;;;;;;;;;;;
TFEBOM;2022-12-12;;;;;;;;;;;;
TDCFLZ;2023-04-06;;;;;;;;;;;;
TFBO80;2014-11-26;120,89453;;;;;;;;;;;
TFCRTD;2024-01-03;2561,154505;;;;;;;;;;;
TFCWE4;2021-05-19;309,61423;;;10,0;10,0;10,0;9,0;7,0;9,0;10,0;10,0;2024-06-24 14:13:41.000
TDCGLV;2021-10-15;;;;;;;;;;;;
TEZBFX;2012-12-20;1148,158856;1,0;0,00420385736791976;9,5;8,0;9,0;9,0;8,0;9,0;8,0;8,5;2022-11-09 18:05:11.697
TFDSJV;2023-04-28;;2,0;5314,2096029363;;;;;;;;;
TDCCXZ;2021-03-26;;;;;;;;;;;;
TFCSJM;2017-06-08;;;;;;;;;;;;
TFEDV5;2025-01-23;;1,0;171,130625733278;;;;;;;;;
TDCFDB;2022-09-06;;;;;;;;;;;;
T54815;2013-11-04;1298,991657;1,0;5668,39719775565;9,0;8,0;8,0;9,0;7,0;9,0;8,0;8,0;2022-06-06 12:34:33.000
TEVVHG;2009-12-03;4502,797401;5,0;81066,7314663689;;;;;;;;;
TCBLO0;2016-10-10;;;;;;;;;;;;
TFDDF3;2022-06-22;289,070585;;;9,5;7,5;9,0;10,0;8,5;9,5;8,5;8,0;2024-07-23 14:11:00.000
TFEDBG;2024-12-13;36,245658;1,0;72,8570520434174;;;;;;;;;
TFDRIU;2015-01-14;374,960679;;;;;;;;;;;
TFDIGX;2023-02-03;1073,32138;;;;;;;;;;;
T54594;2021-01-28;;;;;;;;;;;;
T10983;2001-01-31;1644,788298;;;10,0;9,0;8,0;9,5;8,5;9,5;9,5;9,5;2025-03-20 15:47:27.000
TDCDH9;2019-02-28;;;;;;;;;;;;
TFAB06;2016-11-29;409,941737;;;;;;;;;;;
TEZBMC;2011-10-28;1515,04092;2,0;1794,07600504975;;;;;;;;;
TFBLBK;2017-08-29;670,722273;;;9,0;7,5;9,0;7,5;8,0;4,5;5,0;2,5;2025-02-27 16:54:38.000
TDC33B;2018-02-26;;;;;;;;;;;;
TEZEEC;2013-09-27;69,330307;;;10,0;9,333333333333334;8,666666666666666;9,666666666666666;7,833333333333333;9,666666666666666;8,666666666666666;8,666666666666666;2025-01-31 14:12:40.000
TB0612;2005-03-05;436,039033;;;8,0;8,0;8,0;9,0;7,0;9,0;8,0;8,0;2020-10-02 00:00:00.000
TEZM32;2011-10-10;1739,301845;;;7,0;5,0;6,0;8,0;8,0;8,0;8,0;7,0;2022-04-29 00:00:00.000
TDC011;2010-12-01;488,765736;3,0;6143,3910417569;7,0;4,8;6,0;8,0;6,0;7,6;7,4;7,4;2025-02-06 14:51:48.000
TFEBPC;2024-09-30;196,592885;1,0;13530,2074235118;;;;;;;;;
TFDTWG;2024-05-15;166,656319;1,0;2728,31183949466;;;;;;;;;
T12183;2011-06-29;313,030262;2,0;11583,1572527009;7,5;8,0;8,0;9,0;7,0;9,0;8,0;7,75;2024-03-27 17:19:31.000
TEZJI1;2014-12-29;1683,063096;4,0;8413,63797087092;9,0;7,5;4,0;8,5;5,5;9,0;9,0;9,0;2024-11-18 10:15:16.000
TFBYGZ;2013-01-18;176,933095;;;;;;;;;;;
TFCKET;2019-09-24;25,719708;1,0;63,7472931271352;;;;;;;;;
TFC340;2024-06-18;355,586163;2,0;28027,7182235247;;;;;;;;;
TFBYEP;2016-09-21;191,404778;2,0;254,539359770174;9,0;9,0;10,0;9,0;7,0;7,0;8,0;8,0;2024-08-09 10:51:19.000
TFCJAC;2019-08-12;52,83009;;;;;;;;;;;
TFDE03;2022-07-20;1869,642294;1,0;273,305379060567;;;;;;;;;
TFDRA2;2023-12-18;805,0708;1,0;4545,08447047381;;;;;;;;;
TFEDSC;2025-01-15;;1,0;214,69519963703;;;;;;;;;
TFEEQ7;2025-02-28;;1,0;13244,2526376312;;;;;;;;;
TFEC92;2024-10-31;954,251099;1,0;2610,91071478076;;;;;;;;;
TFEDV8;2025-01-24;507,443419;1,0;1522,33025707268;;;;;;;;;
TA3616;2007-09-23;;;;;;;;;;;;
T08138;2001-11-30;195,445067;;;;;;;;;;;
TDCGXI;2020-11-17;;;;;;;;;;;;
T60579;2009-06-09;;1,0;557,074159109887;;;;;;;;;
TDCEXF;2024-07-04;;1,0;330,170957676418;;;;;;;;;
TDCCLV;2019-10-09;;;;;;;;;;;;
TFDTZ0;2024-05-20;286,370208;6,0;32501,555719327;;;;;;;;;
TDCD6S;2022-11-11;;;;;;;;;;;;
TDCGHN;2022-06-06;;;;;;;;;;;;
TFBXIY;2018-03-01;1360,776209;;;9,5;9,5;9,5;9,0;8,5;8,5;9,0;8,5;2024-09-19 11:19:16.000
T43087;2016-02-23;1445,451309;2,0;19236,9395966055;8,5;8,5;8,5;9,0;8,0;8,0;8,0;8,0;2023-09-25 14:06:35.000
TDCFYA;2016-01-01;;;;;;;;;;;;
T84071;2010-06-24;1218,074686;1,0;976,917598301401;4,6;7,8;7,8;9,0;6,8;8,4;8,0;7,4;2023-05-10 20:59:17.490
TFCTD5;2020-12-08;105,823343;1,0;46,2130040455419;7,5;6,0;6,5;8,5;6,5;8,0;9,0;9,0;2023-06-13 10:32:46.000
TDCFRB;2022-05-12;;;;;;;;;;;;
TEZHED;2013-05-15;77,551398;;;9,0;8,0;8,666666666666666;9,333333333333334;7,333333333333333;8,666666666666666;8,0;8,333333333333334;2024-10-29 10:21:42.000
TDC1GL;2023-06-20;10,80305;;;;;;;;;;;
TFCC63;2018-11-08;197,394062;;;;;;;;;;;
TEXKCV;2011-12-22;155,353592;;;7,0;8,0;8,0;9,0;7,0;9,0;8,0;8,0;2019-09-17 10:17:00.000
TEZLT1;2015-07-30;693,11696;2,0;3950,62540779101;7,8;7,6;7,8;8,4;6,4;9,0;7,6;7,6;2024-08-07 13:59:58.000
TFDHVG;2023-01-06;33,027928;;;;;;;;;;;
TFBJUW;2017-04-25;608,876904;;;5,25;5,75;6,5;6,5;5,75;8,5;4,5;8,5;2024-04-08 10:19:15.000
TCAL80;2017-12-18;1107,276467;1,0;897,952341502397;8,0;8,0;8,0;9,0;7,0;9,0;8,0;8,0;2019-11-05 11:59:00.000
T62641;2011-05-06;184,666853;;;10,0;8,0;8,0;9,0;7,75;9,25;8,75;8,5;2024-10-17 15:28:17.000
T84626;2009-06-18;338,585451;1,0;1482,17501149431;10,0;8,333333333333334;9,0;9,0;7,0;8,333333333333334;9,333333333333334;9,333333333333334;2024-12-17 09:02:14.000
TDCH8N;2023-09-08;;;;;;;;;;;;
TFDOBO;2023-06-30;366,135703;2,0;5334,40493373179;4,0;2,0;4,0;8,0;5,0;9,0;4,0;8,0;2024-05-09 11:03:17.000
TDCFQ8;2023-05-03;;;;;;;;;;;;
TFDVIT;2024-02-21;46,699249;;;;;;;;;;;
TCBIL7;2013-02-01;142,097035;;;10,0;10,0;10,0;10,0;10,0;9,0;10,0;10,0;2022-05-30 00:00:00.000
TB2401;2011-01-10;964,365773;4,0;34042,4081719627;6,0;5,333333333333333;6,0;8,666666666666666;7,333333333333333;7,333333333333333;8,0;5,333333333333333;2023-03-20 12:48:56.910
T84905;2010-02-25;114,578934;;;8,75;8,25;8,0;8,75;7,75;8,5;8,5;8,5;2024-09-30 09:22:11.000
TA3162;2009-03-30;;;;;;;;;;;;
TDCCS9;2021-06-15;;;;;;;;;;;;
TEZH39;2014-05-23;148,21645;;;9,666666666666666;8,0;8,0;9,0;7,0;9,0;8,0;8,0;2021-08-26 14:34:00.000
TB4359;2014-12-20;355,455346;5,0;44802,2735900154;8,8;8,0;8,8;9,0;7,4;8,6;8,0;8,0;2023-05-18 17:47:20.130
TA6130;2010-06-28;1573,892358;;;8,5;8,0;8,0;8,5;7,5;9,0;6,5;8,0;2022-09-19 17:18:46.240
TEZFC6;2013-11-29;73,385697;;;10,0;5,5;8,5;9,0;6,0;9,0;10,0;8,5;2025-03-13 15:04:49.000
TDCGA4;2021-03-18;876,378145;1,0;1788,16117773309;;;;;;;;;
TFDGO7;2022-11-09;;;;;;;;;;;;
TEVVQ5;2010-10-01;279,648699;1,0;0,00420385736791976;3,6666666666666665;5,0;5,0;5,333333333333333;2,6666666666666665;6,666666666666667;6,0;8,0;2024-08-28 15:57:31.000
T84252;2011-03-03;434,457997;;;;;;;;;;;
TFCVLT;2021-04-09;58,108752;;;;;;;;;;;
T03133;1997-08-14;1906,855303;2,0;32120,2364290551;;;;;;;;;
TDCC5S;2021-09-27;;;;;;;;;;;;
TCAWHU;2013-10-10;65,204414;;;10,0;10,0;10,0;10,0;7,0;10,0;8,0;10,0;2022-12-15 20:35:54.730
TB2542;2011-08-05;276,842579;;;9,6;8,8;8,8;9,4;8,0;9,0;8,4;8,0;2024-12-10 16:09:06.000
TFDUGP;2024-06-14;;1,0;690,252360525585;;;;;;;;;
T33347;1996-03-21;;;;;;;;;;;;
TFEE47;2017-06-22;;2,0;3998,77218622579;;;;;;;;;
TA3339;2015-07-13;;;;;;;;;;;;
TDCECJ;2024-02-20;;;;;;;;;;;;
TDCFDS;2018-09-06;;;;;;;;;;;;
TFBKDA;2017-06-12;148,578238;3,0;8037,2876400079;9,8;8,8;8,8;9,4;7,4;9,4;8,8;8,8;2024-06-27 16:22:39.000
TEZPRJ;2016-08-11;276,434503;;;7,5;6,5;7,5;9,0;5,0;9,0;8,0;8,0;2023-07-26 11:38:26.000
TFDFRV;2022-09-30;452,396909;;;;;;;;;;;
T62600;2014-11-26;84,396793;;;8,333333333333334;7,666666666666667;8,0;9,333333333333334;7,0;9,0;8,0;8,0;2022-11-10 12:35:03.380
TFDJDS;2024-11-28;481,57243;1,0;9896,9564315693;;;;;;;;;
TEZOF2;2007-09-21;143,894179;1,0;219,798682481685;9,666666666666666;7,0;7,0;9,0;7,0;9,0;8,666666666666666;8,333333333333334;2024-03-14 11:26:55.000
TEXKBS;2011-12-19;98,193099;;;10,0;9,0;9,0;9,0;7,0;9,0;10,0;10,0;2024-12-02 17:57:54.000
TDCEDE;2024-01-18;;;;;;;;;;;;
TFD879;2021-12-17;2080,614426;;;9,0;8,5;8,5;9,0;8,5;9,0;9,0;9,0;2025-02-28 09:49:23.000
T60720;2015-09-02;227,620184;;;9,5;8,0;8,0;8,5;6,0;9,0;8,0;8,0;2024-03-28 09:27:21.000
T08298;1999-09-30;183,169658;;;3,0;6,0;7,0;9,0;6,5;8,0;4,0;6,0;2022-10-07 13:29:12.557
TAACCX;2010-09-09;;;;8,0;7,5;8,0;7,5;5,0;8,0;7,5;6,5;2025-01-10 14:30:00.000
T59260;2009-12-23;269,012183;;;7,142857142857143;7,714285714285714;8,0;8,571428571428571;6,285714285714286;8,428571428571429;7,714285714285714;7,857142857142857;2025-01-16 14:50:21.000
TFDIMT;2023-02-16;57,535608;;;8,0;6,0;6,0;7,0;5,0;9,0;6,0;8,0;2024-04-10 14:38:01.000
TFDUNQ;2024-06-28;2853,555591;1,0;20996,1151777868;;;;;;;;;
TEZAZD;2012-11-09;181,910216;;;9,8;7,6;7,8;8,6;7,4;9,4;8,6;9,0;2025-03-18 15:17:41.000
TEZIGZ;2014-09-24;259,845151;;;8,0;8,0;8,0;9,0;7,0;9,0;8,0;8,0;2019-07-01 14:31:00.000
TFCRAG;2020-08-17;171,333542;;;10,0;9,0;8,666666666666666;9,333333333333334;5,666666666666667;9,666666666666666;10,0;8,0;2024-12-03 09:00:12.000
TEZAWV;2014-09-24;799,541415;;;;;;;;;;;
TFDV39;2021-11-12;;1,0;2712,74075180388;;;;;;;;;
TB0789;2015-06-05;630,006233;;;10,0;10,0;10,0;9,5;9,0;10,0;7,0;8,0;2024-10-23 13:36:09.000
TFCYP5;2021-09-01;457,290743;4,0;21185,1164011911;8,0;10,0;10,0;9,0;8,0;10,0;10,0;9,0;2023-02-03 18:40:13.113
T21326;2009-11-09;161,977374;;;9,666666666666666;7,666666666666667;8,333333333333334;8,5;7,833333333333333;8,833333333333334;8,666666666666666;8,5;2025-02-03 14:46:23.000
TDCHDQ;2024-09-26;;1,0;120,596056313514;;;;;;;;;
TA8260;2010-07-23;110,375565;;;9,0;8,5;9,0;9,5;8,0;9,0;8,0;8,5;2024-08-22 16:36:51.000
TFBWIL;2018-04-09;;;;9,0;9,0;9,0;9,0;9,0;9,0;9,0;9,0;2022-09-08 18:31:19.730
T31939;2013-03-11;145,803576;;;5,4;8,0;8,4;5,4;6,8;5,4;8,0;8,0;2024-09-10 17:40:39.000
TFBXJK;2007-09-28;460,861888;;;;;;;;;;;
TDCCYX;2022-01-17;;;;;;;;;;;;
TB1652;2013-05-28;442,558281;;;8,2;7,2;8,8;9,4;7,0;8,8;8,4;7,8;2024-03-28 16:19:24.000
TFDRGU;2024-01-04;228,975703;1,0;8386,92245729779;;;;;;;;;
TFDCNQ;2022-05-19;;;;;;;;;;;;
T56626;2011-06-13;261,253651;1,0;82,8580287216985;7,714285714285714;7,428571428571429;7,428571428571429;8,571428571428571;7,285714285714286;9,0;8,0;7,714285714285714;2024-10-10 15:51:29.000
T29133;2013-02-01;1551,712353;3,0;2497,19216912117;10,0;9,0;9,0;9,5;8,5;9,5;9,0;9,0;2023-10-17 08:54:28.000
TFDDBS;2022-06-15;191,355706;;;10,0;10,0;10,0;10,0;10,0;10,0;10,0;10,0;2024-09-27 14:57:00.000
TEZMH1;2015-09-28;788,882289;2,0;1474,25494421315;9,5;8,5;8,5;9,5;7,5;8,5;8,0;8,5;2022-03-15 00:00:00.000
TEXCEK;2010-12-17;1174,848901;1,0;46096,3554112969;8,5;9,0;9,5;8,5;8,5;8,5;8,0;8,5;2023-04-04 19:37:42.080
TFCFV6;2019-03-29;1673,83173;2,0;1023,77379252423;7,5;8,666666666666666;9,0;9,333333333333334;7,333333333333333;9,5;8,666666666666666;8,833333333333334;2024-11-07 16:58:15.000
TFCRXN;2020-10-02;349,567555;;;;;;;;;;;
TFDAMO;2022-01-27;14,232643;;;;;;;;;;;
TDCG42;2023-08-14;;;;;;;;;;;;
TDC34B;2019-01-10;;;;;;;;;;;;
TDCA04;2022-08-31;;1,0;514,749723129671;;;;;;;;;
TAAFVF;2010-10-26;465,196693;1,0;597,733867572407;5,0;8,0;8,0;9,0;7,0;9,0;8,0;8,0;2019-10-14 11:36:00.000
TFDQHC;2023-10-31;;2,0;542,835694204743;;;;;;;;;
TFEBVO;2024-10-11;25,538433;1,0;342,639598629668;;;;;;;;;
TFEEKK;2025-02-25;;1,0;4620,84218410109;;;;;;;;;
TAAMHM;2010-11-23;1092,858044;;;10,0;6,0;6,0;9,0;8,0;9,0;9,0;9,0;2023-02-07 13:00:32.653
TFBKBW;2011-01-01;620,686847;;;9,0;8,6;8,6;9,4;7,6;8,8;8,8;9,2;2025-01-20 14:15:00.000
TDCCVG;2021-07-06;;;;;;;;;;;;
TFECMG;2024-11-18;;1,0;96,7055348916262;;;;;;;;;
TFCSNK;2019-11-25;506,214019;;;;;;;;;;;
TFDOJF;2023-07-19;26,064885;;;;;;;;;;;
TC5532;2014-02-14;129,070682;;;;;;;;;;;
TFBOL6;2016-03-30;29,165626;;;;;;;;;;;
TDC8EY;2023-08-22;;1,0;903,34168664807;;;;;;;;;
TFBSKB;2008-05-13;1285,796944;1,0;24,7649237544153;7,5;7,833333333333333;7,833333333333333;8,0;5,666666666666667;8,0;7,5;6,833333333333333;2024-05-28 14:30:10.000
TFDVIS;2024-08-26;77,071331;1,0;654,994608780842;;;;;;;;;
TFEET1;2025-03-10;;1,0;2760,14344748455;;;;;;;;;
TFDRZ2;2024-02-26;40,674883;1,0;57,3868569294726;;;;;;;;;
TFBLAE;2017-08-25;;;;;;;;;;;;
T52576;2011-01-18;978,425087;2,0;33467,4844344686;7,0;8,0;8,0;9,0;7,0;9,0;8,0;8,0;2020-10-27 00:00:00.000
TFDTT6;2024-06-06;660,178431;1,0;842,322696952714;;;;;;;;;
TEZCJE;2013-04-04;1562,237551;2,0;2020,55041303169;9,8;8,0;8,0;9,0;6,8;8,8;7,6;8,0;2024-07-19 11:29:09.000
TDCH98;2021-02-11;;;;;;;;;;;;
TDCEVZ;2022-06-24;;;;;;;;;;;;
TFCGCT;2019-04-16;348,582952;2,0;0,00840771473583952;9,0;8,0;8,0;9,0;7,0;9,0;8,0;8,0;2022-01-21 11:08:00.000
TDCE0D;2024-05-16;;1,0;92,3461348010934;;;;;;;;;
TDCEGI;2023-02-28;;;;;;;;;;;;
T05830;1990-09-03;611,093535;;;7,0;6,666666666666667;7,333333333333333;9,0;6,333333333333333;8,333333333333334;7,666666666666667;7,666666666666667;2024-03-21 16:24:43.000
TFCVGN;2021-03-31;229,097536;1,0;1010,334060519;0,0;8,0;8,0;7,0;0,0;0,0;8,0;0,0;2024-12-19 15:23:56.000
TDCD3S;2021-09-22;;;;;;;;;;;;
TFDOCG;2023-06-30;1204,249916;;;0,0;0,0;0,0;0,0;0,0;10,0;0,0;10,0;2024-04-08 09:51:21.000
TFCXJ6;2021-07-07;407,025338;;;;;;;;;;;
TFCGLS;2019-04-29;;;;8,0;9,0;9,0;9,0;7,0;9,0;8,0;7,0;2024-12-05 10:28:14.000
T76441;2002-10-08;1383,119831;3,0;15436,6357205766;9,333333333333334;7,666666666666667;8,333333333333334;8,0;7,333333333333333;9,333333333333334;9,0;8,666666666666666;2024-05-28 14:49:20.000
TFDECC;2022-07-28;162,855817;;;;;;;;;;;
TFDQ72;2023-10-17;21,261493;;;;;;;;;;;
T16880;2007-11-28;209,56361;;;10,0;10,0;10,0;9,0;10,0;10,0;8,0;8,0;2024-08-23 11:37:24.000
TFCADC;2018-08-28;181,936722;3,0;4185,84383909822;10,0;8,0;8,0;9,666666666666666;10,0;10,0;8,666666666666666;8,0;2024-08-02 10:32:23.000
T79368;2008-07-30;186,832006;1,0;95,9698598522402;9,0;8,8;8,8;9,4;8,2;9,4;8,8;8,8;2024-11-21 16:53:20.000
TDCG5O;2018-07-20;;;;;;;;;;;;
TDCC25;2017-06-22;;;;;;;;;;;;
TDCFNT;2020-03-09;;;;;;;;;;;;
T79220;2020-03-27;1487,761298;2,0;51253,1894098077;;;;;;;;;
TDCFUP;2023-09-29;;;;;;;;;;;;
TEVVHL;2015-10-05;187,780002;;;7,0;7,0;7,0;7,0;7,0;9,0;5,0;7,0;2022-03-28 00:00:00.000
TFDS77;2024-02-29;675,107263;;;;;;;;;;;
TFCSCT;2020-10-22;3978,10229;2,0;2552,01887691358;5,4;7,2;8,0;7,6;7,4;9,0;6,6;8,2;2024-05-02 09:55:26.000
TFDCD0;2022-04-28;256,587519;1,0;83,3498800337451;8,0;6,0;6,0;9,0;7,0;9,0;8,0;7,0;2023-10-11 10:40:04.000
TDCGRP;2021-07-27;;;;;;;;;;;;
T61132;2010-05-24;256,218977;;;7,4;6,4;7,4;8,0;6,2;7,8;8,0;7,6;2025-03-18 10:24:17.000
TEZARZ;2012-10-26;;1,0;0,00420385736791976;9,0;9,0;9,0;9,0;6,5;8,0;9,0;8,5;2024-11-11 09:43:54.000
TFCNH5;2020-01-22;272,113514;;;9,6;9,6;9,6;9,4;8,6;9,4;9,6;9,6;2024-11-08 14:33:12.000
TEZB04;2012-11-14;914,856652;2,0;0,00840771473583952;8,666666666666666;6,0;6,0;8,0;7,0;7,666666666666667;7,333333333333333;8,0;2024-06-11 09:59:15.000
TFCTVY;2014-11-18;;;;;;;;;;;;
TDC1LC;2025-02-21;44,025827;1,0;108,749586250716;;;;;;;;;
TFCFTM;2019-03-29;2796,793041;2,0;5965,43335165812;7,75;7,5;7,5;7,75;6,25;8,75;7,5;7,75;2024-06-12 16:27:54.000
TEYSVO;2012-07-20;560,710348;;;8,0;8,2;8,2;8,2;6,8;8,0;8,0;8,0;2024-12-04 17:15:19.000
TFDBV2;2022-03-31;509,339358;;;;;;;;;;;
TFBLQH;2017-10-10;410,66631;;;9,0;8,0;8,0;9,0;7,0;9,0;8,0;8,0;2024-02-15 17:08:58.000
T75515;2006-05-23;379,311636;3,0;1538,93549367596;8,0;6,666666666666667;7,333333333333333;7,666666666666667;7,0;8,333333333333334;7,333333333333333;8,0;2025-02-20 17:07:57.000
TB4322;2014-08-07;181,730921;;;9,4;7,8;8,2;9,4;7,8;9,4;8,4;8,6;2024-12-04 14:25:59.000
T46332;2008-03-01;943,765078;;;8,0;7,333333333333333;7,666666666666667;8,333333333333334;7,0;9,0;7,333333333333333;8,666666666666666;2023-07-24 14:47:16.000
T26027;1993-11-17;67,2428;;;10,0;8,0;8,0;9,0;7,0;9,0;8,0;8,0;2020-12-10 15:01:00.000
TFCNRR;2020-01-31;303,066479;2,0;160,898436899761;6,666666666666667;7,0;7,333333333333333;8,333333333333334;7,0;7,0;6,333333333333333;6,0;2024-10-16 16:28:37.000
TEZOD5;2016-04-07;82,272927;;;8,333333333333334;7,666666666666667;7,666666666666667;7,666666666666667;7,333333333333333;9,0;8,0;8,666666666666666;2024-04-08 11:28:14.000
TCBMMC;2016-09-06;;;;;;;;;;;;
T45259;2009-11-26;423,269414;1,0;1388,74428149229;9,75;8,25;8,25;9,25;7,25;9,25;8,5;8,5;2023-10-18 15:12:55.000
T57551;2014-06-06;305,074054;;;9,666666666666666;8,666666666666666;8,333333333333334;9,0;7,666666666666667;9,333333333333334;8,333333333333334;8,333333333333334;2023-10-20 10:54:47.000
TA3126;2014-06-16;123,543884;;;8,5;8,0;9,0;9,5;8,0;9,5;8,0;8,0;2024-05-27 11:03:43.000
T78381;2009-12-18;564,314458;3,0;10374,2497855508;10,0;7,75;8,5;9,0;6,75;8,75;8,0;6,75;2024-11-21 10:39:37.000
TFBQSX;2020-08-14;819,856312;;;8,0;7,0;6,0;6,0;8,0;8,0;7,0;8,0;2022-09-08 12:14:04.847
TFDHKX;2022-12-20;445,485326;1,0;198,543979629482;7,0;8,0;8,0;8,0;6,0;7,0;7,0;8,0;2024-09-16 09:22:37.000
TFDNBV;2023-05-19;120,070223;;;;;;;;;;;
T52004;2024-10-14;18,008273;1,0;530,783235130917;;;;;;;;;
TDCD7G;2024-06-13;;1,0;120,213505293033;;;;;;;;;
T56194;2010-08-31;80,001345;;;;;;;;;;;
TDCGHU;2020-12-30;;;;;;;;;;;;
TFDPQX;2012-02-27;;;;;;;;;;;;
TFDOXG;2023-08-14;63,387285;;;;;;;;;;;
TFDAUG;2022-02-10;360,072132;;;;;;;;;;;
TB1247;2008-07-05;219,325748;;;8,0;8,0;8,0;9,0;7,0;9,0;8,0;8,0;2020-10-13 00:00:00.000
T53779;2009-01-30;241,067791;;;7,5;8,0;7,0;3,5;6,0;9,0;8,0;9,0;2025-01-09 10:47:28.000
TA3374;2011-04-11;127,391231;1,0;34,4884458464137;;;;;;;;;
TFDG52;2022-10-18;;;;;;;;;;;;
TB0727;2005-10-05;542,89859;;;7,333333333333333;7,666666666666667;8,0;8,666666666666666;7,666666666666667;9,333333333333334;8,666666666666666;8,333333333333334;2023-08-25 14:13:47.000
TB6074;2016-07-15;89,039137;1,0;152,990981190704;8,0;9,0;9,0;9,5;7,5;9,5;10,0;8,0;2025-01-24 17:21:11.000
T31846;2011-07-28;541,561101;;;7,0;6,333333333333333;6,666666666666667;8,333333333333334;8,333333333333334;9,0;8,0;7,666666666666667;2024-08-13 10:42:51.000
TFBXL1;2014-11-18;;;;;;;;;;;;
TFBTYK;2018-03-06;806,482599;1,0;60,1656066496676;9,0;7,5;6,5;8,0;7,0;8,5;8,0;7,5;2024-10-18 10:13:14.000
TFEBQ1;2024-09-30;1388,878632;2,0;98390,1634701021;9,0;9,0;8,0;10,0;9,0;10,0;8,0;8,0;2025-03-12 10:56:36.000
TFCBRY;2018-10-26;378,517095;;;8,25;6,0;7,75;9,0;7,0;8,5;8,0;8,5;2025-03-07 15:27:53.000
TFEEHV;2025-02-21;;1,0;244,778002961864;;;;;;;;;
T01352;1994-11-09;;;;;;;;;;;;
TDCFPM;2020-08-12;;;;;;;;;;;;
TEZGU0;2010-03-30;659,314744;;;;;;;;;;;
TFDIUF;2023-03-03;399,385636;;;;;;;;;;;
TFCTVM;2021-01-12;52,637636;;;;;;;;;;;
T22707;2002-10-31;;;;7,0;8,0;8,0;9,0;7,0;9,0;8,0;8,0;2021-08-19 10:20:00.000
TFD123;2021-11-11;;1,0;93,5904765819976;7,0;7,0;7,0;8,0;10,0;8,0;10,0;8,0;2023-08-29 11:50:42.000
TFEDM0;2025-01-09;153,686719;1,0;3207,74075301907;;;;;;;;;
TFBRK2;2017-12-27;126,819384;3,0;2278,25527739991;;;;;;;;;
TEZL56;2014-10-31;261,453654;;;9,0;7,5;7,5;9,0;7,5;6,5;7,5;9,0;2024-06-06 10:18:03.000
TFDTP2;2024-04-26;309,778558;1,0;12009,3821473769;;;;;;;;;
TFDU70;2024-05-27;359,408318;1,0;10000,5899234033;;;;;;;;;
TFCP19;2020-03-31;580,251669;3,0;7549,37113845766;9,0;7,0;7,0;7,0;7,0;7,0;7,0;7,0;2024-10-07 10:38:44.000
TFCXU9;2021-11-22;;;;;;;;;;;;
TFDQX0;2023-11-30;464,305536;;;;;;;;;;;
TAAHTY;2010-11-17;191,072292;3,0;9929,19581372388;8,333333333333334;8,0;8,0;9,0;7,0;9,0;8,0;8,0;2021-08-16 12:01:00.000
TEZGQT;2013-01-18;204,385822;;;;;;;;;;;
TDC0DE;2018-06-01;345,460386;;;8,0;8,0;8,5;10,0;7,0;6,0;6,0;6,0;2024-12-04 10:46:14.000
TFDN48;2023-05-12;55,610888;;;;;;;;;;;
TFCSRU;2012-07-11;754,232693;2,0;11685,0923861582;;;;;;;;;
TDCE0Y;2023-04-19;;;;;;;;;;;;
TEXHTJ;2011-11-29;190,238747;;;8,833333333333334;7,0;7,166666666666667;9,333333333333334;6,666666666666667;8,333333333333334;7,333333333333333;8,166666666666666;2025-02-26 16:46:20.000
TFDN98;2023-05-16;220,835158;2,0;1414,36679214976;7,0;0,0;0,0;10,0;3,0;7,0;7,0;5,0;2024-09-17 17:07:09.000
TFDGU5;2022-11-23;139,301041;1,0;20,3971159491467;;;;;;;;;
T09633;2023-11-14;5338,889474;;;;;;;;;;;
T42902;2011-08-22;336,088048;;;8,0;8,0;8,333333333333334;9,0;6,666666666666667;8,333333333333334;8,333333333333334;8,333333333333334;2024-09-26 15:39:41.000
T13918;2005-04-29;998,069906;2,0;10103,6853214941;;;;;;;;;
T76282;2010-10-06;;;;;;;;;;;;
TEZASO;2012-10-30;4468,312368;2,0;8467,93919649234;7,75;6,75;7,0;8,25;7,25;8,5;4,75;8,5;2025-03-07 14:56:02.000
TFCWKB;2021-05-31;499,21302;;;8,0;8,0;8,0;9,0;7,666666666666667;9,0;8,0;8,333333333333334;2024-10-29 15:21:45.000
T60795;2008-07-25;1853,14051;5,0;25053,392447002;8,333333333333334;8,0;8,333333333333334;8,333333333333334;7,0;9,0;8,0;8,0;2024-10-04 15:51:03.000
TFDROX;2024-01-31;;;;;;;;;;;;
TFDBFL;2022-03-11;70,514564;2,0;4399,54272453906;;;;;;;;;
TFBYS3;2018-05-17;25,613632;;;;;;;;;;;
T78253;2011-07-29;486,417962;5,0;29045,6108195912;8,75;7,75;8,5;8,25;6,5;8,0;7,75;8,5;2024-03-07 11:07:37.000
TFBOOV;2017-04-04;49,396293;;;9,0;9,0;9,0;9,0;7,0;9,0;9,0;9,0;2022-08-23 12:22:21.193
TDC87E;2022-02-09;;;;;;;;;;;;
TDC8H2;2021-08-18;;;;;;;;;;;;
TDCF6P;2023-09-22;;;;;;;;;;;;
TFBREC;2017-12-18;;;;;;;;;;;;
T60633;2011-01-07;547,840821;1,0;0,100892576830074;1,5;3,25;5,0;3,5;3,75;4,0;6,0;4,75;2024-10-28 15:09:42.000
TEZHQP;2014-07-30;110,815616;;;7,666666666666667;8,0;8,333333333333334;9,0;6,5;9,0;7,833333333333333;7,833333333333333;2024-12-11 10:51:54.000
T16221;2007-05-03;805,989087;2,0;53298,2693305812;9,8;8,2;8,2;9,0;7,6;9,2;8,0;8,8;2024-07-10 09:07:57.000
TFBYLD;2021-09-21;133,736613;;;3,0;3,0;3,0;10,0;7,0;9,0;3,0;8,0;2023-07-28 15:49:52.000
TB5466;2016-03-15;443,378443;;;8,5;7,166666666666667;7,666666666666667;7,166666666666667;7,0;8,5;8,166666666666666;7,666666666666667;2024-12-12 14:39:21.000
TEYVWO;2013-08-19;1374,746406;;;7,4;7,2;7,4;7,6;6,4;8,0;7,2;7,6;2024-07-30 17:48:03.000
TFBN50;2020-11-15;204,609996;1,0;1443,64665871732;8,333333333333334;7,0;7,333333333333333;9,333333333333334;5,666666666666667;8,666666666666666;7,666666666666667;8,0;2025-01-14 15:12:39.000
T03752;1998-07-13;2370,575785;1,0;221,341498135711;9,0;7,0;7,0;6,0;5,0;8,5;8,0;9,0;2023-09-12 09:22:18.000
TFDR36;2023-12-12;30,717909;;;;;;;;;;;
TFD991;2021-12-22;14,242345;;;8,5;7,5;9,0;9,0;8,5;9,5;9,0;8,0;2024-12-03 09:59:00.000
TDCGE1;2024-02-27;;;;;;;;;;;;
TDCFVA;2016-08-24;1416,471873;2,0;55969,8543187532;;;;;;;;;
TFBLNS;2017-09-29;501,566587;;;;;;;;;;;
TEZB95;2012-11-30;;;;;;;;;;;;
T40380;2009-11-16;1048,065522;;;8,5;9,0;8,0;9,5;7,5;9,5;9,0;9,0;2025-01-30 15:38:22.000
TFCTU7;2021-01-08;692,582321;;;6,25;7,75;7,75;7,5;6,75;8,5;7,0;7,5;2024-10-29 09:38:41.000
TDCGLW;2022-01-16;;;;;;;;;;;;
TFDNK0;2023-05-30;60,245129;;;;;;;;;;;
T38515;2010-10-26;1405,887288;;;8,25;7,75;8,5;9,0;7,25;9,25;8,0;9,0;2024-11-27 08:51:07.000
TFDOMO;2023-07-26;179,413994;1,0;275,48297717715;;;;;;;;;
TFDBQZ;2022-03-30;520,925189;;;;;;;;;;;
TFCGS4;2011-03-18;106,011849;;;9,666666666666666;9,0;9,0;9,166666666666666;7,0;9,666666666666666;8,333333333333334;8,666666666666666;2024-02-27 10:53:12.000
TB3671;2014-01-15;511,418974;;;9,0;8,0;7,833333333333333;7,833333333333333;7,5;8,0;7,666666666666667;8,166666666666666;2025-03-10 10:48:07.000
TFBXYW;2006-02-01;156,501228;;;10,0;10,0;10,0;10,0;8,0;10,0;10,0;9,0;2022-04-04 00:00:00.000
TDCCK0;2021-07-12;;;;;;;;;;;;
TFDNX1;2022-03-11;107,20289;;;;;;;;;;;
T53763;2007-08-21;;2,0;83093,8735277535;;;;;;;;;
TFCHG2;2019-05-30;56,895005;;;;;;;;;;;
TEZEET;2013-09-25;671,258432;;;9,666666666666666;7,333333333333333;8,0;8,666666666666666;7,0;8,333333333333334;9,333333333333334;10,0;2025-03-24 10:05:22.000
TDCCNP;2022-07-18;;;;;;;;;;;;
T09068;2002-05-21;367,415193;;;9,0;8,0;8,0;8,0;8,0;9,0;8,0;9,0;2024-11-28 14:59:44.000
TDCFRA;2022-05-05;;;;;;;;;;;;
TFD790;2021-12-14;347,305427;1,0;331,72218104518;7,0;3,5;8,0;9,0;8,0;6,0;9,0;7,0;2024-10-17 08:38:25.000
T89973;2009-11-30;771,048331;;;8,5;6,5;6,5;5,5;6,0;9,0;9,0;9,0;2024-10-28 13:51:17.000
TB4327;2015-03-10;497,952645;1,0;1486,23593771172;9,0;9,0;10,0;9,5;6,5;7,0;9,0;10,0;2023-07-27 15:15:30.000
TDCED4;2021-05-24;;1,0;668,198924773478;;;;;;;;;
TFCBQI;2018-09-13;95,90056;;;;;;;;;;;
TDCC3E;2021-09-22;;;;;;;;;;;;
TB4691;2017-01-20;379,98443;;;;;;;;;;;
TFDPQP;2023-09-20;617,893846;;;9,5;8,0;8,0;9,0;9,0;7,5;9,5;9,5;2025-03-13 14:47:45.000
TFCCFA;2015-06-24;699,99373;2,0;8198,21130005187;10,0;7,0;7,0;10,0;7,0;10,0;7,0;7,0;2023-10-04 16:57:19.000
TEWRKI;2011-07-29;731,588599;2,0;2536,86397110223;8,0;8,0;8,0;9,0;7,0;9,0;8,0;8,0;2024-10-30 09:55:03.000
TEWOX7;2011-06-29;2683,44131;2,0;3792,3543817462;8,0;8,0;8,0;9,0;7,0;9,0;8,0;8,0;2020-02-18 17:11:00.000
TEZF27;2012-05-31;;;;;;;;;;;;
TEZBHC;2012-12-26;379,753199;2,0;0,00840771473583952;8,333333333333334;8,0;8,0;9,0;7,666666666666667;8,666666666666666;8,0;8,0;2023-03-23 14:08:57.210
TDCD45;2022-08-22;;1,0;59,6947746244606;;;;;;;;;
TFDB97;2022-02-25;419,810886;;;10,0;10,0;9,0;9,5;7,0;9,0;9,0;10,0;2024-12-19 16:53:24.000
T30893;2010-02-26;203,957917;;;8,5;7,666666666666667;7,5;8,666666666666666;6,5;8,666666666666666;8,0;8,166666666666666;2023-07-17 09:08:52.000
T09979;2002-12-20;1584,757188;1,0;0,00420385736791976;8,6;7,2;7,6;7,8;7,4;8,8;7,8;7,6;2024-12-13 13:17:09.000
TFDDMP;2022-06-30;22,095797;;;;;;;;;;;
TDCDE6;2024-06-28;;1,0;563,859184901709;;;;;;;;;
T53336;2008-10-31;685,750764;;;8,0;8,0;8,0;8,0;8,0;9,0;5,0;8,0;2023-09-19 10:29:48.000
TFDOHG;2023-07-14;836,110796;;;;;;;;;;;
T05704;1999-12-08;305,864636;;;9,0;8,0;8,0;8,0;8,0;8,0;7,0;8,0;2024-04-22 14:47:16.000
TB0594;2014-07-20;683,673323;;;8,0;8,0;8,333333333333334;9,0;7,333333333333333;9,0;8,333333333333334;8,0;2022-10-06 13:27:07.863
TB3429;2013-03-05;204,404544;;;10,0;9,142857142857142;8,857142857142858;9,142857142857142;7,571428571428571;9,428571428571429;8,285714285714286;9,142857142857142;2025-02-21 15:22:52.000
TB6660;2017-05-12;250,476493;;;9,5;8,5;8,5;9,0;7,5;9,0;8,5;8,5;2022-08-26 14:04:27.870
T37792;2000-11-06;;;;9,0;10,0;10,0;9,0;7,0;9,0;8,0;10,0;2024-05-29 15:50:03.000
TEZNX8;2016-02-26;356,821311;;;7,25;8,25;8,25;9,0;7,5;9,0;7,25;8,0;2023-08-25 15:03:50.000
TDCEC4;2022-01-04;;;;;;;;;;;;
TDCC7W;2024-06-21;;1,0;392,341804290583;;;;;;;;;
TFDBAQ;2022-02-25;267,899846;2,0;6223,03311959214;7,5;5,0;5,0;8,5;5,0;9,0;7,5;4,5;2024-04-03 17:02:38.000
TCABVH;2014-09-26;124,622704;;;;;;;;;;;
TFDSCK;2024-03-07;;2,0;0,00840771473583952;;;;;;;;;
TB3389;2013-08-20;295,267844;1,0;3197,03352830298;;;;;;;;;
TEZLHD;2015-06-30;447,127366;2,0;7703,06416382881;7,25;7,75;7,75;8,75;5,75;8,0;7,0;8,75;2025-01-31 11:30:09.000
TDCCPL;2023-03-23;;;;;;;;;;;;
TDC839;2022-09-20;;1,0;590,839541489019;;;;;;;;;
TFDPZB;2023-10-05;29,449422;1,0;36,4558510946002;;;;;;;;;
TDCDW6;2021-02-01;;;;;;;;;;;;
TEVVMH;2010-10-01;2883,991025;;;7,666666666666667;6,666666666666667;6,666666666666667;7,333333333333333;6,333333333333333;7,666666666666667;7,666666666666667;6,666666666666667;2024-10-31 11:54:02.000
TFD555;2021-11-30;162,015822;;;7,0;7,5;8,5;9,0;5,5;2,0;5,0;6,5;2024-08-06 11:34:49.000
TDCC1D;2022-06-17;;;;;;;;;;;;
T57767;2008-10-15;839,643578;1,0;0,00420385736791976;8,0;7,0;7,5;7,5;6,75;8,25;8,0;6,75;2024-12-10 11:53:47.000
TCANFQ;2015-01-16;;;;;;;;;;;;
T15238;2006-07-12;;;;;;;;;;;;
TDCCD0;2022-12-01;;;;;;;;;;;;
TDCDQB;2024-05-09;;1,0;313,485847783144;;;;;;;;;
TFDBZE;2022-04-14;236,738242;;;;;;;;;;;
TEZIHD;2014-09-23;;;;;;;;;;;;
TEZOMW;2016-05-23;974,920831;13,0;31814,2166319573;7,4;8,6;9,0;9,2;7,4;9,2;8,4;8,6;2024-02-07 15:52:11.000
T22884;2012-06-20;551,074126;;;4,0;8,0;8,0;9,0;7,0;9,0;8,0;8,0;2019-12-05 09:29:00.000
TDCDXR;2024-02-01;;;;;;;;;;;;
T05809;2012-01-04;718,931569;;;7,75;7,0;7,0;8,5;6,75;9,25;8,0;8,5;2024-08-30 14:39:48.000
TFBOCU;2014-06-27;164,183589;;;;;;;;;;;
TDC1KH;2009-10-01;647,860459;3,0;6308,35040487407;8,666666666666666;6,0;8,666666666666666;9,0;7,0;9,0;8,0;8,333333333333334;2024-11-08 15:16:47.000
TEZDCI;2013-06-21;521,615742;;;10,0;8,0;9,0;9,0;8,0;8,0;9,0;10,0;2024-07-10 11:18:12.000
TFECNJ;2024-11-19;;1,0;357,294245414236;;;;;;;;;
TEYJFM;2012-07-10;1592,732956;;;8,666666666666666;8,0;7,666666666666667;6,333333333333333;6,0;6,666666666666667;8,333333333333334;9,666666666666666;2025-03-20 11:14:36.000
TEZDJD;2013-07-18;39,093471;;;;;;;;;;;
TDC0SA;2020-08-04;197,474528;;;7,0;7,0;7,0;9,0;4,0;9,0;6,0;9,0;2023-09-29 13:32:19.000
TFDFAP;2022-09-02;109,849703;;;;;;;;;;;
TFDDM7;2022-06-29;128,746434;1,0;13069,3511518389;;;;;;;;;
T89914;2009-11-26;;;;8,5;8,0;8,25;9,0;7,0;9,0;8,0;8,5;2025-02-10 14:44:47.000
TFECY6;2024-12-03;61,618039;1,0;63,1209183793152;;;;;;;;;
TFDOPS;2023-07-28;;1,0;1069,88170013558;;;;;;;;;
T16597;2011-12-23;3179,335288;4,0;51893,5461872335;8,166666666666666;8,333333333333334;8,333333333333334;9,0;7,166666666666667;9,166666666666666;8,0;8,0;2024-07-30 15:23:17.000
TDCDO6;2023-01-03;;;;;;;;;;;;
TFCVQE;2010-05-28;;1,0;0,00420385736791976;;;;;;;;;
TEZGOT;2007-12-13;78,933056;;;8,0;8,0;10,0;9,0;7,0;9,0;8,0;8,0;2022-05-25 00:00:00.000
TFCNUF;2020-02-05;33,588786;;;5,0;5,0;7,0;7,0;5,0;8,0;3,0;8,0;2024-10-21 10:55:09.000
T27782;2011-11-21;1614,213628;3,0;43132,7074324887;9,0;8,0;8,0;9,0;7,0;9,0;8,0;8,0;2019-10-03 09:15:00.000
TEZND8;2015-11-24;363,854064;;;8,0;5,666666666666667;5,666666666666667;8,666666666666666;6,333333333333333;8,666666666666666;8,0;8,0;2022-03-24 00:00:00.000
TEZJXL;2015-02-27;248,871076;;;9,25;8,0;8,25;9,25;7,25;9,25;8,5;8,5;2023-07-17 11:50:50.000
TDCDU9;2021-04-23;;;;;;;;;;;;
TDCGJH;2022-01-26;;;;;;;;;;;;
TFBLFX;2015-06-24;583,186034;;;;;;;;;;;
TFDQUD;2023-12-29;29,221766;;;;;;;;;;;
TFBOJQ;2015-07-31;;;;;;;;;;;;
TFBRNY;2023-12-26;114,028013;;;10,0;10,0;10,0;9,0;7,0;10,0;10,0;10,0;2024-10-21 16:46:55.000
TFC778;2018-08-10;23,630713;;;;;;;;;;;
T07244;2001-03-27;346,502943;3,0;63586,0667893608;9,5;7,333333333333333;7,333333333333333;9,166666666666666;7,166666666666667;8,833333333333334;8,166666666666666;8,333333333333334;2024-02-14 17:45:06.000
TFBOOO;2016-09-20;;;;;;;;;;;;
TFCOFJ;2020-02-27;331,75306;2,0;387,57883389273;10,0;10,0;9,0;9,5;6,0;10,0;8,0;9,0;2024-03-05 10:12:34.000
TDC9VX;2021-10-01;1249,150993;;;;;;;;;;;
T52450;2011-06-20;;;;8,166666666666666;7,0;7,333333333333333;8,666666666666666;6,5;7,666666666666667;7,833333333333333;7,833333333333333;2024-03-07 16:46:24.000
TC7343;2014-07-24;50,968167;1,0;63,7472931271352;;;;;;;;;
TDC01I;2016-03-01;651,990779;2,0;1174,28449786787;7,0;6,0;8,0;10,0;8,0;7,0;8,0;9,0;2025-01-17 15:59:06.000
TFEEDJ;2025-02-13;;1,0;140,034692782775;;;;;;;;;
TFDGVY;2022-11-25;34,398353;;;;;;;;;;;
TAAOKS;2011-02-28;;;;2,0;8,0;8,0;9,0;7,0;9,0;8,0;8,0;2019-06-03 11:45:00.000
TDCHCN;2024-09-30;;1,0;168,784873321978;;;;;;;;;
TFDIEW;2023-01-31;33,224377;;;;;;;;;;;
TB2075;2010-07-28;746,734487;;;0,0;0,0;0,0;0,0;0,0;0,0;8,0;0,0;2022-06-06 17:58:29.000
TFCEVV;2019-02-15;116,65611;1,0;79,1376149510895;7,0;8,5;8,0;9,0;6,5;9,0;8,25;7,0;2025-02-26 14:19:14.000
TDCENB;2018-06-28;;;;;;;;;;;;
TDCDSG;2017-12-14;;;;;;;;;;;;
TEVVKG;2014-11-07;;2,0;0,155542722613031;;;;;;;;;
T54060;2010-11-30;166,49762;2,0;101,817425451017;8,333333333333334;7,333333333333333;7,0;9,333333333333334;6,666666666666667;8,333333333333334;7,666666666666667;7,666666666666667;2024-06-18 17:44:50.000
TFCNAQ;2020-06-22;568,718303;1,0;37890,602391127;;;;;;;;;
T42496;2002-08-30;1148,483401;;;6,0;3,0;5,0;3,0;4,0;5,0;5,0;0,0;2023-10-30 10:06:45.000
TFCPVM;2020-06-10;175,987588;;;8,5;9,0;8,5;9,0;7,0;9,0;8,0;8,0;2024-10-01 17:15:41.000
TFDFX1;2022-10-06;36,773727;;;;;;;;;;;
TDCGYU;2018-10-19;;;;;;;;;;;;
TEZHGT;2014-06-24;595,540903;2,0;0,00840771473583952;10,0;6,666666666666667;8,666666666666666;8,666666666666666;6,333333333333333;9,666666666666666;8,0;9,333333333333334;2024-12-05 14:59:15.000
TB0968;2008-04-05;844,018052;;;7,0;10,0;9,0;9,0;7,0;9,0;8,0;2,0;2024-03-28 16:41:53.000
TFDHZ9;2023-01-16;;;;;;;;;;;;
TEZDSL;2013-08-15;471,976599;;;8,25;8,0;9,0;9,0;6,5;9,25;9,0;8,25;2025-03-14 11:55:17.000
TFEDIN;2024-12-30;92,64701;1,0;7343,73945530587;;;;;;;;;
TDCD1W;2021-03-01;;;;;;;;;;;;
TFCUSP;2021-02-26;116,493034;1,0;793,364574045921;;;;;;;;;
T13023;2005-01-18;496,114139;2,0;0,00840771473583952;8,5;4,75;5,5;8,75;7,0;8,25;8,0;8,0;2024-09-10 14:25:53.000
TFBKIZ;2019-08-30;32,116441;;;;;;;;;;;
TDCDV9;2021-09-27;;1,0;50,4673077018767;;;;;;;;;
T58684;2001-06-12;94,720451;;;;;;;;;;;
TFDVIA;2024-08-26;;2,0;2418,83647164051;;;;;;;;;
TDCHEC;2024-09-23;;1,0;216,313684723679;;;;;;;;;
T48229;2011-02-02;266,093635;;;10,0;8,0;8,0;9,0;7,0;9,0;8,0;8,0;2022-02-25 09:30:00.000
TFDGEK;2022-10-24;;;;;;;;;;;;
TFDNYJ;2024-07-31;1219,66903;1,0;7108,2141424108;;;;;;;;;
TFDPIO;2023-08-31;1149,412242;1,0;11787,8851065186;;;;;;;;;
T05273;2009-12-15;2054,004067;9,0;21120,6208214525;9,333333333333334;8,666666666666666;8,666666666666666;9,0;7,666666666666667;9,0;8,333333333333334;8,0;2023-05-15 17:47:43.793
TFCAR6;2018-09-17;702,171158;;;8,0;7,5;8,0;8,0;7,0;8,0;8,0;8,0;2024-09-06 09:22:38.000
TCBKKJ;2010-09-16;;;;;;;;;;;;
T11806;2007-04-27;276,460954;2,0;5436,40732890699;7,4;7,2;7,2;6,8;7,8;8,8;7,0;7,4;2024-05-03 16:40:58.000
TAA643;2010-08-30;;;;8,5;7,0;8,0;9,0;8,0;9,0;8,5;8,0;2023-02-17 18:30:12.643
T46162;2009-11-09;115,085082;1,0;458,61141183847;10,0;8,0;8,0;10,0;7,0;10,0;8,0;10,0;2024-03-19 15:25:28.000
TC5681;2013-11-22;65,642181;1,0;63,7472931271352;10,0;10,0;10,0;8,0;8,0;10,0;8,0;10,0;2022-06-27 12:10:29.000
TFBGUU;2020-12-21;855,659595;;;;;;;;;;;
TFCSNY;2020-11-16;895,694776;1,0;1319,72535122579;10,0;8,0;8,0;9,0;7,0;9,0;8,0;8,0;2021-11-25 13:54:00.000
TFDTQO;2024-04-30;876,868085;1,0;4488,66450073896;;;;;;;;;
TFDV01;2024-07-29;127,205721;1,0;3389,20446016269;;;;;;;;;
TDCFZI;2024-03-06;;1,0;1087,82796723923;;;;;;;;;
TFDSE2;2024-03-11;75,669432;1,0;3237,19718159608;;;;;;;;;
TFDHL5;2022-12-21;1189,1088;;;;;;;;;;;
TFCET4;2019-02-11;210,379066;;;8,75;8,5;8,75;9,25;7,75;9,5;8,5;8,5;2024-09-30 15:07:54.000
T06381;2000-06-28;287,623313;3,0;5693,46900309792;10,0;6,333333333333333;8,0;9,666666666666666;8,0;9,0;8,0;8,333333333333334;2023-11-06 15:07:33.000
TEZMIZ;2015-09-30;765,985411;2,0;0,00840771473583952;9,25;7,25;7,25;8,75;6,5;9,75;9,25;6,0;2024-10-17 08:35:06.000
TEVVPZ;2012-04-20;324,971386;1,0;0,00420385736791976;9,0;8,0;9,0;8,5;7,0;9,5;8,5;8,5;2023-04-24 13:21:34.570
T10944;2007-11-29;1272,212939;4,0;28299,0519934797;6,0;9,0;9,0;1,0;6,0;4,0;5,0;8,0;2024-12-05 14:57:53.000
TEXYEW;2011-06-30;270,202252;;;6,0;8,0;8,0;9,0;7,0;9,0;8,0;8,0;2019-07-15 17:06:00.000
TFCQL3;2020-07-19;238,832605;;;8,5;6,5;7,0;7,5;7,5;7,5;8,5;6,5;2024-06-26 17:30:07.000
TFDFSW;2022-09-30;37,208212;;;;;;;;;;;
TFEEOC;2025-03-10;;1,0;197,606519436436;;;;;;;;;
TFBYS0;2023-06-22;109,886163;;;;;;;;;;;
T53544;2023-10-31;3649,852024;3,0;2502,74546470419;;;;;;;;;
TEZOUY;2016-06-21;500,999746;;;;;;;;;;;
TFEBWO;2024-10-15;1341,467701;1,0;6473,11639055232;;;;;;;;;
TCAI25;2016-09-19;;;;;;;;;;;;
TFCVOB;2021-06-25;28,385792;;;;;;;;;;;
TFCIXR;2019-08-01;33,319803;;;;;;;;;;;
TDCD3E;2024-01-11;;;;;;;;;;;;
T05914;2005-01-31;517,739801;2,0;64,8234806133227;9,2;7,0;6,2;8,8;2,8;8,0;8,4;7,4;2024-10-28 15:07:34.000
TFEDB2;2024-12-13;;1,0;221,18175155573;;;;;;;;;
99958;2016-04-07;;;;;;;;;;;;
TFDNAV;2023-05-18;33,58938;1,0;36,4558510946002;10,0;8,0;8,0;9,0;10,0;0,0;10,0;8,0;2024-01-22 08:57:00.000
TA2616;2015-11-18;62,499717;;;;;;;;;;;
TEXKCQ;2011-12-19;;;;;;;;;;;;
TFDVRK;2024-09-16;870,244717;1,0;906,406298669283;;;;;;;;;
TFDFEV;2022-09-13;166,448983;;;10,0;7,0;8,0;10,0;7,0;8,0;10,0;8,0;2024-10-14 11:44:11.000
TFECWD;2024-11-29;243,932466;1,0;1328,19612382214;;;;;;;;;
T47243;2011-02-17;4290,648913;1,0;0,00420385736791976;8,25;8,25;8,75;9,75;6,5;8,5;8,5;9,0;2024-02-19 15:34:35.000
TDCEQS;2022-10-10;;;;;;;;;;;;
T13640;2005-04-29;182,39426;1,0;0,00420385736791976;9,5;8,75;9,0;9,5;7,5;9,25;7,75;8,5;2024-01-23 11:13:18.000
TFDQUP;2023-11-30;;;;;;;;;;;;
TFCSM2;2024-05-23;406,134492;1,0;601,071730322535;;;;;;;;;
TFDCEC;2022-04-29;;;;;;;;;;;;
TDCHD1;2024-11-19;;1,0;634,349465246988;;;;;;;;;
TFCRYK;2020-10-05;79,450802;1,0;177,898836095628;;;;;;;;;
TD4405;2023-10-27;;;;;;;;;;;;
T03718;1998-06-29;554,396382;2,0;1821,89713311064;7,0;6,75;6,75;9,0;6,5;9,0;6,5;8,5;2024-05-06 15:24:43.000
TFDUZL;2024-07-25;111,342765;1,0;3267,82648637875;;;;;;;;;
TFDP06;2024-01-15;33,419264;;;10,0;10,0;10,0;9,0;10,0;10,0;8,0;8,0;2024-07-24 09:04:37.000
T07673;2005-11-04;955,309566;2,0;0,00840771473583952;9,75;8,0;8,0;9,75;7,5;9,25;9,0;9,5;2024-04-17 15:24:49.000
TDCCRV;2023-10-24;;;;;;;;;;;;
T17891;2000-06-02;769,178318;3,0;260,866165108893;5,0;8,0;8,0;9,0;7,0;9,0;8,0;8,0;2022-02-17 15:02:00.000
T79572;2010-03-29;918,234316;3,0;14454,9257248758;8,333333333333334;8,0;7,666666666666667;9,0;6,0;9,0;8,333333333333334;8,0;2023-07-12 15:24:47.000
TFDEF2;2022-07-29;741,558504;4,0;2392,10414263791;8,0;7,0;7,0;10,0;5,0;8,0;8,0;7,0;2024-02-08 15:10:22.000
T09129;2002-05-23;2116,107506;4,0;1163,85052388069;9,666666666666666;3,0;7,0;9,0;0,0;0,0;7,666666666666667;8,666666666666666;2025-02-24 17:44:23.000
TFDCVD;2022-05-30;2295,884339;8,0;36561,7925041291;10,0;9,0;9,0;10,0;10,0;10,0;8,0;10,0;2024-07-16 16:29:07.000
TDCD1N;2020-01-10;;;;;;;;;;;;
TB3185;2012-09-01;485,293294;;;9,5;8,75;8,75;8,75;7,25;9,0;7,75;8,25;2024-10-17 14:20:00.000
TA3434;2007-05-09;715,014131;;;10,0;9,333333333333334;9,333333333333334;9,0;6,666666666666667;6,666666666666667;9,0;8,666666666666666;2024-04-23 10:08:10.000
TFCX05;2024-12-18;90,110282;2,0;980,289091910473;;;;;;;;;
TEZPE3;2016-07-06;455,904612;;;7,0;6,0;8,0;8,0;6,0;6,0;7,0;7,0;2025-02-20 16:54:35.000
TDCFP2;2022-07-13;;;;;;;;;;;;
TFCAY0;2018-09-26;763,493669;1,0;10033,3673993009;8,5;8,333333333333334;8,666666666666666;9,166666666666666;7,0;9,166666666666666;7,833333333333333;8,666666666666666;2023-03-10 17:18:46.700
T53161;2006-01-12;4751,340492;5,0;65630,3227540902;;;;;;;;;
TB4671;2015-03-15;317,82534;1,0;1549,70998010994;9,0;6,5;6,5;8,0;6,0;8,5;9,0;7,5;2025-03-18 14:24:32.000
TFBNDD;2022-10-31;1137,064645;1,0;13840,8472598569;;;;;;;;;
TFEELG;2025-02-27;;1,0;11590,18610222;;;;;;;;;
TB0752;2005-11-05;293,739013;1,0;16938,4427459791;8,75;8,5;8,5;9,5;7,75;9,5;9,0;7,5;2024-10-24 09:50:12.000
T39621;2002-03-27;242,756473;;;7,0;8,0;8,0;9,0;7,0;9,0;8,0;8,0;2019-09-05 14:49:00.000
TFDVK8;2024-08-29;1741,539634;1,0;25016,9450036221;;;;;;;;;
TFCHDC;2010-05-27;151,452632;;;4,0;8,0;8,0;9,0;7,0;9,0;8,0;8,0;2020-01-09 10:39:00.000
TFDEKX;2022-08-10;114,589186;3,0;226,117080105668;;;;;;;;;
T10965;2010-08-24;;;;;;;;;;;;
TFCME1;2019-11-28;88,160564;2,0;8790,67773434227;10,0;8,0;8,0;9,5;7,5;8,5;8,0;9,0;2022-10-26 18:56:41.843
TFEDVC;2025-01-24;60,11516;1,0;60,1151603612526;;;;;;;;;
TFBRG0;2017-12-19;128,123893;1,0;253,025971117722;;;;;;;;;
TDCA3W;2022-10-21;;;;;;;;;;;;
TFDCCZ;2022-04-28;904,457904;6,0;7543,79261973043;;;;;;;;;
TFDBQQ;2022-03-30;13,543211;;;;;;;;;;;
TFEEKZ;2025-02-26;;1,0;615,865104400245;;;;;;;;;
TFECTU;2024-11-28;;1,0;1085,88998899262;;;;;;;;;
TFALVP;2017-02-09;;1,0;1026,84260840282;9,0;8,0;8,0;9,0;7,0;9,0;8,0;8,0;2019-04-11 14:04:00.000
TC2735;2017-08-04;49,058368;;;9,0;8,0;9,0;9,0;8,0;9,0;9,0;8,0;2022-08-22 12:40:14.650
TEWLSU;2011-05-31;;;;9,0;8,0;8,0;9,0;7,0;9,0;8,0;8,0;2021-12-01 16:39:00.000
TDCHC6;2024-08-30;;1,0;109,422203429583;;;;;;;;;
TDCH1I;2022-12-19;;;;;;;;;;;;
TDCF3B;2024-02-02;;;;;;;;;;;;
T06937;2000-10-27;1630,833911;4,0;21268,4158349365;;;;;;;;;
TDCCCE;2024-05-24;;1,0;137,386262640986;;;;;;;;;
TFECSZ;2024-11-28;446,790164;1,0;638,763515483304;;;;;;;;;
TFEDB3;2024-12-19;28,82645;1,0;201,831396091196;;;;;;;;;
TEF163;2018-07-31;606,341615;2,0;42,0848161102447;;;;;;;;;
TFCGTY;2019-05-13;62,564958;;;5,0;8,0;8,0;9,0;5,0;9,0;5,0;5,0;2022-05-09 00:00:00.000
TFC793;2018-08-29;199,665439;;;;;;;;;;;
TEWP22;2011-06-09;1489,257678;5,0;21530,3539836742;8,166666666666666;8,0;8,0;8,5;6,833333333333333;8,666666666666666;7,833333333333333;7,833333333333333;2023-03-15 16:50:33.953
T09408;2005-05-31;1052,952313;1,0;0,00420385736791976;9,333333333333334;8,0;8,666666666666666;9,666666666666666;7,0;7,666666666666667;8,0;8,333333333333334;2023-06-19 09:50:44.000
TB1059;2007-10-05;292,532346;;;8,75;7,75;8,0;8,0;6,5;8,25;7,75;7,75;2024-08-08 10:21:26.000
TFD830;2021-12-15;141,070889;;;10,0;5,0;5,0;9,0;3,5;4,0;6,0;8,5;2024-09-16 17:18:36.000
TFDA48;2021-12-28;445,21075;;;8,0;8,0;8,0;8,0;9,0;9,0;9,0;8,0;2023-07-20 16:00:19.000
TDCDIW;2023-11-07;;1,0;148,69463896069;;;;;;;;;
T76932;2010-03-30;694,851963;;;6,0;8,0;8,0;9,0;7,0;9,0;8,0;8,0;2020-05-26 15:11:00.000
TCAOL5;2016-09-05;;;;;;;;;;;;
TFC025;2020-10-01;;;;;;;;;;;;
TD0037;2013-05-27;501,9309;;;7,5;8,5;9,0;9,5;7,0;9,0;8,0;9,0;2024-06-06 09:53:07.000
TF1240;2016-10-28;334,015331;;;8,0;7,0;7,0;8,0;9,0;10,0;8,0;8,0;2024-04-09 13:59:15.000
TFCZHM;2021-10-05;18,461678;;;;;;;;;;;
TFEEG4;2025-02-19;;1,0;83,9552354947255;;;;;;;;;
TFBLNO;2017-09-29;560,721921;1,0;0,00420385736791976;1,0;3,0;3,3333333333333335;5,0;2,6666666666666665;4,0;2,6666666666666665;4,0;2024-08-13 10:50:36.000
TEZJ82;2014-11-28;297,739191;;;7,0;7,0;8,0;7,0;7,0;9,0;5,0;8,0;2023-09-05 16:07:43.000
T22629;2012-01-28;696,221029;2,0;0,00840771473583952;8,0;8,333333333333334;9,0;9,333333333333334;6,666666666666667;9,0;8,333333333333334;8,0;2023-11-10 11:13:56.000
T07396;2001-04-27;235,507684;;;9,166666666666666;7,833333333333333;8,0;9,0;6,666666666666667;9,0;8,166666666666666;8,333333333333334;2024-04-02 14:53:40.000
TFBTSM;2018-02-28;761,743314;1,0;747,328132009832;8,0;8,0;8,0;9,0;7,0;9,0;8,0;8,0;2019-09-13 16:58:00.000
TDCCE9;2024-02-20;;;;;;;;;;;;
TCAIF7;2015-10-16;177,958983;;;;;;;;;;;
TDCFY5;2024-12-20;;1,0;99,0218603013499;;;;;;;;;
T46046;2010-08-27;541,447008;;;5,285714285714286;7,0;7,714285714285714;8,142857142857142;5,714285714285714;8,142857142857142;7,0;6,142857142857143;2025-01-14 09:58:32.000
TFBXG7;2006-04-10;181,257695;;;9,5;9,5;7,5;7,0;8,0;7,0;8,0;10,0;2025-02-14 10:11:01.000
TFCQTA;2020-07-31;232,012239;;;;;;;;;;;
TCA959;2011-01-11;;;;;;;;;;;;
TFBR19;2017-11-30;1791,582147;;;8,0;8,0;8,25;8,75;6,5;9,0;7,75;7,75;2024-11-14 16:07:11.000
TDCE8F;2022-10-19;;;;;;;;;;;;
TFDVIC;2024-08-26;50,137304;3,0;3782,51735550527;;;;;;;;;
TAAMJN;2011-02-02;330,686549;1,0;3257,90117913309;9,5;8,5;8,75;9,375;7,0;9,375;8,75;8,5;2025-02-14 11:50:53.000
TEZI93;2014-08-14;7484,700206;1,0;0,00420385736791976;;;;;;;;;
TEXPJ9;2012-02-09;109,923725;;;8,166666666666666;8,0;8,333333333333334;8,833333333333334;5,166666666666667;9,5;8,333333333333334;8,333333333333334;2023-07-10 15:58:25.000
TFEDMT;2023-09-14;;;;;;;;;;;;
T53435;2014-07-21;634,137743;;;8,0;8,0;8,0;10,0;8,0;8,0;8,0;8,0;2022-08-24 17:00:15.327
TCBCPR;2013-11-22;;;;;;;;;;;;
TFDVK6;2024-08-29;53,325229;1,0;111,982352566647;;;;;;;;;
TFDBIF;2022-03-17;1295,321234;1,0;12131,836308647;;;;;;;;;
TEZKPG;2015-04-30;465,682554;2,0;3536,59590333933;9,0;8,0;8,0;9,25;7,25;9,0;9,0;8,5;2024-10-29 08:45:08.000
TA8520;2010-08-02;1249,036519;;;10,0;9,0;9,0;9,0;7,0;9,0;9,0;6,0;2024-03-12 15:40:12.000
TFDC75;2022-04-22;314,770589;3,0;14333,6192166671;10,0;9,0;8,5;10,0;10,0;10,0;10,0;10,0;2025-01-31 14:44:37.000
TFDHFC;2022-12-13;;;;;;;;;;;;
TFEE13;2025-01-31;410,523067;1,0;8758,84192249502;;;;;;;;;
TDCFLI;2021-01-27;;;;;;;;;;;;
TB4393;2015-01-09;380,08666;2,0;11846,1211426363;8,2;7,4;7,6;8,6;7,2;8,6;8,0;7,8;2025-02-25 09:40:14.000
T75282;2009-11-10;800,297895;2,0;22703,2343931812;9,0;8,0;8,0;9,0;7,0;9,0;8,0;8,0;2021-11-18 15:51:00.000
TA8698;2010-08-05;304,549093;;;6,75;6,5;6,75;8,0;5,5;6,25;6,75;6,0;2024-04-02 15:09:04.000
TEZC51;2013-03-09;257,396765;2,0;22155,5642630033;9,5;8,0;8,0;9,0;7,0;9,0;8,0;8,0;2021-08-02 17:51:00.000
TA8052;2010-06-28;1566,207517;1,0;2073,72920873587;5,333333333333333;5,666666666666667;5,333333333333333;7,333333333333333;4,666666666666667;6,666666666666667;6,333333333333333;5,333333333333333;2024-09-30 10:43:04.000
TFCLR9;2019-11-07;1232,173248;;;8,2;6,2;6,6;8,4;5,6;8,4;7,6;4,2;2025-02-11 09:26:54.000
TDC09F;2017-11-01;137,470555;;;7,333333333333333;6,0;6,0;10,0;6,666666666666667;8,666666666666666;7,333333333333333;8,0;2024-11-22 11:04:29.000
TDCD0U;2021-09-21;;;;;;;;;;;;
TFBLJO;2017-09-22;411,593608;1,0;12269,4748027301;;;;;;;;;
TDCGLS;2018-07-05;;;;;;;;;;;;
TFAEAT;2016-12-09;518,26745;1,0;0,00420385736791976;6,6;8,8;8,6;5,4;4,6;9,2;4,0;7,6;2024-06-25 11:04:55.000
TFDPWS;2023-09-29;14,074801;;;;;;;;;;;
TDC8GZ;2022-12-15;;;;;;;;;;;;
TFCAU6;2018-09-20;317,961442;;;;;;;;;;;
T10679;2003-07-31;697,637036;;;7,666666666666667;8,333333333333334;8,5;8,5;7,833333333333333;9,166666666666666;8,0;8,166666666666666;2024-04-17 16:06:20.000
T13852;2005-06-10;954,694212;;;8,5;8,5;8,0;9,5;8,0;9,5;8,0;9,0;2024-01-11 15:41:12.000
T41415;2010-05-26;248,33897;;;9,0;8,0;8,0;7,0;8,0;8,0;8,0;9,0;2023-11-27 15:01:35.000
T32108;2010-08-31;1597,893992;;;6,5;8,0;8,0;9,0;7,0;9,0;8,0;8,0;2020-03-09 15:15:00.000
TFEEXW;2025-03-21;;2,0;30412,949059366;;;;;;;;;
TA2867;2007-03-23;;;;;;;;;;;;
TB3199;2012-08-05;297,709417;;;7,0;7,0;7,0;9,0;7,0;9,0;7,0;7,5;2023-02-28 18:52:43.513
TFBKB2;2017-05-31;469,682186;;;8,75;7,0;7,5;8,5;7,0;8,5;8,5;8,75;2025-02-18 11:17:28.000
TFCYCP;2021-08-13;353,842878;;;;;;;;;;;
TFDIE8;2023-01-31;439,002218;2,0;2930,01291600745;;;;;;;;;
TB0995;2007-01-10;;;;9,0;8,0;8,0;9,0;8,0;8,0;7,0;8,0;2022-06-13 12:24:39.000
TFEDUL;2025-01-23;714,046193;1,0;6030,23160912724;;;;;;;;;
TA3151;2009-03-13;;;;;;;;;;;;
TDCEGP;2024-05-15;;1,0;120,209301435666;;;;;;;;;
TB1696;2009-09-05;390,853962;;;10,0;8,0;8,0;8,0;8,0;9,0;9,0;8,0;2023-08-24 15:43:56.000
TEZET6;2009-09-20;572,662232;2,0;1762,18974691408;8,571428571428571;7,714285714285714;8,0;9,0;7,142857142857143;8,857142857142858;8,142857142857142;8,285714285714286;2025-02-18 11:39:12.000
TEZLYF;2009-10-21;1073,807439;;;5,5;5,0;7,0;8,0;4,5;8,0;6,0;6,0;2023-10-10 10:56:30.000
TA2901;2005-11-24;70,857618;;;10,0;8,333333333333334;8,333333333333334;9,0;7,0;9,333333333333334;8,333333333333334;8,0;2024-03-15 10:58:25.000
TCBAQ4;2016-09-14;;;;;;;;;;;;
TFD376;2021-11-25;48,248327;;;;;;;;;;;
TEZSQ7;2016-08-30;597,962432;1,0;0,00420385736791976;10,0;9,333333333333334;10,0;10,0;6,333333333333333;7,333333333333333;9,666666666666666;9,666666666666666;2024-05-15 13:35:42.000
T06575;2000-08-31;580,543324;;;6,666666666666667;4,0;6,833333333333333;6,0;6,166666666666667;7,5;7,0;5,166666666666667;2025-03-11 16:28:32.000
TFBO51;2012-06-14;2663,438087;;;10,0;8,0;8,0;9,0;7,0;9,0;8,0;8,0;2019-11-04 16:34:00.000
TFDEP9;2022-08-18;217,204808;1,0;2127,53017533051;;;;;;;;;
TFEDA8;2024-12-12;503,318383;1,0;1055,50871179466;;;;;;;;;
TCANP4;2023-09-25;55,510966;;;;;;;;;;;
T14772;2006-02-24;617,292398;4,0;1626,91382067179;8,75;8,75;9,0;9,0;7,5;9,0;8,75;9,0;2023-05-19 18:50:52.680
TEWRKF;2011-07-29;;;;;;;;;;;;
T21528;2002-09-23;289,15505;1,0;675,316055297366;6,0;9,0;9,0;8,5;7,5;9,0;9,0;9,0;2024-12-16 16:41:06.000
TA2770;2002-05-22;198,633144;;;;;;;;;;;
TEZDDN;2013-06-12;122,643557;;;7,0;6,666666666666667;8,0;9,0;6,333333333333333;8,333333333333334;6,0;7,666666666666667;2024-09-19 15:36:47.000
TEXN09;2011-11-16;4312,898398;3,0;17636,9893170916;6,0;8,0;8,0;9,0;7,0;9,0;8,0;8,0;2019-02-14 15:07:00.000
TFCAYV;2018-09-27;892,442559;1,0;34422,7521673252;9,833333333333334;8,333333333333334;8,333333333333334;9,333333333333334;7,0;8,833333333333334;8,0;7,833333333333333;2024-07-18 14:19:19.000
TFDSE7;2024-03-12;411,481239;2,0;11791,3743081339;;;;;;;;;
TDCGT4;2022-08-24;;;;;;;;;;;;
TFEC88;2024-10-31;18,89844;1,0;196,118353928193;;;;;;;;;
TDCG77;2024-04-01;;1,0;124,724244248811;;;;;;;;;
TDCA91;2022-07-20;;;;;;;;;;;;
TEYVZH;2012-09-11;240,039499;;;;;;;;;;;
T14439;2007-08-27;301,767211;5,0;6354,29856590543;9,5;8,0;8,0;9,0;7,0;9,0;8,0;8,0;2021-07-23 15:51:00.000
TFCVMZ;2021-03-01;;;;;;;;;;;;
TFDQKJ;2021-12-10;;;;;;;;;;;;
T13614;2005-05-31;315,518187;;;;;;;;;;;
TFDRB8;2023-12-20;595,849821;1,0;2559,53117003005;;;;;;;;;
TDCDVN;2023-09-05;;;;;;;;;;;;
T05958;2000-02-11;572,337718;;;;;;;;;;;
T31748;2000-06-19;397,493507;;;6,8;8,8;9,2;9,2;7,8;9,2;8,6;8,6;2024-08-29 14:02:39.000
T01104;2005-01-10;189,4974;1,0;3369,18148751929;9,5;8,0;8,0;9,0;7,0;9,0;8,0;8,0;2021-11-23 15:05:00.000
T03356;1992-12-09;1292,152951;;;10,0;8,0;8,0;9,0;7,0;9,0;8,0;8,0;2021-04-30 16:38:00.000
TFCZ14;2021-09-23;173,215303;;;8,666666666666666;8,333333333333334;9,333333333333334;9,0;8,0;9,0;9,0;9,666666666666666;2024-07-31 15:38:18.000
TFDV48;2024-07-30;789,417302;1,0;16414,7430105131;;;;;;;;;
TFDHTB;2022-12-30;850,403911;;;;;;;;;;;
TFECIL;2024-11-07;50,218579;2,0;207,485584251048;;;;;;;;;
TFDUQF;2024-06-28;465,971577;2,0;14721,0509155519;;;;;;;;;
TFECUY;2024-11-29;294,268614;1,0;8030,07382076455;;;;;;;;;
TA3588;2013-01-18;;;;8,0;9,0;9,0;9,0;8,0;8,0;8,0;8,0;2024-07-12 14:37:28.000
TFDR89;2023-12-18;;;;;;;;;;;;
T02084;1996-04-10;569,094057;;;8,5;8,0;8,0;9,5;6,5;9,0;8,0;8,5;2024-02-05 11:28:23.000
TFCMHF;2019-11-29;458,630854;2,0;2056,32103537532;4,333333333333333;4,333333333333333;8,333333333333334;9,0;7,0;9,0;5,333333333333333;6,0;2023-10-17 16:39:56.000
TDCFKT;2023-11-23;;;;;;;;;;;;
TFCVBA;2021-03-22;954,01951;;;8,5;8,0;8,0;9,0;7,0;9,0;9,0;7,5;2023-08-25 11:28:48.000
TEZHLQ;2014-07-11;197,377491;;;9,0;8,0;8,0;8,333333333333334;7,666666666666667;8,333333333333334;8,0;8,0;2024-12-02 14:53:06.000
T14245;2005-01-15;329,754711;;;8,625;8,375;7,75;9,0;7,5;9,25;8,25;8,5;2025-02-25 14:46:06.000
TFBTOH;2018-02-22;276,602697;;;9,0;8,166666666666666;8,5;8,833333333333334;7,0;9,166666666666666;7,5;8,0;2023-10-18 11:28:16.000
TEZCVL;2013-05-23;146,590365;;;7,666666666666667;8,666666666666666;9,333333333333334;9,333333333333334;6,0;9,0;6,666666666666667;7,666666666666667;2023-04-04 15:01:19.967
TFCLET;2019-10-28;455,704253;;;7,0;8,0;8,0;9,0;7,0;9,0;8,0;8,0;2021-07-23 11:13:00.000
TFDRB3;2023-12-20;515,082927;;;10,0;7,5;7,5;10,0;7,5;8,0;10,0;7,0;2025-02-24 14:35:01.000
TFCEX9;2016-09-01;2385,101391;3,0;7803,18743476055;9,0;9,0;9,0;9,0;9,0;9,0;5,0;9,0;2022-04-13 00:00:00.000
T07884;2001-08-21;1930,946701;;;7,666666666666667;8,0;7,666666666666667;9,333333333333334;7,333333333333333;8,666666666666666;7,666666666666667;6,666666666666667;2023-09-01 09:36:57.000
TCATCY;2017-06-21;139,173225;;;;;;;;;;;
T29956;2009-11-12;1022,012976;;;10,0;8,0;9,0;9,5;7,0;9,5;8,0;8,0;2024-01-08 15:06:16.000
TDCAF5;2022-10-18;;;;;;;;;;;;
TEZDN4;2013-07-25;123,454831;;;9,333333333333334;9,0;9,333333333333334;9,333333333333334;8,0;9,666666666666666;8,0;9,333333333333334;2024-10-24 14:31:04.000
TFCVYG;2021-04-30;;;;8,0;8,0;9,0;10,0;7,0;3,0;8,0;8,0;2022-08-25 17:38:37.143
TB4670;2016-12-05;703,64665;;;;;;;;;;;
TDCG20;2023-08-25;;;;;;;;;;;;
T37736;2000-10-04;1167,679988;1,0;33,8410518117541;9,0;8,4;8,4;9,2;7,2;8,8;7,8;8,4;2024-05-22 14:58:13.000
TB3188;2017-08-24;274,255774;;;9,0;9,0;9,0;9,0;9,0;9,0;9,0;9,0;2022-09-01 13:24:49.443
TFCTWD;2014-11-18;;;;;;;;;;;;
T56137;1994-03-14;853,542026;2,0;2579,34815366242;7,0;9,0;9,0;8,0;7,0;9,0;9,0;9,0;2024-08-22 14:44:36.000
TDCGU0;2019-10-24;;;;;;;;;;;;
TB4921;2015-08-20;267,946962;;;8,8;8,2;9,2;8,8;6,8;9,2;8,8;8,8;2024-12-04 09:43:36.000
TFCIJU;2019-07-16;28,144663;;;7,333333333333333;8,0;8,0;9,0;7,333333333333333;8,666666666666666;8,0;8,333333333333334;2024-09-02 17:15:58.000
T60841;2006-01-31;527,471872;;;;;;;;;;;
TFBKP7;2017-07-20;418,25147;1,0;3326,87386696855;;;;;;;;;
TFBMLW;2022-03-31;129,67773;;;;;;;;;;;
T02345;1996-09-03;108,7107;;;8,666666666666666;7,666666666666667;7,666666666666667;7,666666666666667;7,333333333333333;9,0;8,0;8,333333333333334;2022-06-13 14:15:24.000
TB4846;2015-09-05;166,646767;;;9,0;6,8;8,2;9,0;7,0;9,2;8,4;8,8;2024-07-17 17:25:07.000
TFEEMN;2025-02-27;;1,0;151,20013795197;;;;;;;;;
TFDNZU;2023-06-27;;1,0;789,265813112199;;;;;;;;;
T37831;2002-04-22;438,784382;;;7,75;8,0;8,0;9,25;7,25;8,0;8,5;8,5;2023-02-01 12:29:13.973
TFEBS7;2024-10-03;778,879882;2,0;49664,3667407467;;;;;;;;;
TFDN74;2023-05-15;95,169375;;;1,5;5,0;8,0;8,0;4,0;5,0;0,0;8,0;2025-01-20 09:08:46.000
T30258;1996-08-30;;;;;;;;;;;;
TEYTBT;2013-05-10;383,825489;;;10,0;9,5;9,5;9,5;8,0;9,5;8,0;9,0;2024-08-13 14:29:24.000
T14189;2005-10-10;2512,547508;24,0;229251,186093031;;;;;;;;;
TFCQRC;2020-07-30;;;;7,5;7,0;8,0;8,5;5,0;7,5;8,0;8,0;2023-03-07 18:58:00.453
TFEC06;2024-10-28;50,335937;1,0;52,1992969374597;;;;;;;;;
TFECH8;2024-11-04;1520,98689;1,0;4760,67088787284;;;;;;;;;
TB3347;2018-07-12;194,962967;;;7,5;6,0;7,5;9,0;6,5;8,833333333333334;8,0;7,0;2025-01-22 10:23:19.000
TFDGR5;2022-11-16;105,289164;;;;;;;;;;;
TFEEAA;2025-02-05;;1,0;26212,5262429158;;;;;;;;;
TDCGBQ;2023-11-22;;;;;;;;;;;;
TFDVMP;2024-12-18;278,310538;2,0;18024,9885367211;;;;;;;;;
TFCSRS;2020-11-23;522,647605;2,0;1940,75279247384;7,666666666666667;8,0;8,0;7,666666666666667;6,333333333333333;8,0;7,666666666666667;8,333333333333334;2024-08-09 09:47:19.000
TFCTRJ;2020-12-31;243,019821;4,0;21129,1924866257;10,0;9,0;10,0;10,0;6,0;9,5;3,0;10,0;2024-04-04 15:11:52.000
TDCET1;2022-09-05;;;;;;;;;;;;
TDC9WF;2023-02-24;;;;;;;;;;;;
T04325;2012-09-17;176,396175;;;8,0;8,0;7,75;9,0;7,0;9,0;8,0;8,25;2024-07-19 09:09:12.000
TFDVDZ;2024-08-12;33,695317;1,0;36,4558510946002;;;;;;;;;
TEFJ34;2019-06-05;53,782749;;;;;;;;;;;
T55140;1993-11-11;1168,379584;;;;;;;;;;;
TDC8I6;2022-11-29;;;;;;;;;;;;
TEXKGO;2011-12-22;133,631827;;;0,0;8,0;8,0;9,0;7,0;6,0;8,0;0,0;2022-03-17 00:00:00.000
TB6134;2016-08-15;176,321455;;;2,75;7,5;8,0;9,25;5,5;9,0;8,0;8,0;2024-12-27 15:54:02.000
TFDVBP;2024-08-05;60,616119;1,0;63,1209183793152;;;;;;;;;
TFDB87;2022-02-25;;;;;;;;;;;;
TEZKKL;2022-01-28;;;;;;;;;;;;
TFECRV;2024-11-26;945,38511;2,0;13016,8870118873;;;;;;;;;
TFDUB2;2024-05-29;1079,446289;1,0;14381,0555432067;;;;;;;;;
T16210;2007-03-26;375,275077;;;8,0;6,333333333333333;6,333333333333333;7,666666666666667;6,333333333333333;8,666666666666666;8,0;8,0;2024-05-21 14:58:14.000
TEZHV8;2014-08-07;1114,727151;;;4,0;8,0;8,0;9,0;7,0;9,0;8,0;8,0;2021-09-29 13:47:00.000
TFEEEC;2025-02-14;;1,0;213,782962588192;;;;;;;;;
TFDPPC;2023-09-18;126,574782;5,0;17357,5883448475;5,0;8,0;7,0;9,0;7,0;9,0;2,0;4,0;2024-05-06 09:21:53.000
TDCCA5;2012-03-20;;;;;;;;;;;;
T11933;2004-06-28;5236,27098;7,0;311633,350772253;;;;;;;;;
TDCFNH;2024-07-31;;1,0;191,372198959811;;;;;;;;;
TFDRA6;2023-12-18;20,455161;;;;;;;;;;;
TDCFKY;2024-02-20;;;;;;;;;;;;
TFC368;2018-08-07;194,252595;;;8,0;8,0;8,0;9,0;7,0;9,0;8,0;8,0;2021-04-01 14:13:00.000
TDCHB7;2024-09-30;;1,0;117,094243126037;;;;;;;;;
TEZGXL;2014-05-14;102,862881;1,0;4937,28334361388;9,5;9,0;9,0;9,0;9,0;9,5;7,5;8,0;2024-11-11 09:02:09.000
TFBMJ3;2011-11-01;2614,133348;;;7,333333333333333;8,0;8,0;9,0;7,0;9,333333333333334;8,0;8,0;2024-06-24 11:35:47.000
TDCA3M;2021-12-06;;1,0;2028,49570345706;;;;;;;;;
TFDVRJ;2024-09-16;325,023334;1,0;830,190364588898;;;;;;;;;
TEZNIP;2015-12-17;3505,95465;3,0;34079,2970203662;;;;;;;;;
TFDVNY;2024-09-04;490,715219;1,0;5454,78238946217;;;;;;;;;
TFDB39;2022-02-25;51,504043;;;;;;;;;;;
TDCGGI;2023-03-31;;1,0;2221,70498808665;;;;;;;;;
TDC0CA;2017-09-01;439,967304;;;;;;;;;;;
TF0597;2014-12-23;338,677162;;;8,0;8,0;9,0;8,0;7,0;9,0;8,0;8,0;2024-04-22 16:57:36.000
TB4142;2024-09-10;34,609306;1,0;89,2436880635686;;;;;;;;;
TEZKF7;2015-04-06;;;;7,0;7,5;8,0;7,5;6,5;9,0;8,0;8,0;2022-08-30 13:52:16.247
TFBQT4;2017-11-20;322,296982;;;;;;;;;;;
TDC34G;2019-08-13;;;;;;;;;;;;
TFEBN9;2024-09-30;480,332581;3,0;22647,6930296362;;;;;;;;;
TFCKKV;2019-09-27;763,623576;2,0;0,00840771473583952;;;;;;;;;
TFDDRI;2022-07-01;512,314396;;;;;;;;;;;
TFA388;2016-11-23;387,439675;;;8,0;8,0;8,0;9,0;7,0;9,0;8,0;8,0;2021-10-26 09:30:00.000
T60085;2009-05-06;2182,936605;2,0;0,0252231442075186;9,0;7,5;8,0;8,5;7,0;8,5;8,0;8,5;2022-12-07 14:09:21.280
TFCRXR;2020-10-05;150,264474;;;10,0;8,0;10,0;10,0;8,0;8,0;8,0;9,0;2022-06-01 12:51:12.000
T35866;1999-08-06;1983,694084;1,0;11150,912434274;8,0;5,0;6,0;9,0;7,0;9,0;8,0;8,0;2023-12-01 09:29:50.000
TFDIDC;2023-01-31;315,139732;;;;;;;;;;;
TEWROD;2011-08-11;1796,531694;;;9,142857142857142;8,285714285714286;8,285714285714286;9,142857142857142;7,142857142857143;9,142857142857142;8,285714285714286;8,285714285714286;2024-12-10 14:24:31.000
TFBZTT;2018-06-29;247,657866;;;9,5;9,0;9,0;9,0;7,0;9,5;9,0;9,0;2023-08-23 09:48:16.000
TDCF04;2023-06-16;;;;;;;;;;;;
TFDVE1;2024-08-12;264,548744;1,0;275,48297717715;;;;;;;;;
TFDNBK;2023-05-18;56,230095;;;;;;;;;;;
TDCGTV;2024-04-18;;1,0;168,242575721517;;;;;;;;;
TFCXO4;2021-07-12;;;;;;;;;;;;
TFDIDL;2023-01-31;72,312127;1,0;152,238490721846;;;;;;;;;
TB3390;2013-09-25;459,055888;;;;;;;;;;;
TDC0T2;2020-06-01;315,096155;2,0;4791,02273806922;8,0;7,0;9,0;8,0;5,0;8,0;9,0;8,5;2025-02-14 16:10:34.000
TFDONI;2023-07-27;49,901727;;;;;;;;;;;
TB1633;2010-01-28;88,108476;1,0;15346,3116411695;7,666666666666667;5,0;6,333333333333333;9,0;7,0;7,666666666666667;8,0;8,333333333333334;2022-11-15 13:31:03.953
T16976;2010-01-28;955,264707;3,0;1655,50425463101;6,25;5,25;6,25;8,5;3,5;6,0;5,0;6,5;2023-03-28 17:55:03.457
TFCRJ3;2020-08-31;598,072578;1,0;0,00420385736791976;8,5;7,5;7,5;9,0;8,5;9,5;9,0;9,0;2023-12-21 16:42:22.000
TFCYK1;2021-08-27;899,971394;;;7,25;8,0;8,0;9,0;7,0;9,25;7,75;8,5;2025-02-11 17:28:43.000
TFCJJX;2019-08-27;;;;9,6;8,6;8,4;9,4;8,6;9,8;9,2;10,0;2025-03-06 15:41:43.000
TFCBA1;2017-12-21;165,685574;1,0;2359,24258959288;6,571428571428571;8,571428571428571;8,571428571428571;8,285714285714286;7,0;8,714285714285714;7,714285714285714;8,0;2025-02-17 11:29:34.000
TFDV09;2024-07-29;528,450094;1,0;552,008510981544;;;;;;;;;
TA3513;2014-01-14;131,647792;3,0;196,685874672862;;;;;;;;;
TEZGB5;2011-09-30;2500,056997;1,0;7885,90253233174;10,0;9,0;8,0;10,0;8,0;9,0;9,0;7,0;2024-12-18 18:00:31.000
TEWBHY;2011-02-25;;;;;;;;;;;;
TFDAS5;2022-02-08;30,567014;;;;;;;;;;;
TFEDGT;2024-12-30;;2,0;251,062769726904;;;;;;;;;
TFCRGX;2020-08-28;178,653266;;;8,0;5,0;2,0;10,0;8,0;10,0;8,0;6,0;2022-09-05 19:29:39.367
TEXSOA;2012-03-26;;1,0;221,501244715692;;;;;;;;;
TFDBJE;2022-03-21;513,463436;1,0;769,020036028297;10,0;7,0;8,0;9,0;9,0;10,0;8,0;9,0;2024-11-29 09:45:04.000
TFBESF;2017-02-23;;;;9,0;8,0;8,0;9,0;7,0;9,0;8,0;8,0;2021-09-16 14:21:00.000
TFAAZL;2016-11-29;987,81723;;;8,0;8,0;8,0;9,0;7,0;9,0;8,0;8,0;2020-09-11 00:00:00.000
TFCHXY;2019-06-27;156,336748;1,0;1153,40814217878;9,0;8,0;8,5;9,0;7,0;9,0;8,5;8,0;2023-11-28 11:00:54.000
TEWP73;2011-06-30;87,121561;1,0;3217,39701339318;;;;;;;;;
TFDBRF;2022-03-30;588,404537;;;;;;;;;;;
TA2888;2011-07-12;250,031493;;;6,0;6,333333333333333;7,0;7,333333333333333;6,0;6,666666666666667;6,333333333333333;6,333333333333333;2025-03-19 11:00:02.000
T92270;2009-12-21;1721,367542;;;7,2;6,0;7,2;4,8;4,2;6,6;5,4;7,2;2023-05-12 15:01:04.337
TDCEMI;2022-11-22;;;;;;;;;;;;
TFBKUE;2011-02-23;1479,356616;2,0;3715,98710880057;8,333333333333334;8,333333333333334;8,666666666666666;9,0;7,666666666666667;9,0;8,666666666666666;8,333333333333334;2023-11-13 09:35:59.000
TB1380;2008-05-05;265,734265;2,0;5655,24332805143;7,5;4,0;6,5;7,5;5,5;4,5;6,5;10,0;2025-02-28 14:38:36.000
TB0134;1998-01-05;1060,411009;;;9,0;9,0;8,666666666666666;9,0;8,0;8,333333333333334;8,333333333333334;8,666666666666666;2025-01-21 09:37:14.000
TEZEV6;2013-10-30;87,801841;1,0;19286,1709702413;6,25;6,75;7,25;8,5;6,0;8,75;8,0;7,5;2023-06-28 14:13:32.000
T34371;2012-04-11;97,827391;;;6,666666666666667;7,666666666666667;7,333333333333333;6,333333333333333;9,0;8,0;8,0;8,0;2024-06-19 15:42:55.000
TEZNUY;2016-02-23;1701,071591;3,0;6023,40454476173;6,25;7,75;7,75;9,0;7,0;8,75;8,0;7,75;2022-10-14 12:43:56.103
TFDGUE;2022-11-21;;;;;;;;;;;;
TFDRJJ;2024-06-05;877,18456;7,0;5089,61852305519;;;;;;;;;
TB4355;2015-06-05;440,512936;1,0;6350,90605300952;9,0;8,333333333333334;8,666666666666666;9,0;7,0;9,0;8,0;8,333333333333334;2023-02-03 13:42:14.433
TFDJI0;2023-03-31;875,000456;;;;;;;;;;;
TDCC9A;2021-09-27;;;;;;;;;;;;
TDCDIE;2017-04-25;;;;;;;;;;;;
T16989;2006-10-24;662,180234;;;6,5;6,5;7,5;8,5;6,0;8,5;6,5;6,5;2024-11-26 17:06:55.000
TFEDBO;2024-12-17;;1,0;198,077351461643;;;;;;;;;
TDCFTG;2018-09-04;;;;;;;;;;;;
T15283;2006-06-30;355,390224;2,0;18999,648663616;7,25;5,0;8,0;9,75;4,25;9,75;8,25;6,75;2024-12-12 11:09:29.000
TFDPWZ;2023-09-29;931,523218;;;10,0;9,0;9,0;10,0;7,0;10,0;10,0;10,0;2024-12-17 16:23:44.000
TFEDZO;2025-01-31;1170,61453;2,0;12354,5987105731;;;;;;;;;
TDC807;2021-11-03;;;;;;;;;;;;
TAA816;2010-09-10;223,60656;4,0;6810,07237402056;9,5;8,5;8,0;8,5;5,5;9,25;8,75;9,25;2024-07-24 16:31:13.000
TDCE04;2023-05-10;;;;;;;;;;;;
TFECQJ;2024-11-25;54,853799;1,0;708,904875667045;;;;;;;;;
TFC566;2018-07-31;221,375839;1,0;96,2473144385229;8,0;7,0;9,0;9,0;8,0;8,0;8,0;8,0;2022-04-25 00:00:00.000
TFBJS3;2017-03-31;1404,52421;;;;;;;;;;;
TFBOG6;2015-06-23;235,105573;;;;;;;;;;;
TFCPG1;2020-04-30;471,116409;1,0;160,986717904487;8,0;7,0;8,666666666666666;9,333333333333334;5,666666666666667;9,0;8,0;8,666666666666666;2025-02-07 16:31:12.000
T15860;2015-09-02;170,708381;;;10,0;8,0;9,0;10,0;6,0;10,0;8,0;10,0;2023-09-29 09:32:24.000
T49923;2012-09-03;485,533553;;;5,8;7,4;7,6;9,2;5,8;9,0;8,0;8,0;2024-01-16 09:54:34.000
T10199;2003-02-26;101,821952;;;4,75;8,5;8,5;9,25;4,25;7,5;6,0;5,75;2025-02-21 15:43:48.000
TFDCY5;2022-05-31;210,405018;2,0;5598,12972185087;8,0;6,666666666666667;8,666666666666666;8,666666666666666;6,666666666666667;8,333333333333334;7,333333333333333;8,333333333333334;2025-03-21 16:01:38.000
T92141;2009-12-22;214,948038;;;8,25;6,5;8,0;9,5;6,5;9,5;7,25;7,75;2025-03-19 11:47:08.000
TEXNAM;2012-02-03;763,044775;;;7,0;5,0;7,0;7,0;5,0;7,0;6,0;8,0;2022-06-07 19:07:23.000
TDCEVT;2022-01-11;;;;;;;;;;;;
TDC047;2016-03-01;188,648341;1,0;182,380148049831;8,0;9,0;9,0;10,0;8,0;8,0;9,0;9,0;2024-11-27 11:16:24.000
TFEEHL;2025-02-21;;1,0;235,44964346245;;;;;;;;;
TEZLRO;2015-07-29;460,829278;;;6,6;7,2;8,0;6,4;6,2;8,2;8,0;7,0;2024-12-03 15:56:57.000
TFCUGZ;2013-12-05;878,964326;2,0;744,15842355442;7,5;5,5;6,0;8,0;5,5;9,0;8,0;8,0;2024-08-21 14:51:15.000
T15035;2011-02-21;456,236679;2,0;26897,8516826062;10,0;8,0;8,0;9,5;8,5;9,0;10,0;8,5;2024-07-16 15:45:13.000
TFCCCS;2004-12-10;104,728376;2,0;4282,41905441144;;;;;;;;;
TFEEQE;2025-02-28;;1,0;187,084264444533;;;;;;;;;
TFDVAF;2024-08-30;25,233233;2,0;159,174855378914;;;;;;;;;
TFEET5;2025-03-10;;1,0;108,816847968603;;;;;;;;;
TFDVRQ;2024-09-17;384,784033;1,0;883,886234749337;;;;;;;;;
TFECR2;2024-11-25;214,438764;1,0;3275,839038522;5,0;5,0;8,0;7,0;6,0;9,0;3,0;8,0;2025-03-18 14:49:31.000
TFBO12;2012-03-16;;;;8,0;8,0;8,0;9,0;7,0;9,0;8,0;8,0;2019-09-10 11:12:00.000
TFDHGP;2022-12-15;900,018537;;;8,0;8,0;8,0;8,5;7,5;7,5;6,0;5,5;2024-12-11 10:09:38.000
TA3674;2006-04-20;;;;8,5;8,0;7,5;7,0;7,0;8,5;8,0;7,5;2025-03-06 16:07:30.000
T02610;1998-08-13;762,228306;;;8,75;8,0;8,0;9,0;7,0;9,0;8,0;8,0;2021-12-01 14:56:00.000
TEZPF0;2016-04-15;674,47593;;;;;;;;;;;
T10967;2003-09-29;458,801757;2,0;11870,4824960834;9,0;8,0;8,666666666666666;9,333333333333334;7,0;9,0;8,666666666666666;8,666666666666666;2024-10-23 14:47:31.000
TEZHT6;2014-10-23;176,677768;;;8,0;8,0;9,0;9,0;7,0;8,0;9,0;8,0;2024-10-17 11:29:24.000
T37506;2013-03-18;70,972996;;;;;;;;;;;
TFD054;2022-01-17;36126,904494;1,0;21471,5630383838;;;;;;;;;
T08043;2011-09-09;1106,778427;4,0;17189,4929041339;10,0;7,0;7,0;10,0;7,0;8,0;8,0;8,0;2024-12-02 09:36:50.000
T74874;2010-01-06;287,052592;;;7,0;6,0;6,0;7,0;7,0;7,0;9,0;6,0;2024-11-29 09:16:31.000
TFDEM3;2010-02-24;527,6125;1,0;40637,966112213;10,0;10,0;8,0;10,0;5,0;10,0;5,0;8,0;2025-01-23 16:12:02.000
TFDOCL;2023-06-30;144,999771;;;8,0;5,0;5,0;10,0;7,0;9,0;6,0;8,0;2024-10-17 10:27:20.000
TDCCUG;2021-07-02;;;;;;;;;;;;
T27656;2011-03-15;700,66369;;;8,833333333333334;8,166666666666666;8,333333333333334;8,333333333333334;6,166666666666667;9,0;8,5;8,166666666666666;2024-04-24 14:31:42.000
TDCGUR;2022-10-24;;;;;;;;;;;;
TFEEGO;2025-02-20;;2,0;4155,12204945347;;;;;;;;;
TB3888;2013-09-05;;;;7,0;6,0;6,5;9,0;6,5;7,5;8,0;7,0;2024-06-06 11:04:41.000
TA2904;2000-01-01;93,189008;1,0;98,1180309672472;;;;;;;;;
T79941;2010-05-26;609,773833;2,0;12360,7783809039;6,333333333333333;6,166666666666667;6,5;6,166666666666667;6,166666666666667;7,333333333333333;7,833333333333333;6,666666666666667;2024-03-14 10:40:08.000
TDC0QU;2021-12-20;41,506135;1,0;20,9814521232875;;;;;;;;;
TFBMB3;2017-04-25;2068,834867;11,0;1182,92762861631;10,0;8,0;8,0;9,0;7,0;9,0;8,0;8,0;2019-10-24 11:08:00.000
TA3050;2005-10-10;91,901726;;;;;;;;;;;
TFEDXA;2025-01-29;;1,0;230,064502174145;;;;;;;;;
TFEDHO;2024-12-30;60,411532;1,0;60,7163119648651;;;;;;;;;
TDCEUI;2021-04-06;;;;;;;;;;;;
TFCGNY;2019-04-30;177,723696;;;5,25;7,0;7,25;8,75;6,5;5,5;6,0;7,5;2024-09-20 15:37:44.000
T16590;2007-07-24;740,96214;1,0;0,00420385736791976;8,2;8,4;8,4;9,2;7,8;9,2;8,2;8,4;2025-02-03 16:24:03.000
T34693;2006-03-10;2569,963845;2,0;13431,3200866463;9,2;8,0;8,2;9,2;6,2;9,0;8,0;8,0;2023-02-10 12:01:36.327
T30236;2001-09-27;327,516784;;;9,333333333333334;7,0;8,0;9,0;6,333333333333333;8,666666666666666;8,666666666666666;8,0;2024-11-29 08:55:01.000
TDCDAU;2012-04-10;;;;;;;;;;;;
TEZDAQ;2013-01-18;169,667973;1,0;290,13342010435;9,0;8,0;8,0;9,0;7,0;9,0;9,0;8,0;2024-01-26 13:48:14.000
TFBXD8;2016-10-07;212,132832;1,0;72,1255808613993;7,0;8,333333333333334;7,666666666666667;6,666666666666667;7,0;8,666666666666666;8,0;7,666666666666667;2025-03-06 11:56:31.000
TFCWZA;2021-05-18;;1,0;26904,6871546865;;;;;;;;;
TFBLM1;2013-09-24;55,91941;1,0;170,151126966552;;;;;;;;;
TD4169;2022-10-27;;;;;;;;;;;;
TFCSDU;2020-10-30;1224,435546;;;;;;;;;;;
TFCCTS;2022-04-29;194,599187;;;9,333333333333334;8,666666666666666;8,666666666666666;9,0;6,666666666666667;9,0;9,333333333333334;9,666666666666666;2025-02-14 14:11:26.000
TFDUY1;2024-07-22;531,78572;2,0;4292,35697322921;;;;;;;;;
T76003;2009-10-30;646,380092;3,0;1751,66749192217;9,2;8,8;8,4;9,4;8,0;9,4;8,4;8,8;2025-02-20 16:42:52.000
TDCCSR;2024-01-16;;;;;;;;;;;;
TDCAD2;2022-12-16;;1,0;2091,97815357001;;;;;;;;;
TFDPW7;2023-09-30;51,515961;;;;;;;;;;;
TDC0DX;2016-03-01;22,822741;;;;;;;;;;;
TB0458;2017-04-05;450,267195;3,0;13320,2962135595;8,5;6,0;8,5;9,5;5,5;8,5;8,0;9,0;2024-06-13 14:21:10.000
TDCF0G;2019-02-06;;;;;;;;;;;;
TFDOC4;2023-06-30;887,945543;;;;;;;;;;;
T09444;2002-07-26;1173,946928;2,0;0,00840771473583952;2,0;8,0;8,0;8,5;4,5;9,0;8,0;8,0;2024-03-28 17:18:05.000
TEZLO4;2015-07-24;598,927162;;;8,0;7,25;7,75;6,25;8,0;8,75;8,25;8,5;2025-01-20 11:15:14.000
TFDRND;2024-01-29;478,254285;1,0;4666,29428996304;;;;;;;;;
TEWTZ9;2010-09-28;835,915199;1,0;4543,99567141552;7,428571428571429;7,857142857142857;7,857142857142857;8,285714285714286;6,714285714285714;8,571428571428571;8,0;7,714285714285714;2024-11-06 09:34:44.000
TFEE35;2025-01-31;1681,542947;1,0;1681,5429471679;;;;;;;;;
TFCHGI;2010-12-05;381,470649;3,0;2624,47656250704;8,857142857142858;8,428571428571429;8,857142857142858;9,142857142857142;6,714285714285714;8,0;8,285714285714286;8,714285714285714;2025-01-14 14:29:52.000
TFCR25;2020-08-12;;;;;;;;;;;;
TFCXK2;2021-07-08;1010,689586;;;;;;;;;;;
TFBTPB;2018-05-14;86,100765;;;;;;;;;;;
TDC0K5;2016-03-01;1425,345003;;;7,0;5,0;8,0;9,0;7,0;8,0;8,0;8,0;2025-03-06 11:33:09.000
TFDEY9;2022-08-31;49,901727;1,0;2,1061325413278;;;;;;;;;
TB4370;2014-10-12;134,079628;2,0;2599,64858089211;10,0;10,0;9,0;10,0;10,0;10,0;9,0;10,0;2025-02-14 15:32:36.000
T08292;1988-12-28;823,132959;;;;;;;;;;;
TDCGKT;2021-05-10;;;;;;;;;;;;
T16885;2007-10-23;1004,121838;;;7,0;6,75;6,25;8,25;5,75;8,5;7,25;7,5;2024-11-26 15:39:10.000
TFECYQ;2024-12-03;;1,0;1962,64227778859;;;;;;;;;
T11026;2003-10-28;484,997072;3,0;0,016815429471679;9,0;8,0;8,0;9,0;9,0;9,0;10,0;10,0;2024-03-18 16:10:15.000
TEZAZB;2012-11-12;96,327332;1,0;234,192690109442;5,666666666666667;8,0;8,666666666666666;8,333333333333334;4,0;8,0;7,666666666666667;7,333333333333333;2025-02-20 15:43:15.000
TDCEEC;2022-07-18;;;;;;;;;;;;
TEZLR5;2015-06-29;109,558615;;;6,0;8,0;8,0;8,0;2,0;9,0;5,0;8,0;2022-05-24 00:00:00.000
TFCG46;2022-06-21;109,392557;;;;;;;;;;;
TFDMZQ;2023-05-10;90,658821;1,0;84,9515496909225;;;;;;;;;
TEZEDU;2013-09-27;3992,525704;2,0;0,00840771473583952;9,4;6,4;9,0;9,0;6,6;9,0;8,4;8,2;2024-09-10 10:26:56.000
TDCEX8;2023-05-16;;;;;;;;;;;;
TFEDEU;2024-12-23;668,906573;1,0;42512,5585974305;;;;;;;;;
T46457;2004-08-31;4065,517023;2,0;14250,0423283355;8,75;7,75;7,75;9,25;7,5;5,75;7,25;8,25;2025-02-28 14:19:05.000
T21961;2009-12-14;846,166636;4,0;5345,88146434621;9,0;8,5;8,5;9,0;6,75;8,0;8,25;8,5;2023-02-23 17:58:51.343
TCAW21;2014-04-16;65,12066;;;;;;;;;;;
TFEEA3;2025-02-04;;2,0;56243,4245408279;;;;;;;;;
T02895;2007-08-31;;;;;;;;;;;;
TFEEKU;2025-02-26;;1,0;87,7092801242779;;;;;;;;;
T16667;2015-09-02;279,914646;;;8,0;8,0;8,0;9,0;8,0;9,0;8,0;8,0;2022-09-05 18:00:03.447
TDCH84;2017-02-22;;;;;;;;;;;;
T12864;2004-12-20;1329,144093;;;7,5;7,5;7,5;9,5;7,0;8,0;7,0;8,0;2024-11-12 10:20:15.000
T54280;2008-06-25;;2,0;0,00840771473583952;9,0;8,0;8,0;9,0;7,0;9,0;8,0;8,0;2019-08-08 09:42:00.000
T15732;2009-11-10;156,927893;;;8,2;8,2;8,2;8,6;7,0;9,2;8,2;8,2;2024-09-18 11:01:10.000
TFCZZQ;2022-06-10;39,816835;1,0;19,0350661619407;10,0;10,0;10,0;10,0;10,0;9,0;9,0;10,0;2024-02-08 14:37:17.000
TFDIM2;2023-02-15;;;;;;;;;;;;
TFDRY3;2024-02-23;;;;;;;;;;;;
T53645;1994-03-29;3469,116485;;;8,0;8,4;9,2;8,4;7,2;9,6;8,8;9,2;2025-02-27 14:45:04.000
TFEDLF;2025-01-08;10,555885;1,0;10,5558858508465;;;;;;;;;
TFEDG4;2024-12-26;;1,0;833,809885782677;;;;;;;;;
TDCEWX;2022-05-19;;;;;;;;;;;;
TFCX89;2021-06-24;;;;;;;;;;;;
TEZOPD;2016-05-30;84,355827;;;;;;;;;;;
TEZEOA;2013-10-14;;;;;;;;;;;;
TFDGKQ;2022-10-31;451,294838;;;8,0;8,0;8,0;9,0;7,0;9,0;8,0;8,0;2023-09-13 09:52:49.000
TDCCZ0;2022-04-07;;;;;;;;;;;;
TFBW32;2018-03-28;286,970717;;;;;;;;;;;
T50749;2010-03-25;455,262735;2,0;22895,4389558998;8,0;8,5;9,0;9,5;7,5;9,0;8,5;8,5;2024-10-30 11:33:37.000
TFCFHS;2019-03-08;;;;;;;;;;;;
TCASHU;2016-10-07;;;;;;;;;;;;
T03360;1997-12-02;485,24525;;;8,666666666666666;8,0;8,333333333333334;9,333333333333334;7,333333333333333;9,0;8,0;8,0;2024-10-30 14:10:34.000
TCABD7;2013-07-03;;;;;;;;;;;;
TDCF1U;2022-03-14;;;;;;;;;;;;
TDCEZH;2019-01-18;;;;;;;;;;;;
TFCZM0;2021-10-15;47,081908;;;;;;;;;;;
TDCC7C;2024-05-31;;1,0;96,9829894779089;;;;;;;;;
T98720;2010-03-31;340,962404;;;9,333333333333334;7,0;8,666666666666666;6,333333333333333;7,333333333333333;9,333333333333334;8,666666666666666;8,666666666666666;2023-06-28 14:51:19.000
TFDSRP;2024-04-05;51,435736;1,0;700,497160931205;;;;;;;;;
TB3214;2012-11-10;603,367305;;;7,8;7,6;8,2;9,4;6,6;8,4;8,0;8,4;2024-11-21 16:04:11.000
TCANN1;2013-06-11;;;;;;;;;;;;
TFEDIS;2024-12-30;3866,541954;1,0;11658,2927954377;;;;;;;;;
TEWP74;2011-06-30;81,076785;1,0;1072,46707241685;9,0;8,0;8,0;9,0;7,0;9,0;8,0;8,5;2024-02-19 15:35:04.000
TFDOWU;2023-08-16;7,367236;;;;;;;;;;;
TDC06S;2016-06-01;292,650954;5,0;13805,1691223754;9,0;7,0;6,5;9,0;4,5;8,5;8,0;8,0;2023-12-08 10:35:22.000
TEZCS9;2013-05-13;;;;8,0;8,0;8,0;9,0;7,0;9,0;8,0;8,0;2021-06-25 11:39:00.000
TFCSI9;2020-10-30;396,459421;2,0;12335,4627518343;7,75;7,75;8,25;7,75;6,5;8,25;7,75;7,25;2023-07-17 10:39:36.000
T74148;2008-04-25;926,666843;;;8,5;9,5;8,5;8,0;6,5;9,0;8,0;9,0;2024-12-10 09:51:02.000
TDCD9D;2023-07-21;;;;;;;;;;;;
TDCD0Z;2022-01-12;;;;;;;;;;;;
TEZB57;2012-11-28;;;;8,666666666666666;8,0;8,0;9,0;7,0;9,0;8,0;8,0;2021-08-02 10:29:00.000
T80020;2011-03-24;553,239311;1,0;3489,73130140176;7,5;7,5;8,0;9,0;7,5;8,5;8,0;8,0;2025-01-27 09:51:57.000
TEZBBS;2022-02-01;;;;;;;;;;;;
TFEESA;2025-03-06;;1,0;1486,80766231376;;;;;;;;;
TFEC03;2024-10-28;688,428096;2,0;31783,6798120368;;;;;;;;;
TFBJRL;2017-03-31;426,354135;;;8,2;8,0;8,0;8,6;6,8;8,6;8,6;8,2;2024-08-21 11:54:07.000
TDCG0V;2019-09-27;;;;;;;;;;;;
T12870;2007-03-30;199,766381;1,0;12548,9892791231;8,0;6,0;6,0;9,0;6,0;7,0;7,0;7,0;2024-11-25 08:37:03.000
TDCG27;2022-11-10;;;;;;;;;;;;
TD0306;2009-08-29;88,289906;;;;;;;;;;;
TFBRF5;2017-12-15;1693,174232;1,0;23847,2343025705;;;;;;;;;
TFDDVO;2022-07-12;608,814565;;;;;;;;;;;
TDCA9N;2023-01-31;;1,0;1610,09839120011;;;;;;;;;
T13275;2005-02-14;217,360578;3,0;1760,0247603696;10,0;10,0;10,0;10,0;8,0;10,0;10,0;10,0;2024-06-05 15:27:26.000
TDCECQ;2019-05-17;;;;;;;;;;;;
TFCLMW;2019-10-31;422,927339;1,0;1645,07028064383;6,4;7,2;6,8;6,8;5,4;8,0;6,6;7,2;2024-10-28 09:26:13.000
TFDQRY;2023-11-28;78,637032;;;;;;;;;;;
T49926;2009-11-27;;;;;;;;;;;;
TFECH9;2024-11-01;1538,941098;2,0;155916,09240902;;;;;;;;;
TB5665;2016-05-10;615,312723;;;9,75;8,5;9,0;9,75;7,25;9,25;8,5;9,5;2024-10-28 17:32:51.000
TFEBZ4;2024-10-23;388,385888;1,0;6133,77681995647;;;;;;;;;
T57546;2011-02-24;395,409532;2,0;0,00840771473583952;7,0;8,0;8,0;9,0;7,0;9,0;8,0;8,0;2022-02-24 16:40:00.000
TFCL03;2019-10-17;96,384834;1,0;323,285039307765;5,0;5,0;8,0;9,0;7,0;7,0;8,0;5,0;2022-06-07 19:20:20.000
TFCCME;2018-11-21;1634,987975;;;;;;;;;;;
TDCG60;2018-07-31;;;;;;;;;;;;
TFBPUA;2017-11-13;524,001849;1,0;7980,87187413042;10,0;10,0;10,0;10,0;5,0;10,0;10,0;8,0;2024-07-03 17:39:58.000
TDCG0B;2021-07-13;;;;;;;;;;;;
TFDCAJ;2022-04-25;248,358875;;;;;;;;;;;
TB6588;2017-03-05;64,243581;;;6,0;3,5;4,0;8,0;3,5;9,0;6,5;7,0;2023-07-17 14:42:37.000
T78204;2012-04-23;1312,483005;;;8,0;8,0;8,0;8,0;7,5;8,5;8,0;8,0;2025-01-17 16:21:46.000
TFDOZ6;2023-08-18;179,89162;1,0;0,00420385736791976;8,0;9,0;9,0;9,0;7,0;9,0;8,0;9,0;2024-07-04 15:37:02.000
TFCW66;2021-05-07;469,512359;;;;;;;;;;;
T58719;2009-01-30;316,740652;;;8,571428571428571;8,142857142857142;8,571428571428571;9,0;7,571428571428571;9,0;8,142857142857142;8,0;2024-06-25 16:40:20.000
TFCXGE;2021-06-30;773,913617;;;10,0;4,0;4,0;10,0;10,0;10,0;10,0;10,0;2022-10-21 13:15:21.847
TDCEEK;2023-06-21;;;;;;;;;;;;
TEZLS0;2015-10-14;1326,41813;1,0;987,906481461144;7,0;8,0;8,0;9,0;7,0;9,0;8,0;8,0;2021-10-29 11:03:00.000
TDCDBZ;2017-05-01;;;;;;;;;;;;
TDCFOJ;2017-03-15;;;;;;;;;;;;
T60992;2017-11-22;;;;;;;;;;;;
TFDR18;2023-12-11;35,225943;3,0;172,438025374701;;;;;;;;;
TFCWOD;2021-04-30;1286,424531;6,0;55491,5184081444;;;;;;;;;
T15970;2007-01-19;126,938215;;;;;;;;;;;
TDCHAE;2024-08-19;;1,0;121,567147365504;;;;;;;;;
TDCA5H;2022-03-09;;;;;;;;;;;;
T13666;2013-06-21;123,80304;;;7,5;8,166666666666666;8,333333333333334;9,0;7,0;9,0;8,0;8,5;2023-10-18 09:39:21.000
TDCH3Z;2018-09-04;;;;;;;;;;;;
TFCUDW;2021-01-29;142,980311;;;;;;;;;;;
TCARW8;2017-03-01;;;;;;;;;;;;
T23757;1992-03-24;;;;;;;;;;;;
TFCBBM;2015-05-20;258,29788;;;;;;;;;;;
TFDSS0;2024-04-12;34,03562;1,0;213,396207710343;;;;;;;;;
TB4400;2015-01-15;458,08447;2,0;7563,65164193649;10,0;7,0;8,285714285714286;8,571428571428571;6,714285714285714;8,857142857142858;8,428571428571429;8,428571428571429;2024-07-22 10:51:07.000
TDCA13;2020-10-27;;;;;;;;;;;;
TFDVJM;2024-08-28;61,691861;2,0;1200,91593429364;;;;;;;;;
TDCFA1;2023-09-20;;;;;;;;;;;;
TDCEI6;2020-03-06;;;;;;;;;;;;
TDCH6F;2024-01-19;;;;;;;;;;;;
TDC2AZ;2022-07-04;492,385201;;;9,0;9,0;8,0;10,0;9,0;9,0;10,0;8,0;2025-03-24 09:55:05.000
T12061;2004-06-30;;2,0;0,00840771473583952;8,5;9,0;9,0;9,5;7,5;9,5;9,0;9,0;2024-01-22 09:15:22.000
T74391;2002-10-28;;;;6,333333333333333;7,0;7,0;7,666666666666667;7,333333333333333;7,666666666666667;7,0;6,666666666666667;2023-02-06 12:50:59.117
T05045;1999-07-16;;;;;;;;;;;;
T23793;2020-12-02;390,893091;4,0;23222,8521831429;7,0;7,0;8,0;7,0;7,0;7,0;9,0;10,0;2025-02-11 09:05:42.000
TFCOO2;2020-03-06;268,511405;1,0;0,00420385736791976;10,0;9,0;8,0;10,0;10,0;10,0;9,0;10,0;2024-11-06 15:42:30.000
T77135;2008-06-23;760,887149;4,0;34537,9378592062;9,25;8,25;8,5;8,5;7,25;9,0;8,0;7,5;2024-01-30 16:36:21.000
TDCCQ2;2018-10-15;;;;;;;;;;;;
T84573;2009-08-14;;;;;;;;;;;;
TB4132;2014-03-10;313,469312;1,0;3066,97458905428;10,0;8,5;9,0;9,25;6,5;9,0;8,0;8,5;2024-05-24 16:03:46.000
TFCKON;2019-09-30;1891,634391;2,0;8409,21971677724;8,25;7,25;7,5;9,25;7,25;9,25;6,25;7,25;2025-01-10 16:39:06.000
TB3458;2017-08-07;344,870033;;;9,25;7,75;8,25;8,25;7,25;7,75;7,75;7,75;2025-03-19 15:26:27.000
T17348;2008-02-29;1255,434209;2,0;135,280130099658;8,0;6,75;7,0;7,0;5,75;7,25;6,75;7,75;2025-03-05 16:34:52.000
TEZHDN;2014-06-13;1022,696986;3,0;181,005486690521;8,0;8,0;8,0;9,0;7,0;9,0;8,0;8,0;2019-04-17 11:22:00.000
TEZGMV;2008-12-02;426,181732;1,0;657,609408063688;8,5;7,5;6,0;10,0;5,0;8,5;8,0;7,0;2023-01-23 14:10:02.380
T61561;2009-05-28;;;;9,333333333333334;9,333333333333334;8,0;9,666666666666666;8,333333333333334;9,666666666666666;9,333333333333334;9,333333333333334;2025-01-20 16:24:55.000
TDCDLQ;2022-05-03;;;;;;;;;;;;
TDCF0T;2022-01-17;;;;;;;;;;;;
TFEDFX;2024-12-26;936,774964;3,0;8296,15276900966;;;;;;;;;
TFCSIG;2020-10-30;615,257036;1,0;1091,51054629353;7,5;7,0;7,5;8,5;7,0;9,0;6,5;6,5;2023-02-15 17:03:42.417
TA9009;2015-09-25;677,648824;;;8,0;8,0;8,0;9,0;7,0;9,0;8,0;8,0;2020-12-17 16:21:00.000
TB4912;2016-07-28;371,643373;2,0;3526,35951064844;9,0;8,0;9,0;9,5;8,5;9,5;8,0;7,5;2024-03-04 09:24:37.000
TEXHRJ;2003-02-21;529,632466;1,0;259,575580896941;9,0;8,5;8,5;9,0;6,5;9,5;7,0;8,0;2024-12-17 15:44:22.000
TEZASM;2012-10-31;1170,782083;;;7,5;6,0;7,5;6,5;7,5;9,5;8,0;6,0;2023-01-20 12:40:28.270
TDCDPM;2017-07-11;;;;;;;;;;;;
T27699;2011-06-20;111,437637;;;8,0;7,25;8,25;7,5;6,75;9,25;8,0;8,5;2024-10-30 17:01:07.000
TEZCXS;2013-05-28;96,382511;;;8,6;8,2;8,2;9,0;8,0;8,8;8,4;8,6;2024-03-11 08:32:13.000
T57253;2011-07-29;638,834131;;;8,0;6,25;5,25;9,75;5,75;9,5;3,75;9,0;2024-07-03 10:00:46.000
T06131;2000-04-28;2328,550506;3,0;75,8249753451687;9,0;5,666666666666667;6,0;9,666666666666666;7,333333333333333;7,333333333333333;9,666666666666666;9,333333333333334;2024-12-18 11:27:04.000
TFDOR8;2023-07-31;694,753983;1,0;3360,23567904036;8,0;8,0;9,0;9,0;7,0;9,0;9,0;8,0;2024-07-12 15:07:22.000
T05238;1999-09-02;642,466613;;;10,0;8,0;8,0;9,0;7,0;9,0;8,0;8,0;2019-06-14 10:44:00.000
TB3521;2014-04-05;996,944249;;;5,5;7,75;8,25;0,0;5,0;2,25;4,0;6,0;2025-02-14 15:05:08.000
TFDQII;2018-12-12;3970,988229;;;;;;;;;;;
TEVVGL;2010-02-03;;1,0;161,848508664911;;;;;;;;;
TD0358;2013-11-01;222,24814;;;8,0;8,0;8,0;9,0;7,0;9,0;8,0;8,0;2019-07-25 09:54:00.000
T49758;2013-04-24;80,0848;;;6,0;5,666666666666667;8,0;8,0;4,0;7,333333333333333;7,333333333333333;6,333333333333333;2023-08-21 16:27:36.000
TEZGEF;2014-07-02;552,34013;;;;;;;;;;;
TDCEU3;2023-03-20;;;;;;;;;;;;
TEZKIY;2015-03-31;429,940047;1,0;145721,776126531;9,5;8,0;8,666666666666666;8,666666666666666;7,333333333333333;9,333333333333334;8,0;8,166666666666666;2024-04-30 17:27:07.000
T17136;2007-12-19;1023,29317;;;8,25;8,5;8,5;8,25;7,5;8,25;8,0;8,5;2024-04-08 11:02:33.000
TDCHAP;2024-09-18;;1,0;120,600260170882;;;;;;;;;
TFDCFY;2022-04-29;397,121787;1,0;10577,7963554481;9,0;8,0;8,0;9,0;8,0;9,0;9,0;9,0;2025-03-25 10:45:26.000
TEZHQL;2014-07-30;1341,051084;1,0;0,00420385736791976;9,0;8,0;8,0;9,0;7,0;9,0;8,0;8,0;2021-10-25 17:32:00.000
TFDEBV;2019-03-15;393,684436;1,0;1284,4339686221;5,0;5,0;5,0;7,0;5,0;8,0;8,0;8,0;2024-06-20 15:56:57.000
T10247;2004-04-15;433,626911;;;8,0;8,0;8,0;7,0;7,0;8,0;7,0;8,0;2022-08-24 12:04:40.073
TEVVQC;2023-12-29;1629,152485;1,0;9652,65346449001;;;;;;;;;
TEVVLM;2010-04-09;612,441224;1,0;0,00420385736791976;8,666666666666666;7,833333333333333;7,833333333333333;9,0;7,5;9,333333333333334;8,0;8,166666666666666;2024-09-23 11:17:19.000
T59901;2009-03-16;681,510285;1,0;52,1026082179975;;;;;;;;;
TEZNCM;2015-12-01;216,993416;;;7,0;8,0;8,0;9,0;7,0;8,0;8,0;7,0;2023-06-14 10:34:00.000
T15583;2006-10-25;9985,630602;;;7,666666666666667;8,333333333333334;8,333333333333334;8,666666666666666;6,666666666666667;9,0;7,333333333333333;8,0;2024-09-23 15:38:23.000
TFDQOT;2023-11-23;7854,448716;;;8,0;8,0;10,0;10,0;5,0;10,0;5,0;10,0;2024-09-02 09:25:20.000
TEZSOI;2016-08-23;700,046131;;;7,0;8,0;8,0;9,0;7,0;9,0;8,0;8,0;2020-08-17 00:00:00.000
TFDUPV;2024-06-28;5,343102;1,0;69,5780432964399;;;;;;;;;
TFBLKJ;2017-09-26;566,405661;3,0;2118,92908315575;4,0;4,0;8,5;7,5;8,0;9,5;6,5;6,0;2023-07-21 15:23:21.000
TFECKF;2024-11-12;;1,0;109,430611144319;;;;;;;;;
T62498;2009-12-04;336,685321;;;8,5;8,0;8,0;9,0;7,0;8,5;8,0;8,0;2024-09-23 15:10:14.000
TFEENX;2025-02-28;;1,0;41997,6239045767;;;;;;;;;
T07742;2009-07-22;1413,931842;1,0;0,00420385736791976;8,333333333333334;7,833333333333333;8,333333333333334;9,166666666666666;7,333333333333333;9,0;8,0;8,666666666666666;2024-11-12 13:54:33.000
T06341;2007-05-24;674,110448;;;10,0;10,0;10,0;10,0;10,0;10,0;8,0;8,0;2024-10-22 09:10:14.000
TEZBE4;2012-12-14;530,622737;;;;;;;;;;;
TFDGH5;2022-10-31;31,062625;2,0;152,953146474392;;;;;;;;;
T03198;1998-05-25;885,552622;;;7,5;7,5;8,0;9,0;7,0;9,0;7,5;7,5;2024-11-21 11:16:44.000
TFAIKL;2016-12-26;785,229251;1,0;676,888297952968;7,0;8,0;8,0;9,0;7,0;9,0;8,0;8,0;2019-09-19 09:44:00.000
TEZHO0;2014-07-24;;;;;;;;;;;;
TDCELO;2024-01-19;;;;;;;;;;;;
TFECGV;2020-06-01;657,631244;4,0;833121,638662116;;;;;;;;;
TFEEUE;2025-03-14;;1,0;320,724890170702;;;;;;;;;
TDC0OT;2020-01-01;161,000946;;;7,0;8,0;8,0;9,0;7,0;8,0;7,0;7,0;2023-12-18 16:01:23.000
TEZDLE;2013-07-23;;;;;;;;;;;;
TFCLHU;2021-04-15;;;;10,0;8,0;9,0;9,5;7,0;9,5;9,0;9,0;2023-08-15 15:32:41.000
TFBOM4;2021-12-30;459,020543;1,0;455,151637224672;7,0;5,0;8,0;10,0;7,0;9,0;8,0;10,0;2025-03-24 11:44:49.000
TEZOHJ;2016-04-07;;;;8,0;5,0;5,0;7,0;4,0;7,0;7,0;7,0;2024-06-25 14:04:59.000
TFBSZW;2018-01-30;453,119679;3,0;804,626707934578;8,5;7,0;8,5;9,5;8,0;7,5;8,0;7,0;2024-06-07 12:00:21.000
TDC00T;2010-02-01;208,140082;;;9,0;8,0;8,0;9,0;7,0;9,0;10,0;5,0;2023-07-28 09:22:17.000
TCADJM;2014-04-29;64,980144;;;;;;;;;;;
TDCCYM;2013-10-28;;;;;;;;;;;;
TFDQKI;2023-11-10;38,855606;;;;;;;;;;;
TFCRUB;2020-09-30;842,356778;;;9,0;9,0;9,0;9,0;8,0;9,0;9,0;9,0;2024-10-03 16:09:01.000
T14861;2009-06-29;194,575947;;;9,333333333333334;8,666666666666666;8,666666666666666;7,333333333333333;6,333333333333333;8,666666666666666;5,666666666666667;8,666666666666666;2023-11-27 16:26:00.000
TFDMBC;2023-04-28;659,120252;;;7,0;7,0;7,0;7,0;7,0;8,0;6,0;7,0;2024-12-17 15:03:38.000
TDCESQ;2021-11-24;;;;;;;;;;;;
TB3508;2016-12-10;172,113126;;;7,5;7,5;8,0;9,0;7,0;8,5;8,0;7,5;2022-12-06 11:44:10.157
TFCSNZ;2020-11-16;78,060415;;;8,0;6,0;6,0;8,0;7,0;8,0;6,0;5,0;2023-11-27 10:37:35.000
TEZM93;2015-08-31;445,854606;1,0;2552,41824336353;9,0;7,5;7,0;9,5;7,5;8,0;9,0;9,0;2024-06-13 14:46:04.000
TFCRO4;2020-09-17;115,644812;;;6,25;5,5;8,0;9,0;7,25;8,75;6,25;6,0;2024-12-05 14:44:04.000
TCAXOT;2013-10-29;105,365157;;;;;;;;;;;
TFDGA4;2022-10-19;;;;;;;;;;;;
TFDQU2;2023-11-29;1752,693233;;;;;;;;;;;
TDCDW1;2019-03-20;;;;;;;;;;;;
TB4808;2015-06-19;151,135207;1,0;2330,11406189056;9,166666666666666;8,833333333333334;9,0;9,166666666666666;7,166666666666667;9,0;8,333333333333334;8,333333333333334;2024-05-16 11:07:42.000
TDCCDB;2024-06-13;;1,0;120,209301435666;;;;;;;;;
TFCTQR;2020-12-30;594,371601;;;;;;;;;;;
T07300;2001-06-01;2977,238949;1,0;1884,11001829849;6,5;7,5;9,0;9,5;6,0;9,5;8,0;8,5;2022-05-12 00:00:00.000
TD0532;2014-12-17;123,651936;;;;;;;;;;;
TFD372;2021-11-25;;;;;;;;;;;;
TB5353;2016-12-05;601,378711;1,0;8450,37968426654;8,666666666666666;7,666666666666667;8,0;9,333333333333334;6,333333333333333;9,0;8,0;8,0;2024-11-04 17:41:02.000
TAAOI5;2011-02-10;119,158915;;;;;;;;;;;
T57506;2011-05-31;514,466053;;;10,0;10,0;10,0;10,0;7,666666666666667;10,0;10,0;10,0;2024-12-03 10:36:01.000
TFEDGG;2024-12-26;774,535963;1,0;8961,87141793607;;;;;;;;;
TFDADM;2022-01-11;704,853488;;;9,5;8,0;8,0;9,0;6,0;7,5;10,0;10,0;2025-02-11 14:40:42.000
TFCHWD;2019-06-25;;;;;;;;;;;;
T50460;2008-08-01;176,971807;;;;;;;;;;;
T03386;2009-09-30;1250,800341;1,0;39,0664465200783;7,6;6,8;7,0;7,8;7,0;9,0;7,8;8,4;2024-12-10 15:24:04.000
TEWBJI;2011-03-28;195,555;2,0;968,106313258242;9,0;8,0;8,333333333333334;9,0;7,333333333333333;8,666666666666666;8,333333333333334;8,333333333333334;2024-02-21 09:53:19.000
TFCXBD;2021-06-14;;;;;;;;;;;;
TFDRVG;2024-02-19;37,987556;;;;;;;;;;;
TC2447;2019-04-08;180,6937;;;;;;;;;;;
TFCRRX;2020-09-29;;;;;;;;;;;;
TFCSDV;2020-11-10;323,267022;;;7,0;8,0;8,0;10,0;7,0;5,0;7,0;3,0;2025-02-03 11:39:14.000
TEZHOD;2014-07-25;328,051307;;;9,0;7,0;6,0;7,0;4,0;8,0;8,0;9,0;2024-11-26 16:51:23.000
TFDRLC;2024-05-15;54,243212;1,0;64,3820755896911;;;;;;;;;
T92194;2009-12-14;99,762828;;;;;;;;;;;
TEVSAU;2010-04-27;270,689356;1,0;2132,79760861252;9,0;8,2;7,4;8,0;7,0;9,6;6,6;6,8;2024-10-21 10:39:24.000
TEZIEW;2014-09-19;173,175802;;;8,75;8,25;8,25;9,0;7,25;9,0;8,25;8,0;2022-08-15 14:25:40.997
TDCH3E;2021-09-30;;;;;;;;;;;;
TFDI77;2023-01-20;44,117542;;;;;;;;;;;
TDCCTJ;2022-06-14;;;;;;;;;;;;
TFBGUI;2017-03-01;;;;9,666666666666666;8,666666666666666;8,666666666666666;9,333333333333334;7,0;9,333333333333334;8,666666666666666;8,333333333333334;2023-09-14 14:13:36.000
TFECGP;2024-11-01;772,060564;2,0;96679,1178519261;9,0;9,0;8,0;10,0;10,0;8,0;7,0;8,0;2025-03-11 15:43:23.000
TDCDQ1;2022-01-24;;;;;;;;;;;;
T53787;1997-04-08;158,435196;;;6,666666666666667;5,333333333333333;5,333333333333333;6,666666666666667;7,0;6,0;7,666666666666667;8,0;2024-10-03 11:12:39.000
TFDJC6;2023-03-24;110,803655;;;;;;;;;;;
TDCDHL;2023-02-24;;;;;;;;;;;;
TDCDGT;2020-09-01;;;;;;;;;;;;
TEZIHO;2014-09-25;;;;;;;;;;;;
TDC1J5;2012-05-01;393,331205;1,0;10870,267120249;8,0;8,0;9,0;8,0;9,0;7,0;7,0;8,0;2024-11-21 09:35:02.000
TFDQZP;2023-12-07;55,01103;;;;;;;;;;;
TFBKXO;2008-07-24;714,819871;;;4,5;6,25;6,25;9,5;6,75;6,75;8,0;6,75;2024-10-24 11:38:59.000
T84915;2009-09-29;567,126332;1,0;0,00840771473583952;9,6;8,8;8,8;9,0;7,4;9,0;8,0;8,8;2024-05-31 10:35:03.000
TFCUAK;2021-02-23;54,986198;;;;;;;;;;;
TFEDZ3;2025-01-31;;1,0;372,318831647181;;;;;;;;;
TFDQ51;2023-10-11;483,554574;1,0;1719,37766347918;;;;;;;;;
TD0659;2016-07-29;133,032901;;;5,0;8,0;8,0;9,0;4,0;8,0;8,0;8,0;2024-01-11 17:00:34.000
TFDAO7;2022-01-31;30,119173;1,0;251,626086614205;;;;;;;;;
TDCGFI;2019-03-14;;;;;;;;;;;;
T89811;2009-11-18;345,32088;3,0;11403,2195457818;7,666666666666667;8,0;8,0;9,333333333333334;7,333333333333333;9,0;6,333333333333333;8,0;2023-05-03 20:50:08.387
TDCD6Z;2020-06-16;;;;;;;;;;;;
TB1418;2017-05-10;1068,386153;2,0;5644,49406476166;8,0;7,0;6,5;8,25;7,25;9,25;8,0;7,5;2024-05-24 14:59:54.000
T12221;2009-04-30;888,458279;;;8,75;7,75;7,75;8,5;6,75;8,5;7,75;7,75;2024-12-17 15:41:41.000
TFDFSZ;2022-09-30;641,315655;;;;;;;;;;;
TFDH21;2022-11-30;659,945319;;;;;;;;;;;
TEZMR1;2023-03-31;;;;;;;;;;;;
TFDAIJ;2022-01-21;469,040275;1,0;2397,25807177098;8,5;5,0;8,0;10,0;10,0;10,0;6,5;9,5;2025-02-10 16:20:21.000
TFDU84;2024-05-28;468,226256;3,0;4111,59531026603;;;;;;;;;
TDCEG4;2020-12-01;;;;;;;;;;;;
TFDDDQ;2022-06-20;339,239486;1,0;1176,47470755655;;;;;;;;;
TDCGXJ;2021-03-19;;;;;;;;;;;;
TDCC3R;2022-03-24;;;;;;;;;;;;
TEXSOY;2012-03-29;4391,228094;;;8,333333333333334;8,666666666666666;8,666666666666666;9,0;8,0;9,333333333333334;8,0;8,333333333333334;2023-07-25 09:51:58.000
T52252;2010-06-29;87,960032;;;8,25;8,125;8,25;8,75;6,875;9,0;8,125;8,375;2025-02-28 15:02:21.000
TEZHE7;2014-06-10;;1,0;0,958479479885705;8,0;8,0;8,0;9,0;7,0;9,0;8,0;8,0;2020-05-15 09:20:00.000
TD0647;2016-05-19;946,780658;2,0;10056,9804661365;4,0;8,5;8,0;9,5;6,5;8,5;7,5;8,5;2023-09-29 16:15:46.000
TEVVH1;2009-11-27;;;;;;;;;;;;
TFEEQH;2025-02-28;;1,0;15294,5705646851;;;;;;;;;
TFDA47;2021-12-28;348,212286;;;;;;;;;;;
TB3163;2019-02-22;402,394844;;;10,0;8,0;9,5;9,0;9,5;10,0;9,5;10,0;2024-04-16 09:03:52.000
TFDJHZ;2023-03-31;323,44642;;;5,0;7,0;7,0;7,0;0,0;5,0;3,0;5,0;2024-12-04 09:11:40.000
TFEDFL;2024-12-23;;1,0;222,157046465088;;;;;;;;;
TDCCDN;2021-05-26;;;;;;;;;;;;
TEZJXZ;2015-02-27;1141,529162;3,0;252,651827811978;8,8;8,0;8,4;9,2;7,4;8,8;8,0;8,6;2024-05-02 16:00:55.000
TFEEOK;2025-02-28;;1,0;615,865104400245;;;;;;;;;
TFDVJP;2024-08-30;117,136663;2,0;3452,67009484618;;;;;;;;;
TFDOU7;2023-08-04;476,128833;;;;;;;;;;;
T37142;2012-03-28;209,352997;;;9,8;8,8;8,8;9,4;8,2;9,4;8,8;8,0;2023-04-13 17:22:48.397
TEVYDI;2015-06-19;408,191088;1,0;2280,43287551649;9,0;8,0;8,0;10,0;7,0;9,0;9,0;8,0;2024-05-23 16:39:52.000
TFBXDL;2009-02-04;131,229617;1,0;0,420385736791976;9,0;8,0;8,0;8,0;7,0;8,0;8,0;8,0;2024-06-20 13:50:57.000
T75558;2010-03-17;621,217894;4,0;36357,7624906345;9,333333333333334;8,0;7,666666666666667;8,666666666666666;6,333333333333333;8,333333333333334;7,666666666666667;7,666666666666667;2024-12-11 15:09:22.000
TDCDDX;2023-01-20;;;;;;;;;;;;
T14119;2005-08-03;8727,535453;2,0;85198,8247851609;7,5;7,75;8,5;8,75;7,0;8,5;8,0;7,75;2023-02-27 16:49:24.283
TFCUYD;2021-03-11;715,213209;3,0;3670,00952076763;10,0;9,0;9,0;8,0;3,0;9,0;8,0;9,0;2022-09-21 17:18:15.727
TDC0T8;2018-09-01;598,932613;;;;;;;;;;;
TFCEQI;2019-02-07;;;;8,0;9,0;9,333333333333334;9,0;7,333333333333333;9,333333333333334;8,0;8,333333333333334;2024-05-22 16:18:30.000
TDCGZA;2022-04-28;;;;;;;;;;;;
TDC0X5;2019-01-01;598,932613;;;;;;;;;;;
TDCG4D;2023-03-31;;;;;;;;;;;;
TFC318;2011-02-10;1067,368213;2,0;3968,23536630523;9,8;7,6;7,6;9,4;7,4;9,4;8,4;8,8;2024-01-15 10:09:24.000
T16072;2007-03-28;433,921737;1,0;4650,30702039284;8,714285714285714;8,0;8,428571428571429;9,285714285714286;7,0;8,571428571428571;7,571428571428571;7,714285714285714;2025-02-11 17:06:30.000
TEZGEO;2014-03-24;398,4763;;;;;;;;;;;
TFCUDL;2021-01-29;327,178538;;;8,0;10,0;10,0;9,0;7,0;10,0;8,0;10,0;2024-11-27 10:07:46.000
TFDGT5;2022-11-21;205,262713;;;8,0;8,0;9,0;9,0;8,0;8,0;9,0;9,0;2024-04-23 15:16:11.000
T42110;2010-09-06;426,815536;;;8,0;8,0;8,0;9,0;7,0;9,0;8,0;8,0;2020-08-12 15:35:00.000
TEZJQJ;2016-04-28;662,857562;;;8,0;8,0;8,0;9,0;7,0;9,0;8,0;8,0;2021-12-08 11:16:00.000
TDC9YB;2021-10-29;;;;;;;;;;;;
TFCSNW;2020-11-16;723,740988;1,0;11699,9277988096;;;;;;;;;
TFCFVL;2019-03-29;161,446231;;;;;;;;;;;
T53634;2007-10-11;3231,473144;;;8,2;8,0;8,0;9,0;6,8;8,6;8,0;8,0;2023-02-06 13:37:38.660
TFCTGY;2022-01-27;628,97644;1,0;824,187256267508;;;;;;;;;
T10289;2003-04-15;2507,599985;2,0;0,00840771473583952;10,0;7,333333333333333;8,5;8,833333333333334;6,666666666666667;9,666666666666666;9,0;8,166666666666666;2025-01-14 10:27:24.000
TEZPG9;2018-06-20;;;;;;;;;;;;
TB5687;2016-12-12;702,983903;;;;;;;;;;;
TFDCV6;2022-05-30;1137,063994;;;;;;;;;;;
TDCEBH;2012-04-10;;;;;;;;;;;;
T57397;2008-09-19;;1,0;0,00420385736791976;;;;;;;;;
TFCGB7;2018-07-19;2115,229175;;;;;;;;;;;
TFEEFL;2025-02-18;;1,0;1459,72641314962;;;;;;;;;
TDC0SJ;2021-11-09;341,046012;;;;;;;;;;;
TEZB61;2009-10-16;345,942445;1,0;62580,9539196927;7,666666666666667;7,0;7,0;8,333333333333334;7,0;9,0;8,0;8,0;2022-07-28 16:40:54.453
TFBJTR;2017-04-13;922,664116;2,0;137,508174504655;9,333333333333334;8,0;8,0;9,0;7,0;9,0;8,0;8,0;2022-03-02 15:34:00.000
TFDEU6;2022-08-26;524,996384;;;10,0;6,5;9,0;10,0;8,5;10,0;10,0;9,0;2025-02-21 17:24:42.000
TFDVIZ;2024-08-26;61,388888;3,0;1628,29688974583;;;;;;;;;
TFECND;2024-11-19;;1,0;146,14710139573;;;;;;;;;
T50743;1997-04-09;963,338273;5,0;147222,628876311;10,0;7,5;8,0;9,5;7,5;9,0;8,0;8,0;2022-06-08 18:27:42.000
T49304;2020-03-19;1510,396799;;;;;;;;;;;
TB5204;2015-12-05;2054,087169;;;;;;;;;;;
TEZHJV;2014-07-02;;;;9,0;7,0;8,0;9,0;7,0;8,0;8,0;8,0;2023-09-15 09:50:28.000
TB4732;2015-09-10;243,363238;;;7,8;6,0;7,4;4,8;6,2;6,6;7,8;7,2;2025-01-17 11:55:08.000
TDCFYI;2019-09-02;;;;;;;;;;;;
TDCA6P;2017-05-23;;;;;;;;;;;;
TFDPR6;2023-09-21;461,867579;1,0;62,9990065156455;10,0;8,0;8,0;9,0;7,0;7,0;8,0;8,0;2024-10-24 11:26:57.000
TEZBQM;2013-01-22;1845,959411;;;8,25;8,0;8,0;8,75;7,25;9,0;8,0;8,0;2024-12-18 11:33:58.000
TEZQD9;2012-03-28;666,660624;2,0;0,00840771473583952;9,0;5,0;6,0;10,0;6,0;8,0;10,0;10,0;2024-10-28 16:31:02.000
TFDPXV;2023-09-29;350,020795;1,0;183,014930512387;;;;;;;;;
TFCUAA;2014-05-22;127,340759;2,0;4273,41018807199;8,5;7,0;7,0;7,75;7,5;7,75;8,5;8,5;2024-03-26 17:22:33.000
T26584;2003-01-28;628,792619;1,0;8315,03649630636;6,333333333333333;8,0;8,0;9,0;7,0;9,0;8,0;8,0;2024-11-11 16:13:00.000
T51217;2012-10-11;1043,768539;1,0;4641,15942676025;8,5;7,833333333333333;8,333333333333334;9,0;7,166666666666667;9,0;8,5;9,0;2024-11-26 10:10:15.000
TB3522;2013-04-05;565,074293;;;7,5;7,5;8,166666666666666;3,5;6,0;5,333333333333333;6,166666666666667;6,833333333333333;2025-01-30 11:19:21.000
TFDAJB;2021-11-10;;;;;;;;;;;;
TDC1GA;2009-09-01;493,04886;15,0;17360,3082405646;8,0;7,0;8,0;8,0;6,0;9,0;8,0;8,0;2025-03-14 16:36:46.000
TFDTMO;2024-04-25;20,667442;2,0;152,339383298676;;;;;;;;;
TDCEZ6;2023-08-25;;;;;;;;;;;;
TDCEOG;2022-02-11;;;;;;;;;;;;
TEYVZF;2012-08-30;;;;;;;;;;;;
TB4095;2014-05-10;607,566407;2,0;5839,17049561265;9,666666666666666;7,666666666666667;10,0;9,333333333333334;8,0;9,333333333333334;9,333333333333334;9,0;2024-06-14 12:00:10.000
T06486;2009-09-17;250,486442;;;6,5;7,5;7,5;6,5;6,5;7,0;6,5;6,0;2024-09-27 12:03:05.000
TEYTB4;2012-07-20;752,074523;;;8,0;8,0;8,0;9,0;7,0;9,0;8,0;8,0;2021-10-14 16:44:00.000
TFBZKZ;2018-09-28;124,660784;3,0;584,336174140847;10,0;10,0;10,0;10,0;5,0;9,5;9,0;9,0;2023-05-29 16:52:10.677
T05174;2008-05-30;721,547769;3,0;1777,9121734701;7,0;7,25;7,125;8,5;5,625;8,0;7,875;7,75;2024-04-19 17:36:34.000
TFCDQP;2023-03-07;82,767645;1,0;54,1120520398632;;;;;;;;;
T45356;2011-02-23;741,676618;;;7,0;7,5;7,75;9,25;6,75;9,0;8,25;7,5;2024-06-27 15:22:43.000
T33319;2021-05-05;32086,362299;1,0;57592,2826236134;;;;;;;;;
TDCCA1;2024-07-17;;1,0;346,591224555513;;;;;;;;;
TC6783;2016-02-29;42,138657;;;10,0;8,0;9,0;10,0;7,0;8,0;8,0;8,0;2022-05-31 00:00:00.000
TDCFUE;2021-03-26;;;;;;;;;;;;
TC0263;2018-04-30;471,068618;1,0;223,346738100209;8,5;7,0;7,0;8,75;7,0;9,0;8,0;8,25;2023-04-05 18:52:54.653
TDCDLM;2022-03-08;;;;;;;;;;;;
TEZCGC;2013-03-28;512,40806;2,0;0,00840771473583952;8,0;8,0;8,0;9,0;7,0;9,0;8,0;8,0;2019-08-23 14:05:00.000
TC9518;2013-11-18;54,618131;;;;;;;;;;;
T41352;2002-01-10;893,193423;12,0;24147,915200811;10,0;7,333333333333333;8,0;9,333333333333334;7,333333333333333;8,666666666666666;8,666666666666666;8,666666666666666;2023-10-25 15:56:46.000
TFCD85;2018-11-30;;;;;;;;;;;;
TFEDIJ;2024-12-30;;2,0;2437,10643576149;;;;;;;;;
TFEBP8;2024-09-30;713,761148;1,0;40880,0536464594;;;;;;;;;
TFDR35;2023-12-12;89,136866;;;;;;;;;;;
TEWBJX;2011-02-07;;;;;;;;;;;;
T12825;2004-12-29;436,766583;2,0;117285,447170702;8,5;8,0;6,5;8,5;7,0;9,0;8,0;8,0;2022-06-23 17:35:16.000
TEZFD6;2013-12-04;279,085215;;;6,0;8,0;8,0;9,0;7,0;9,0;8,0;8,0;2020-02-18 14:49:00.000
TFEC94;2024-10-31;286,818678;1,0;4658,17243752822;;;;;;;;;
TFBXDX;2002-02-22;;;;;;;;;;;;
TFDVK5;2024-08-29;59,662144;2,0;2425,14225769239;;;;;;;;;
TFCXNU;2021-07-14;;2,0;138320,578348721;;;;;;;;;
TFEECF;2025-02-12;;1,0;151,338865245111;;;;;;;;;
TFDOB0;2023-06-30;1114,287345;;;;;;;;;;;
TEYVT0;2012-08-16;241,826509;2,0;9212,72399479458;8,5;8,0;8,0;9,0;7,0;8,5;8,0;8,0;2023-10-18 10:15:34.000
TEZMYD;2015-11-10;93,884145;;;8,0;8,0;8,0;9,0;7,0;9,0;8,0;8,0;2019-03-13 14:12:00.000
TDCEWE;2018-03-01;;;;;;;;;;;;
TFCJDN;2019-08-23;2051,811025;2,0;16514,6056422881;8,666666666666666;7,333333333333333;7,666666666666667;9,333333333333334;7,666666666666667;9,0;7,666666666666667;8,333333333333334;2025-03-13 14:38:35.000
TFEBF7;2024-09-24;408,453508;1,0;5850,96231552966;;;;;;;;;
TFDENQ;2022-08-16;84,40052;;;8,0;8,0;8,0;9,0;8,0;9,0;8,0;0,0;2024-06-14 10:55:50.000
TFEBKG;2024-09-25;622,354532;2,0;8280,57747746152;;;;;;;;;
TDCCCQ;2020-10-28;;;;;;;;;;;;
T59649;2024-11-29;169,125735;1,0;698,99217999349;;;;;;;;;
TDCHCP;2024-10-03;;1,0;141,808720592037;;;;;;;;;
TB4434;2014-11-20;329,322003;;;9,0;8,0;8,0;8,5;8,0;9,0;8,5;8,0;2023-07-18 14:01:42.000
TFBRA0;2017-12-29;48,991106;;;;;;;;;;;
TDCGMG;2023-08-16;;;;;;;;;;;;
TFCYGN;2021-08-23;99,128249;;;;;;;;;;;
TDCEIB;2021-07-13;;;;;;;;;;;;
TDC01U;2013-03-01;367,568071;4,0;3299,97338367123;9,0;4,333333333333333;5,333333333333333;10,0;7,0;10,0;8,333333333333334;8,0;2024-06-11 15:28:13.000
TD0631;2016-04-22;316,919916;;;9,0;8,0;8,0;9,0;8,0;8,0;8,0;8,0;2022-10-20 11:55:54.627
T49410;2013-07-24;884,98326;;;8,75;8,25;8,25;9,0;6,0;9,0;7,25;8,25;2023-01-02 17:17:19.463
TFECY8;2024-12-09;29,754061;3,0;351,77037683279;;;;;;;;;
TFBRLL;2017-12-22;497,666077;2,0;29282,0651849646;9,142857142857142;8,142857142857142;8,428571428571429;8,428571428571429;7,428571428571429;9,0;8,571428571428571;8,285714285714286;2024-11-25 16:43:49.000
TFBZLB;2018-06-15;;;;8,6;8,8;8,8;9,4;7,0;9,0;8,0;7,6;2024-11-26 16:03:43.000
TFBMII;2020-05-29;;;;;;;;;;;;
TCBG82;2017-09-18;67,954697;;;;;;;;;;;
TFDR39;2023-12-12;30,717909;;;;;;;;;;;
TFCTSS;2021-01-05;141,942201;;;;;;;;;;;
TDCDRL;2014-01-25;;;;;;;;;;;;
T84955;2009-09-29;283,272724;;;8,666666666666666;8,666666666666666;8,666666666666666;8,333333333333334;8,0;9,666666666666666;8,0;7,666666666666667;2025-03-13 14:03:11.000
TDCG9E;2021-02-26;;;;;;;;;;;;
T30925;2010-04-22;741,552393;2,0;6801,87905601048;;;;;;;;;
T57514;2012-11-30;;;;7,333333333333333;8,333333333333334;8,333333333333334;8,333333333333334;5,0;8,0;7,666666666666667;7,0;2024-10-21 14:40:27.000
T16316;2007-05-04;;;;;;;;;;;;
T05661;2005-07-01;327,8747;;;9,8;8,6;8,6;9,4;7,4;9,4;8,0;8,6;2024-05-24 15:28:40.000
T76839;2010-02-05;2609,057124;7,0;19064,6318908093;9,333333333333334;8,666666666666666;9,0;9,666666666666666;7,333333333333333;9,666666666666666;8,333333333333334;8,666666666666666;2023-07-10 09:49:03.000
T41881;2009-11-25;;;;;;;;;;;;
TA3318;2011-04-14;484,388007;2,0;2356,03504642116;9,0;9,0;8,0;8,0;7,333333333333333;9,333333333333334;7,666666666666667;9,0;2024-10-31 10:20:06.000
T07446;2003-06-03;1569,235095;;;8,0;7,5;8,0;7,5;7,5;7,0;8,0;7,0;2023-10-09 14:24:51.000
TFBTTM;2018-02-28;161,395461;;;8,8;7,8;8,0;9,0;8,0;6,8;8,2;7,8;2024-04-24 11:51:08.000
T50010;2002-01-01;122,205082;2,0;185,112655338979;9,666666666666666;8,333333333333334;8,666666666666666;9,0;8,0;9,333333333333334;8,333333333333334;8,666666666666666;2023-03-13 16:51:01.370
T16646;2007-08-24;922,695331;2,0;3480,83593921124;8,0;7,75;8,0;9,0;7,0;9,0;8,0;8,0;2024-03-08 14:00:38.000
TFDUQ9;2024-06-28;211,782451;1,0;2740,59971458109;;;;;;;;;
TEZI73;2014-08-29;169,482126;;;7,666666666666667;7,666666666666667;8,333333333333334;8,333333333333334;7,0;8,333333333333334;8,0;8,0;2024-07-31 15:42:32.000
TDCGOY;2020-11-11;;;;;;;;;;;;
TA0675;2010-04-27;441,853314;2,0;0,00840771473583952;2,5;1,0;1,0;6,0;1,0;2,5;5,5;4,5;2024-10-31 16:26:29.000
TEVVV0;2011-02-25;7034,348164;;;8,0;10,0;10,0;7,0;7,0;9,0;8,0;10,0;2023-07-20 15:13:19.000
TFDUQD;2024-06-28;1354,191228;1,0;71857,3663536113;;;;;;;;;
T39943;2001-08-20;101,114423;;;5,666666666666667;7,166666666666667;7,666666666666667;7,5;6,166666666666667;6,0;6,666666666666667;7,333333333333333;2024-02-05 16:37:28.000
T00673;2003-01-01;399,78675;1,0;6782,37315782334;8,5;7,5;7,0;8,5;7,5;9,5;9,0;8,5;2023-10-30 09:31:12.000
T55493;1993-04-30;;;;;;;;;;;;
TA3476;2015-06-16;;;;;;;;;;;;
T76663;2007-11-21;466,916143;2,0;8220,84066426338;;;;;;;;;
TB4155;2014-03-15;194,785075;1,0;5382,51387745026;8,666666666666666;8,333333333333334;8,666666666666666;9,333333333333334;6,333333333333333;9,0;8,333333333333334;8,333333333333334;2022-08-25 14:04:44.350
TFBKR8;2013-08-01;106,619442;;;9,0;8,0;8,0;9,0;7,0;9,0;8,0;8,0;2019-05-21 11:13:00.000
TFBTDG;2018-01-31;;;;;;;;;;;;
TFDUPZ;2024-06-28;670,391656;2,0;18191,3393766271;;;;;;;;;
TFDJIP;2023-03-31;209,529574;;;;;;;;;;;
TFDQ15;2023-10-09;;;;;;;;;;;;
TDCDWP;2023-06-22;;;;;;;;;;;;
TDCD7J;2014-08-05;;;;;;;;;;;;
TFDO46;2023-06-29;27,787012;1,0;58,8750224377162;;;;;;;;;
TFDHCS;2022-12-06;;;;;;;;;;;;
TFDRT1;2024-02-07;938,378789;;;;;;;;;;;
TFDULF;2024-06-26;106,822931;1,0;877,315605683279;;;;;;;;;
TFDAZW;2024-01-23;70,933495;;;;;;;;;;;
T04736;1999-04-27;;;;;;;;;;;;
TEXVNG;2012-05-15;603,042621;2,0;0,00840771473583952;10,0;8,0;8,0;9,0;7,0;9,0;8,0;8,0;2019-10-23 15:34:00.000
T50434;2006-12-18;;;;;;;;;;;;
TFCQGT;2009-10-30;590,53607;3,0;109935,036193753;;;;;;;;;
TDCCYG;2012-03-19;;;;;;;;;;;;
TA2738;2007-07-21;;;;;;;;;;;;
TCAYBT;2025-02-13;;1,0;213,782962588191;;;;;;;;;
TDCG7W;2018-10-22;;;;;;;;;;;;
TDC0F2;2018-05-01;100,18843;;;7,0;7,0;8,0;7,0;7,0;10,0;8,0;8,0;2022-07-20 19:20:12.123
TFDQ03;2021-11-30;117,704552;1,0;5470,61411630976;;;;;;;;;
TFDCGT;2022-04-30;1348,626444;1,0;2813,76785206973;;;;;;;;;
TEYJBY;2012-06-29;98,941675;;;;;;;;;;;
TFCRSW;2020-09-28;;;;10,0;8,0;8,0;9,0;7,0;9,0;8,0;8,0;2021-09-23 14:51:00.000
TFCJ72;2019-08-08;106,045939;;;8,5;8,0;9,0;9,5;8,5;9,0;7,5;9,0;2023-06-12 13:59:24.000
T03585;2009-12-02;199,977403;2,0;7147,56645123189;8,0;7,6;7,4;8,8;7,2;9,0;8,0;8,0;2024-08-12 13:55:39.000
TEZMD5;2015-09-15;184,409087;;;8,0;8,0;8,0;9,0;7,0;9,0;8,0;8,0;2021-04-29 16:58:00.000
TD0290;2012-02-13;470,594396;;;8,714285714285714;7,428571428571429;7,714285714285714;8,428571428571429;5,571428571428571;8,714285714285714;8,0;6,285714285714286;2025-01-24 15:52:42.000
T75419;2010-12-01;3555,265308;2,0;28842,0348226923;7,8;6,6;7,0;9,0;5,8;9,0;8,0;7,4;2024-12-03 10:52:24.000
T80344;2008-05-05;;;;;;;;;;;;
T12062;2004-08-26;965,956014;2,0;0,0210192868395988;8,333333333333334;7,666666666666667;7,666666666666667;9,0;6,333333333333333;8,666666666666666;8,0;8,333333333333334;2023-08-09 15:00:30.000
TFDUAR;2024-05-29;217,233394;2,0;19975,9777218858;;;;;;;;;
TFBRQB;2018-01-05;358,799317;;;8,0;7,0;8,0;9,5;7,0;9,5;8,5;9,0;2022-06-21 14:00:46.000
TFBJZH;2017-05-23;;;;8,666666666666666;8,0;8,0;9,333333333333334;6,666666666666667;8,666666666666666;8,0;8,0;2024-01-19 10:45:28.000
T16649;2007-09-18;1672,419875;3,0;1698,56436565061;9,0;8,0;8,0;9,0;7,0;9,0;8,0;8,0;2022-02-03 15:19:00.000
TB2423;2012-05-25;51,896726;;;6,75;7,25;8,5;8,0;7,0;8,5;8,5;7,5;2024-11-21 14:18:43.000
TA3082;2005-02-04;115,096852;;;8,0;7,0;7,0;9,0;7,0;9,0;8,0;8,0;2024-04-22 15:47:27.000
T15697;2006-10-31;593,161449;;;9,0;8,0;8,0;9,0;7,0;9,0;8,0;8,0;2021-10-29 14:27:00.000
TDCGP2;2021-07-23;;;;;;;;;;;;
TFDQXF;2023-11-30;;;;;;;;;;;;
T09128;2002-05-22;;;;9,5;6,0;8,0;8,0;7,0;9,5;9,0;8,0;2025-01-15 11:15:30.000
TDCFTB;2021-11-10;;;;;;;;;;;;
TFDIEZ;2023-01-31;55,268112;;;;;;;;;;;
TFCDJ7;2018-12-12;157,398449;;;5,0;3,0;3,0;8,0;7,0;9,0;8,0;5,0;2024-09-19 14:45:13.000
TFDEKU;2022-08-10;132,61738;2,0;103,881519418665;9,0;10,0;10,0;9,0;9,0;6,0;10,0;9,0;2024-02-21 11:08:02.000
TDC9SQ;2018-12-20;;;;;;;;;;;;
TFCIS4;2019-07-29;103,545421;;;10,0;7,0;9,0;9,666666666666666;8,666666666666666;10,0;10,0;9,666666666666666;2024-02-20 14:40:28.000
TEZOA5;2016-03-18;;;;;;;;;;;;
TFEDA9;2024-12-12;;1,0;1077,50329354362;;;;;;;;;
TFCUOR;2021-02-24;32,917493;;;8,0;7,25;8,25;9,75;8,5;8,5;9,25;8,5;2025-02-26 10:43:38.000
TFDNN4;2023-05-31;359,918052;1,0;1962,06634932919;;;;;;;;;
T15978;2007-02-14;1113,624132;;;9,0;8,0;8,0;8,5;6,5;8,5;7,5;7,5;2024-01-31 17:39:40.000
TFDOPT;2023-07-31;11,128895;;;;;;;;;;;
TEVOMJ;2008-10-24;;;;;;;;;;;;
T03510;2007-09-28;455,093402;1,0;97,2646479215595;7,333333333333333;7,0;7,333333333333333;8,666666666666666;6,666666666666667;8,333333333333334;8,0;8,333333333333334;2024-05-09 15:06:02.000
TDCGBC;2023-09-08;;;;;;;;;;;;
T16528;2010-10-20;358,334942;1,0;7587,09655447737;;;;;;;;;
TDC40A;2020-01-24;;;;;;;;;;;;
TDCA82;2021-05-10;;;;;;;;;;;;
TDCH9B;2021-02-12;;;;;;;;;;;;
TDCGSH;2021-04-30;;;;;;;;;;;;
T16333;2007-08-13;489,940074;2,0;63018,7688491321;8,6;8,2;8,0;8,6;6,6;8,6;8,2;8,8;2024-12-11 10:50:48.000
TB1041;2007-07-03;413,912886;;;8,5;7,75;7,75;8,75;7,25;9,0;8,0;8,0;2024-11-21 14:43:50.000
T06925;2010-12-24;215,139116;1,0;649,748194785678;7,8;7,6;7,8;9,2;6,2;8,4;8,0;6,8;2023-01-26 16:53:57.140
TB6189;2017-01-24;408,060837;;;9,25;7,5;8,0;9,0;6,25;8,5;8,25;6,5;2024-05-13 11:42:44.000
TFEDI2;2024-12-30;254,19128;1,0;33206,7864236544;;;;;;;;;
T31823;2002-04-29;1013,104147;4,0;6871,19225629274;;;;;;;;;
TCAZ52;2012-12-04;;;;;;;;;;;;
TFCZ11;2021-09-22;43,565543;;;3,5;6,5;6,5;5,5;4,0;8,0;3,5;5,5;2022-11-22 12:49:44.850
TFDOAP;2023-06-30;586,289253;2,0;5686,28040699878;;;;;;;;;
TEZGTG;2014-04-25;105,035118;;;9,333333333333334;8,0;8,0;9,0;7,0;9,0;8,0;8,0;2021-11-29 09:41:00.000
TFBWQT;2017-03-30;192,96759;1,0;3472,95370664639;9,0;5,5;6,0;9,5;6,5;8,0;6,5;9,5;2024-10-02 17:55:18.000
TFDF57;2022-08-31;920,833148;1,0;1171,85046445184;0,0;6,0;10,0;0,0;5,0;9,0;10,0;2,0;2024-11-22 15:08:19.000
TDC9YL;2021-09-10;;1,0;299,411333315349;;;;;;;;;
TDCGFO;2020-07-10;;;;;;;;;;;;
T50413;2009-10-23;452,702067;1,0;1448,40122140044;;;;;;;;;
T98821;2010-03-14;1537,819884;3,0;144,259569437534;8,0;8,333333333333334;8,333333333333334;7,666666666666667;6,333333333333333;9,333333333333334;8,666666666666666;8,0;2022-04-19 00:00:00.000
TEYVXM;2012-08-29;142,117433;;;8,0;8,5;8,5;9,0;8,0;9,0;8,5;8,5;2022-10-03 18:30:35.773
TFCVYU;2021-05-21;276,316201;1,0;12033,1213299335;8,5;8,0;8,25;8,5;7,0;8,5;7,25;7,75;2025-01-09 17:54:02.000
TDCCD5;2023-08-28;;;;;;;;;;;;
TB3237;2012-10-25;228,968017;;;9,5;7,5;7,25;8,5;7,0;9,0;8,25;8,25;2024-12-13 17:09:05.000
TFEDWL;2025-01-28;656,717139;1,0;8659,77802361999;;;;;;;;;
TAAK07;2012-06-29;207,867234;;;;;;;;;;;
TDCC83;2022-09-15;;;;;;;;;;;;
T07726;2015-09-02;269,911209;;;9,0;9,0;9,0;9,0;7,0;9,25;8,5;8,5;2023-01-31 17:15:53.037
TEYVXL;2012-08-31;;2,0;0,00840771473583952;10,0;8,0;8,0;9,0;7,0;9,0;8,0;8,0;2021-08-12 11:55:00.000
TDCDM8;2020-09-29;;;;;;;;;;;;
TFEC60;2024-10-30;28,386546;1,0;76,4933886666679;;;;;;;;;
TDCHEW;2024-09-23;;1,0;2052,29374001685;;;;;;;;;
TFECKV;2024-11-13;152,297344;1,0;2352,33565193739;;;;;;;;;
TDCA9M;2023-02-02;;;;;;;;;;;;
TFDTO2;2024-04-25;60,415736;1,0;63,1209183793152;;;;;;;;;
TFDTRO;2024-04-30;61,807785;4,0;1942,79586715465;;;;;;;;;
TB1005;2007-12-05;428,356991;;;9,166666666666666;8,5;8,5;9,166666666666666;7,166666666666667;9,0;7,333333333333333;7,833333333333333;2025-02-28 09:48:17.000
TDC213;2020-01-24;1022,699071;1,0;7224,66099150217;8,0;8,0;8,0;9,0;8,0;7,0;8,0;9,0;2022-05-24 00:00:00.000
T03558;1998-04-15;3171,201064;;;7,833333333333333;7,333333333333333;7,666666666666667;8,666666666666666;7,333333333333333;8,666666666666666;8,0;8,0;2024-10-31 16:15:49.000
TFDNK5;2023-05-30;3431,736609;2,0;11377,6264621259;6,0;7,0;7,0;9,0;6,0;5,0;3,0;8,0;2024-04-29 14:20:28.000
TB4412;2015-01-10;;;;3,0;8,0;8,0;9,0;7,0;9,0;8,0;8,0;2021-07-30 17:13:00.000
TDCGRV;2021-03-16;;;;;;;;;;;;
TFECQP;2024-11-25;;1,0;410,788330421015;;;;;;;;;
T24024;2005-08-31;3278,910581;1,0;5436,84453007326;;;;;;;;;
T75582;2010-03-29;839,808033;2,0;39305,3559381546;9,5;7,0;7,0;8,0;8,0;8,5;8,0;6,0;2023-01-02 14:19:45.973
TFDEPJ;2022-08-19;250,993806;;;7,0;9,0;9,0;8,0;6,0;5,0;8,0;8,0;2024-03-04 10:07:59.000
TDCFOX;2021-12-14;;;;;;;;;;;;
TFCEKW;2019-01-31;27,772764;;;;;;;;;;;
TCAAT5;2014-05-28;50,968167;1,0;63,7472931271352;;;;;;;;;
TFBESL;2017-02-23;;;;9,0;7,666666666666667;7,333333333333333;9,333333333333334;7,666666666666667;8,666666666666666;8,666666666666666;8,333333333333334;2024-01-19 13:56:42.000
TCBKOQ;2014-06-23;;;;;;;;;;;;
TDCEH0;2021-09-21;;;;;;;;;;;;
TDCD61;2021-11-18;;;;;;;;;;;;
TFCBRF;2018-10-29;;;;8,5;8,5;7,5;9,0;7,0;8,0;7,5;9,0;2023-02-09 13:09:46.897
TEXCK8;2015-02-26;3161,558677;1,0;0,00420385736791976;9,5;8,0;8,0;9,0;7,0;9,0;8,0;8,0;2021-04-28 14:33:00.000
TFBZFW;2018-06-07;36,805184;1,0;218,600583131828;;;;;;;;;
TDC33P;2017-08-01;;;;;;;;;;;;
TDCGWE;2024-02-21;;;;;;;;;;;;
TFDUHN;2024-08-14;;1,0;166,914156793254;;;;;;;;;
TFBNI1;2013-08-21;;;;6,0;7,5;8,0;8,5;7,0;8,5;8,0;7,5;2024-06-14 14:53:42.000
TB3547;2013-05-22;305,646068;;;9,0;8,0;8,0;9,0;7,25;8,75;8,0;8,0;2022-04-18 00:00:00.000
TFDR55;2023-12-14;33,00513;;;;;;;;;;;
TDCDQX;2021-12-14;;;;;;;;;;;;
TDCC4A;2024-04-23;;1,0;140,719921533746;;;;;;;;;
T22175;2012-05-31;745,587277;6,0;12656,6248431713;9,5;8,5;9,0;8,75;8,25;9,25;8,5;9,0;2024-03-27 16:43:32.000
TFDCYP;2022-05-31;349,417267;;;7,0;6,0;6,0;9,0;5,0;9,0;8,0;8,0;2024-08-28 15:25:55.000
TDCCN8;2022-02-01;;;;;;;;;;;;
TB3191;2012-11-10;483,969402;;;8,0;8,0;8,0;9,0;7,0;9,0;8,0;8,0;2022-02-25 13:48:00.000
TEZJBD;2014-12-03;410,678217;;;8,571428571428571;8,285714285714286;8,285714285714286;9,0;7,0;9,142857142857142;8,428571428571429;8,285714285714286;2024-11-14 16:42:38.000
TFC830;2008-08-07;218,648927;;;;;;;;;;;
TFCYSD;2021-09-09;54,454181;;;9,0;8,0;8,0;9,0;8,0;8,0;5,0;10,0;2022-08-22 12:41:45.637
TFCU82;2021-01-26;82,054983;;;;;;;;;;;
TFCWWX;2024-08-30;1149,178777;3,0;23881,4915362617;;;;;;;;;
TEZNF2;2016-10-25;1245,243784;1,0;10217,2483244311;;;;;;;;;
T03268;2013-09-13;1191,057421;;;8,571428571428571;8,142857142857142;8,142857142857142;8,285714285714286;7,142857142857143;8,571428571428571;8,0;8,571428571428571;2025-02-10 10:29:28.000
TFDTPY;2024-04-29;684,568694;1,0;48840,3560464886;;;;;;;;;
TFBXF5;2017-12-26;38,901294;1,0;156,080816356125;;;;;;;;;
T09104;2000-01-31;559,838166;;;8,0;7,5;8,25;8,0;5,5;6,75;7,5;7,5;2024-11-13 15:01:24.000
TFDOM0;2023-07-25;32,233108;;;;;;;;;;;
TB4628;2015-05-05;132,497843;;;5,0;8,0;8,0;9,0;7,0;9,0;8,0;8,0;2020-09-15 00:00:00.000
TEZQDX;2016-08-18;736,497378;;;8,0;8,666666666666666;8,333333333333334;9,0;7,0;9,0;8,333333333333334;8,0;2025-01-30 16:12:56.000
TEZD45;2013-06-04;931,726131;;;8,333333333333334;8,166666666666666;8,166666666666666;8,666666666666666;7,0;8,5;8,166666666666666;7,666666666666667;2025-02-19 11:10:33.000
TFCQEH;2020-06-30;602,597085;3,0;7765,68482318134;6,5;5,0;5,25;7,5;5,25;9,0;7,25;5,75;2024-07-17 11:09:54.000
TDC32J;2012-02-29;;1,0;1860,08497344082;;;;;;;;;
T17397;2021-01-22;;;;;;;;;;;;
TFDDU3;2022-11-30;2285,885856;;;;;;;;;;;
TB0548;2017-10-30;304,328452;;;10,0;6,0;8,0;8,75;7,5;9,0;10,0;8,0;2025-02-27 11:52:12.000
T55377;2005-05-19;;;;;;;;;;;;
TFBYZ2;2021-10-18;41,247709;;;8,0;9,0;9,0;10,0;6,0;9,0;8,0;10,0;2023-10-02 09:09:31.000
TDCDJ8;2021-04-13;;;;;;;;;;;;
TEZARL;2012-10-26;127,795502;;;8,8;8,4;8,0;9,0;7,6;9,0;8,8;8,4;2023-02-23 13:38:52.013
T15893;2006-11-28;1279,973258;;;;;;;;;;;
TFDNGM;2023-05-26;30,277631;;;;;;;;;;;
TFDQZZ;2023-12-07;401,152995;;;7,0;8,0;8,0;3,0;5,0;9,0;6,0;3,0;2025-01-17 11:00:36.000
TDC823;2022-05-11;199,212392;1,0;1247,22562705864;;;;;;;;;
TCAENG;2014-09-02;120,476407;;;10,0;8,0;8,0;8,0;5,0;10,0;8,0;8,0;2022-11-30 13:59:16.260
TDCGTB;2024-03-25;;1,0;120,209301435666;;;;;;;;;
TDCEA0;2022-09-21;;;;;;;;;;;;
TFCLIZ;2019-10-30;166,688419;1,0;856,430842279453;10,0;8,0;8,0;10,0;9,333333333333334;10,0;8,0;8,666666666666666;2024-07-05 15:40:06.000
TB4138;2014-04-25;372,628381;;;8,0;7,5;7,5;8,5;7,0;8,0;8,0;7,5;2024-07-18 10:14:41.000
TFEEMS;2025-02-27;;1,0;860,920561948391;;;;;;;;;
TCAAC5;2012-04-05;;;;;;;;;;;;
TFDDS7;2022-07-04;206,880487;;;7,0;5,5;6,5;6,5;7,5;8,0;7,0;8,0;2024-10-28 11:18:08.000
TA2769;2012-10-11;;;;;;;;;;;;
TFBLW4;2017-10-30;;;;8,333333333333334;8,0;8,0;9,0;7,0;9,0;8,0;8,0;2023-08-15 13:38:48.000
T29189;1995-11-21;;;;;;;;;;;;
TB2382;2012-07-28;168,552623;;;9,25;8,5;9,5;9,25;7,5;9,25;8,5;8,25;2025-02-06 11:41:21.000
TEZJOD;2015-01-15;75,960549;;;8,0;8,0;8,0;9,0;7,0;9,0;8,0;8,0;2023-02-14 20:58:01.517
T11855;2006-10-31;2215,789713;4,0;2092,24299658419;;;;;;;;;
TFDFJD;2022-09-23;;1,0;226,398738549319;;;;;;;;;
TEZLHG;2015-06-30;423,553453;;;9,6;7,2;9,2;9,2;6,0;9,4;8,8;8,8;2024-04-04 10:17:09.000
TDCH2Q;2017-08-02;;;;;;;;;;;;
T16259;2001-11-26;;;;;;;;;;;;
T11561;2004-03-18;294,82781;;;10,0;8,5;8,5;10,0;8,0;9,5;9,5;10,0;2024-04-22 14:18:43.000
T16523;2007-06-29;548,148168;2,0;0,00840771473583952;7,5;6,5;8,0;7,5;6,0;7,5;10,0;9,0;2025-01-22 10:11:25.000
T76472;2007-02-23;498,95447;;;;;;;;;;;
T61456;2007-11-27;315,65756;;;5,0;8,0;8,0;9,0;7,0;9,0;8,0;8,0;2019-01-30 08:42:00.000
TDCA4S;2021-07-22;1523,84869;1,0;25582,8472632046;;;;;;;;;
T55328;2006-11-23;2402,854927;6,0;99843,3949236183;10,0;9,0;8,0;9,0;7,0;9,0;10,0;10,0;2025-02-26 09:49:32.000
TFEBO6;2024-09-30;1370,286965;2,0;18672,4498330987;;;;;;;;;
TFCAO3;2018-09-10;238,571277;;;10,0;10,0;10,0;10,0;10,0;10,0;10,0;10,0;2022-10-17 12:26:10.630
TFCS95;2020-10-15;36,024399;1,0;119,297064386827;;;;;;;;;
TDCGHX;2022-05-12;;;;;;;;;;;;
TFDHTS;2024-10-28;1132,581593;1,0;0,00420385736791976;;;;;;;;;
TB2313;2016-06-20;538,501517;;;9,0;8,0;8,0;9,0;7,5;9,0;8,0;8,0;2024-03-07 14:24:53.000
T80566;2011-05-25;819,626505;4,0;14633,4383241471;8,75;8,0;8,5;9,5;7,0;8,5;8,25;8,5;2024-10-04 16:30:05.000
T61906;2003-07-14;364,10126;;;5,5;6,0;6,5;8,0;5,0;4,5;6,5;6,5;2024-02-23 15:55:11.000
TFDOK5;2023-07-20;;;;;;;;;;;;
TDC538;2021-01-01;;1,0;2278,23846197043;;;;;;;;;
TDCCXO;2020-05-06;;;;;;;;;;;;
T16261;2007-04-11;312,356884;;;9,0;8,0;10,0;10,0;10,0;10,0;8,0;10,0;2022-05-09 00:00:00.000
T48345;2013-07-25;114,869351;;;;;;;;;;;
T04396;2007-09-11;646,531629;1,0;1243,27820499017;9,166666666666666;8,166666666666666;8,0;9,0;6,666666666666667;8,5;7,833333333333333;8,166666666666666;2024-09-27 14:27:27.000
TDCEBK;2018-03-27;;;;;;;;;;;;
TFDIPM;2023-02-24;;;;;;;;;;;;
TDCDM1;2023-09-29;;;;;;;;;;;;
T05248;1999-09-02;282,467806;;;8,666666666666666;8,0;8,0;8,666666666666666;6,333333333333333;9,0;8,0;8,0;2024-01-22 11:08:39.000
TFDIRX;2023-02-28;55,024693;;;;;;;;;;;
T22754;2010-07-27;377,390403;;;;;;;;;;;
TFBWKB;2018-04-13;;;;;;;;;;;;
TFDU86;2024-05-28;603,107027;1,0;5575,21029148097;;;;;;;;;
T02963;2007-01-09;1374,245237;9,0;93696,1699639418;9,4;8,2;8,2;9,2;7,2;9,2;8,0;8,4;2022-08-02 17:18:15.043
TDCCXT;2021-11-25;;;;;;;;;;;;
TFDNP0;2023-05-31;;;;;;;;;;;;
T07888;2006-12-26;;1,0;0,00420385736791976;9,25;8,75;9,25;9,25;8,0;9,5;8,5;9,0;2024-10-24 10:05:35.000
TFBLLW;2017-09-28;397,470833;;;6,0;6,5;7,333333333333333;9,166666666666666;6,0;8,0;6,5;7,0;2023-07-10 15:50:20.000
TDCE1K;2019-08-20;;;;;;;;;;;;
TFECTD;2024-11-28;231,122005;1,0;717,165455395007;;;;;;;;;
TFCJWT;2019-09-05;155,363638;;;9,0;8,0;9,0;9,0;9,0;9,0;9,0;8,0;2022-08-30 16:54:11.933
T52565;2010-10-25;4011,23362;1,0;5712,34432267988;9,25;8,25;8,25;8,75;7,25;8,25;8,0;8,0;2023-02-07 11:51:53.787
TDCCVN;2021-12-30;;;;;;;;;;;;
TCAN36;2012-08-31;95,663105;1,0;141,300053850519;;;;;;;;;
TEZAUH;2012-11-01;1178,277015;;;7,2;7,6;8,0;9,0;6,8;8,8;7,2;7,8;2023-03-09 18:23:56.740
TFED38;2024-12-09;;1,0;829,219273536908;;;;;;;;;
TFDFNC;2022-09-28;274,084062;;;;;;;;;;;
TB5225;2016-02-05;313,410384;4,0;17503,252002646;9,0;7,875;8,25;9,375;7,625;9,375;8,25;8,375;2025-01-16 14:27:04.000
TFEEF1;2025-03-10;;2,0;269,143560266327;;;;;;;;;
TDCDTS;2024-06-28;;1,0;120,209301435666;;;;;;;;;
TFDUHQ;2024-06-18;42,343703;1,0;132,577049812085;;;;;;;;;
TFCQSS;2020-07-31;468,625969;;;;;;;;;;;
TDCDMY;2023-02-06;;;;;;;;;;;;
T46740;2013-04-08;669,08731;1,0;58,9002455819238;8,6;7,4;7,4;6,8;4,4;8,8;7,0;6,8;2024-03-05 13:38:53.000
TA2722;2007-07-30;509,625521;1,0;5049,35818104262;8,0;7,333333333333333;9,0;9,0;8,0;5,0;8,0;7,0;2024-04-29 10:43:06.000
TB4388;2014-08-20;477,929401;3,0;6053,73117181391;6,6;7,8;7,8;9,0;7,0;9,2;8,0;8,2;2023-08-24 10:55:03.000
TEZIHY;2014-09-26;467,314576;2,0;838,240751448464;8,333333333333334;8,333333333333334;9,0;8,333333333333334;7,333333333333333;9,333333333333334;8,666666666666666;7,666666666666667;2024-03-20 10:05:22.000
T30730;1996-12-18;341,509131;1,0;707,071993854632;;;;;;;;;
TDC0BF;2017-05-01;78,869699;;;10,0;6,0;6,0;10,0;7,0;9,0;3,0;10,0;2023-09-27 14:53:58.000
TFDNNL;2023-05-31;;1,0;282,806096712066;;;;;;;;;
TEZENW;2013-10-10;79,60433;;;8,0;8,0;8,0;9,0;5,0;9,0;8,0;8,0;2024-12-13 14:18:12.000
TEXKL8;2010-06-11;1204,559114;;;8,25;8,0;8,5;9,25;7,75;9,0;8,0;8,0;2023-05-09 18:51:14.827
TFCDA6;2018-11-30;364,549095;1,0;31527,8961104857;7,0;8,0;8,0;9,0;7,0;9,0;8,0;8,0;2019-10-16 11:41:00.000
TFBZKC;2018-06-13;220,007518;2,0;2553,63315814286;;;;;;;;;
TDCFAX;2023-07-05;;;;;;;;;;;;
T05051;1999-07-13;282,241065;1,0;5808,16704752424;5,0;6,5;6,0;5,0;7,5;5,5;8,0;8,5;2025-02-13 11:12:35.000
TFBRO8;2017-12-29;1204,534344;2,0;5697,17680529643;9,0;8,0;8,5;9,75;8,25;9,75;8,5;7,75;2024-07-25 16:03:32.000
TFEBLG;2024-09-26;620,734141;2,0;12218,5534784325;;;;;;;;;
TFBLID;2017-09-18;559,365183;1,0;2064,43027623804;7,0;8,0;8,0;9,0;7,0;9,0;8,0;8,0;2020-08-06 15:13:00.000
TEZNZC;2010-03-30;;;;10,0;10,0;10,0;10,0;8,0;10,0;8,0;10,0;2022-05-25 00:00:00.000
TDCFEE;2024-05-31;;1,0;120,209301435666;;;;;;;;;
TFCVEU;2021-03-26;56,619652;;;6,0;10,0;10,0;5,0;6,0;8,0;8,0;9,0;2023-09-26 10:51:14.000
TFEBO2;2024-09-30;486,277522;1,0;14029,4743399555;;;;;;;;;
TFDOW4;2023-08-09;66,476631;;;;;;;;;;;
TFDDE8;2022-06-21;1065,693081;1,0;1657,54312545445;5,0;0,0;0,0;9,0;5,0;9,0;8,0;5,0;2024-07-05 11:48:58.000
T60311;2007-05-23;1643,446064;6,0;60650,6813436371;;;;;;;;;
TB2021;2015-09-15;127,443978;1,0;827,941300897061;8,666666666666666;6,666666666666667;8,0;9,0;7,333333333333333;9,666666666666666;7,666666666666667;6,666666666666667;2025-01-30 10:49:18.000
TB1101;2012-11-05;474,244772;;;6,833333333333333;7,333333333333333;7,5;9,0;6,333333333333333;8,166666666666666;8,166666666666666;8,166666666666666;2024-06-12 11:53:52.000
TAAHZV;2010-11-30;2720,158758;2,0;1,28217649721553;8,875;6,875;8,0;9,0;7,0;9,0;8,25;8,5;2024-10-18 13:57:03.000
TC0226;2008-12-03;;;;;;;;;;;;
TFDRKF;2024-01-19;234,970673;;;;;;;;;;;
T55699;2013-05-14;842,58804;2,0;0,00840771473583952;8,0;7,333333333333333;7,333333333333333;7,666666666666667;7,0;8,333333333333334;7,333333333333333;8,666666666666666;2024-07-05 11:48:20.000
TFDDF0;2025-01-06;1244,808409;1,0;48852,3664669888;;;;;;;;;
TFDIEL;2023-01-31;1183,422482;1,0;9216,91103673303;;;;;;;;;
TDCFY8;2020-06-03;;;;;;;;;;;;
TFDBE3;2022-03-09;277,430723;;;;;;;;;;;
T61658;2010-03-18;1037,437154;6,0;14264,5666555416;8,833333333333334;8,5;8,5;9,0;7,5;9,0;8,5;8,5;2024-11-11 11:15:10.000
TEZCTE;2013-05-14;85,212188;2,0;9202,95423027153;;;;;;;;;
T57177;2003-10-06;288,364152;4,0;45204,9400680016;9,25;8,5;8,75;9,25;7,75;9,5;8,5;8,25;2023-10-31 10:42:13.000
TB1739;2015-12-01;206,638733;1,0;5646,30592728723;9,0;6,166666666666667;8,333333333333334;9,0;5,333333333333333;7,166666666666667;8,166666666666666;8,666666666666666;2025-01-30 11:16:31.000
TFBKAL;2017-05-31;222,147587;;;7,8;7,6;8,6;9,2;6,8;9,2;5,2;7,4;2025-02-07 15:52:15.000
TFCF92;2019-02-25;793,647353;2,0;7642,0788049924;9,6;7,8;8,0;9,2;7,2;8,8;8,0;8,0;2023-08-22 15:01:43.000
TFBRGH;2017-12-18;344,689356;;;;;;;;;;;
TFEDT2;2025-01-17;;1,0;965,121574527019;;;;;;;;;
TCASVR;2017-06-30;236,92649;;;10,0;9,0;10,0;9,0;7,0;10,0;10,0;10,0;2022-08-10 12:43:46.053
TC6070;2013-11-19;134,895961;;;;;;;;;;;
TDCFUC;2021-01-26;;;;;;;;;;;;
TEXCT4;2011-11-24;366,747739;;;9,5;8,75;8,5;9,5;6,75;9,0;8,75;8,75;2024-12-03 15:48:49.000
TFCFAB;2020-05-22;373,885738;;;8,0;5,0;7,0;9,0;6,0;8,0;8,0;7,0;2023-09-28 15:40:19.000
TFCJH3;2019-08-22;164,664823;1,0;1548,96169349845;9,333333333333334;8,666666666666666;8,666666666666666;9,0;7,333333333333333;9,0;8,333333333333334;8,666666666666666;2023-02-27 11:07:46.257
TFED68;2024-12-11;;1,0;202,579682702685;;;;;;;;;
TFDFDG;2022-09-09;93,021823;;;;;;;;;;;
TA2837;2002-09-12;41,381478;;;;;;;;;;;
TFDRPW;2024-01-31;;;;;;;;;;;;
TFCLZ6;2020-05-08;748,337658;2,0;3069,85002749393;10,0;7,75;8,25;9,0;7,5;9,5;9,0;9,0;2023-04-10 18:10:19.763
TFECAW;2024-10-31;;2,0;2824,32794177795;;;;;;;;;
TFCX71;2021-06-13;;;;;;;;;;;;
T01690;2001-06-20;1137,111606;2,0;562,05993394824;6,0;4,0;8,0;9,0;7,0;7,0;10,0;10,0;2025-02-17 11:01:30.000
TFCSBW;2020-10-20;120,662994;;;;;;;;;;;
TCAIH6;2015-09-29;38,430087;;;;;;;;;;;
TFDQZ3;2023-12-06;35,152008;;;;;;;;;;;
TEZIC7;2014-10-07;33,172546;;;;;;;;;;;
TFDHUG;2023-01-03;94,814122;;;;;;;;;;;
TFDFI6;2022-09-20;;;;;;;;;;;;
TFBRLC;2017-12-22;661,755311;1,0;0,00420385736791976;4,0;7,0;8,0;8,0;3,0;8,0;0,0;6,0;2022-11-22 19:12:20.770
TFCOGK;2013-02-10;49,32554;;;6,8;6,6;7,8;8,6;5,0;8,8;8,0;7,6;2025-01-13 17:49:01.000
TFEDAB;2024-12-16;43,466683;2,0;182,203586040378;;;;;;;;;
TEZOVP;2016-06-28;312,869281;2,0;450,960391428856;1,0;3,0;7,0;2,0;7,0;9,0;0,0;0,0;2024-07-11 16:56:08.000
TAAMB5;2011-01-24;57,153213;;;9,0;6,666666666666667;7,333333333333333;8,0;7,333333333333333;8,666666666666666;9,0;7,333333333333333;2024-06-24 09:58:29.000
TFCFBZ;2019-02-27;1801,012692;;;7,333333333333333;8,0;8,0;7,666666666666667;6,0;9,0;8,333333333333334;8,0;2024-12-10 10:47:08.000
TFDN31;2023-05-11;36,149144;;;;;;;;;;;
TD0675;2016-12-30;83,638504;;;8,0;8,0;8,0;9,0;7,0;9,0;8,0;8,0;2020-10-02 00:00:00.000
TFEEO9;2025-02-28;;1,0;1550,91228331717;;;;;;;;;
TFDB22;2022-03-07;4,269142;;;;;;;;;;;
T36158;2012-12-21;1052,459413;;;;;;;;;;;
TFCYX2;2021-06-25;988,980814;3,0;8780,18070249458;10,0;9,0;9,0;10,0;8,0;10,0;10,0;10,0;2025-01-30 10:37:00.000
TFBLO7;2017-09-29;838,120689;1,0;0,00420385736791976;5,5;8,0;8,0;9,0;7,0;9,0;8,0;8,0;2021-04-30 11:00:00.000
TEZLSK;2015-07-31;;1,0;0,420385736791976;7,0;8,5;8,5;1,5;6,5;1,5;8,0;6,5;2024-12-06 12:03:30.000
TDCDPL;2014-04-08;;;;;;;;;;;;
TA3095;2012-05-23;303,864653;;;8,0;8,5;8,0;9,5;7,0;9,5;9,0;8,0;2024-03-21 17:15:05.000
TEZCAF;2013-03-18;561,5124;2,0;253,648142008175;6,666666666666667;8,0;8,0;9,0;7,666666666666667;8,333333333333334;8,333333333333334;8,333333333333334;2024-04-23 14:31:16.000
TFEDKJ;2025-01-06;128,716857;1,0;1029,73486227195;;;;;;;;;
TFCLCL;2019-10-24;127,144453;1,0;72,8570520434174;7,0;6,0;9,0;9,0;7,0;9,0;8,0;8,0;2024-10-03 14:10:24.000
TFECJA;2024-11-08;;1,0;1301,96405384633;;;;;;;;;
TFDSPM;2010-05-03;208,867964;2,0;1748,77103419568;;;;;;;;;
TFAIE7;2016-12-22;331,520783;1,0;82,778155431708;7,0;6,0;6,0;7,0;5,0;8,0;4,0;5,0;2024-06-27 10:28:08.000
T45630;2004-02-05;232,716295;1,0;383,669246540565;8,75;8,25;8,5;9,25;7,0;9,25;8,25;7,75;2023-05-22 17:13:18.880
TFDRFV;2023-12-29;1595,155089;4,0;7494,85971996785;7,0;7,0;6,0;7,0;8,0;7,0;7,0;2,0;2024-11-07 16:51:58.000
TDCE03;2023-04-04;;;;;;;;;;;;
TEZGVB;2014-04-30;427,31093;1,0;0,00420385736791976;9,6;8,8;8,8;9,2;7,6;9,2;8,0;8,2;2023-10-16 10:12:10.000
TFDQA5;2023-10-19;293,945068;5,0;12997,9780614464;10,0;8,0;8,0;10,0;7,0;9,0;7,0;10,0;2024-11-08 15:51:37.000
TEZBXP;2013-02-27;609,52178;3,0;6735,81123361626;;;;;;;;;
TFCWMN;2021-05-31;71,059903;1,0;42539,7029044552;9,0;6,0;8,5;9,0;3,0;6,5;8,0;8,5;2023-11-06 15:14:44.000
TB2461;2011-04-10;150,533664;;;8,8;7,2;8,8;9,6;6,8;8,4;7,4;8,2;2024-12-18 13:56:23.000
TB6431;2017-04-10;134,260998;1,0;115,799455056718;9,666666666666666;7,333333333333333;8,333333333333334;9,333333333333334;6,5;9,166666666666666;8,333333333333334;8,5;2023-07-19 15:04:44.000
TB2217;2010-11-10;107,52318;;;8,25;8,5;8,5;9,25;6,25;9,0;8,25;8,25;2022-12-27 19:07:40.337
TFDTMJ;2024-04-22;291,59393;1,0;9376,07328053984;;;;;;;;;
T56656;1995-04-25;;;;;;;;;;;;
TFBXA3;2018-04-30;668,079312;1,0;1603,86827458085;9,8;8,4;8,4;8,6;7,8;8,8;8,4;8,8;2025-03-07 15:06:25.000
TFCRC9;2020-08-19;142,521258;1,0;72,8570520434174;6,0;3,5;3,5;9,0;7,5;3,5;6,5;1,5;2023-02-03 14:38:00.557
TFDN71;2023-05-24;268,244868;1,0;678,847295486419;7,0;2,0;8,0;9,0;8,0;3,0;8,0;9,0;2025-01-09 17:37:44.000
TEZDMC;2013-07-11;183,910248;;;;;;;;;;;
TB4293;2014-06-28;204,009594;;;9,0;8,333333333333334;8,666666666666666;9,333333333333334;7,333333333333333;9,0;8,0;8,0;2022-08-09 12:26:16.313
T84931;2010-08-31;529,418239;2,0;19765,7806496325;8,333333333333334;6,666666666666667;7,0;9,0;7,0;8,333333333333334;7,666666666666667;8,0;2024-10-14 10:03:44.000
TFCQO5;2020-07-27;543,092102;;;9,75;9,25;9,5;9,0;7,0;9,25;9,0;8,75;2024-04-19 16:03:09.000
TDCGB9;2019-08-08;;;;;;;;;;;;
TDCDS9;2022-05-20;;;;;;;;;;;;
TFDAKI;2022-01-26;;;;;;;;;;;;
TEZUOW;2016-09-20;619,070545;;;9,4;9,2;9,2;8,8;8,2;9,0;7,8;8,6;2024-11-29 11:01:03.000
TCBRJB;2015-03-16;;;;;;;;;;;;
T76806;2008-04-25;3157,438939;10,0;177754,072063307;8,0;8,0;8,0;9,0;7,0;9,0;8,0;8,0;2019-12-03 14:08:00.000
TFDU58;2024-05-27;942,487623;2,0;5626,42588579434;;;;;;;;;
TDC346;2020-03-13;416,57353;;;;;;;;;;;
T94503;2010-02-01;222,870392;1,0;3137,90207056582;6,0;7,5;7,5;8,0;6,0;9,0;7,5;8,5;2024-11-12 16:33:01.000
T60517;2009-06-25;1753,167381;3,0;18614,3861551329;8,5;8,0;8,0;9,0;7,0;9,0;8,0;8,0;2023-11-17 14:33:07.000
TFBYR1;2018-05-11;256,309668;1,0;5042,93889084181;9,666666666666666;9,333333333333334;8,666666666666666;9,666666666666666;8,0;9,0;8,0;7,0;2025-01-09 11:30:09.000
T15998;2006-12-29;495,129832;;;;;;;;;;;
TB0846;2006-07-15;435,444277;1,0;3822,31527320736;8,833333333333334;8,333333333333334;8,333333333333334;7,833333333333333;6,0;8,333333333333334;8,5;8,0;2024-12-12 17:32:19.000
TDCE0X;2023-03-31;;;;;;;;;;;;
TDCFVI;2024-08-22;;1,0;109,422203429583;;;;;;;;;
T89799;2009-11-23;;;;;;;;;;;;
TEZFKZ;2021-09-28;;1,0;3265,81283869951;7,5;7,5;7,5;6,5;7,0;7,5;6,5;8,0;2024-08-12 10:50:26.000
TB4311;2014-11-10;167,747641;1,0;885,723320419118;9,0;8,0;8,0;9,0;7,0;9,0;8,0;8,0;2022-04-14 00:00:00.000
TFBSOJ;2018-01-09;533,315112;2,0;29584,5537418732;10,0;10,0;10,0;9,5;7,0;10,0;10,0;9,0;2024-12-10 11:38:09.000
TFBMCC;2016-04-29;;;;10,0;8,0;8,0;9,0;7,0;9,0;8,0;8,0;2019-08-19 16:25:00.000
TFBRIU;2017-12-20;;;;9,0;8,333333333333334;8,833333333333334;9,333333333333334;7,5;9,333333333333334;8,666666666666666;8,0;2024-07-22 10:41:02.000
TFDDL3;2022-06-28;;;;10,0;10,0;10,0;9,0;10,0;9,0;10,0;10,0;2024-03-19 14:44:33.000
TFECMA;2024-11-18;;1,0;251,239331736357;;;;;;;;;
TDCH58;2017-11-07;;;;;;;;;;;;
T15510;2010-09-21;716,239757;;;7,5;7,666666666666667;7,666666666666667;9,0;7,666666666666667;9,0;8,5;8,666666666666666;2024-03-04 17:23:56.000
TDCD5W;2021-09-23;;;;;;;;;;;;
TEWPB7;2012-06-13;1697,977158;;;9,0;8,0;8,0;9,0;6,0;9,0;8,0;8,0;2023-03-07 17:55:29.180
TFCOWP;2020-03-20;;;;;;;;;;;;
TFDPFG;2023-10-18;50,259066;2,0;633,807167646526;;;;;;;;;
TEZI70;2014-08-29;316,121559;;;8,5;8,166666666666666;8,0;8,666666666666666;6,666666666666667;8,5;8,166666666666666;7,666666666666667;2024-10-10 14:06:27.000
TC8325;2013-12-19;60,707904;1,0;63,7472931271352;7,0;8,0;8,0;9,0;5,0;6,0;6,0;6,0;2023-01-11 17:21:38.560
TEVMBC;2012-02-29;430,51463;;;;;;;;;;;
TFDBWF;2022-04-05;89,364036;1,0;39,5204631158137;7,0;5,0;6,0;7,0;6,0;5,0;6,0;8,0;2024-09-18 11:23:14.000
TFDVA9;2024-07-31;528,450094;1,0;552,008510981544;;;;;;;;;
TFCSZB;2020-11-30;55,197374;;;;;;;;;;;
TFEDCD;2024-12-18;;1,0;410,83877670943;;;;;;;;;
T19263;1988-12-02;494,833948;;;9,0;8,0;8,0;9,0;7,0;9,0;8,0;8,0;2021-11-04 10:25:00.000
TB4035;2015-11-20;388,97698;;;7,0;7,0;7,0;9,0;7,0;8,0;8,0;7,0;2022-10-27 12:34:23.307
TFDUTI;2024-07-05;555,065649;3,0;8884,86095481315;;;;;;;;;
TDCE5B;2015-02-24;;;;;;;;;;;;
TEZJP5;2015-01-30;256,700106;1,0;16731,7811177722;8,666666666666666;7,666666666666667;7,666666666666667;7,333333333333333;6,666666666666667;8,0;8,0;8,0;2024-06-27 14:32:19.000
TEZF81;2015-12-30;577,056673;6,0;2076,44910445292;6,5;6,5;6,5;8,5;6,5;7,5;7,5;7,5;2024-10-07 11:35:50.000
TC5793;2011-02-10;79,235354;;;;;;;;;;;
TFDOOY;2023-07-31;25,412988;;;;;;;;;;;
TFDU48;2024-05-24;;1,0;958,883050193026;;;;;;;;;
T30884;2002-02-22;1021,793989;;;8,666666666666666;8,0;8,5;9,0;7,166666666666667;9,0;8,333333333333334;8,166666666666666;2024-06-07 10:50:43.000
T07504;2010-02-19;188,751065;;;8,25;8,5;8,5;8,75;7,5;9,0;8,0;8,0;2025-03-20 15:47:19.000
TDCFIG;2022-01-25;;;;;;;;;;;;
T09580;2002-09-26;270,294794;;;8,5;8,0;8,0;8,75;7,0;8,75;8,0;8,75;2024-10-08 15:17:46.000
TEZASU;2012-10-24;;;;;;;;;;;;
TB6054;2016-11-15;182,17542;;;9,0;8,0;8,0;9,0;8,0;9,0;9,0;8,0;2022-08-18 16:49:30.780
TCAJ89;2016-09-20;;;;;;;;;;;;
TDCDZ5;2014-06-18;;1,0;105,096434197994;;;;;;;;;
T09502;2002-09-25;200,91378;;;9,0;8,0;8,0;9,0;7,0;9,0;8,0;8,0;2022-05-13 00:00:00.000
T56440;1999-12-14;812,111837;;;;;;;;;;;
TEXFJ2;2012-03-30;171,735607;;;7,666666666666667;7,0;7,333333333333333;8,333333333333334;6,0;7,666666666666667;8,666666666666666;8,666666666666666;2024-05-20 09:42:58.000
TDCDCW;2023-10-05;;;;;;;;;;;;
T12098;2004-08-23;393,656136;;;10,0;9,6;9,2;9,8;7,8;9,8;9,2;9,2;2025-02-25 11:10:47.000
TFDQQI;2023-11-27;8,460112;;;;;;;;;;;
TEZFQ2;2016-03-30;;;;;;;;;;;;
TB1687;2009-09-05;471,486665;1,0;2401,64689886309;9,333333333333334;8,333333333333334;9,333333333333334;9,666666666666666;7,0;9,0;8,666666666666666;8,0;2023-03-21 17:20:20.463
TB3666;2013-07-24;315,867129;;;8,25;7,75;8,25;9,75;7,5;9,0;8,0;8,25;2024-06-10 14:23:24.000
T09519;2007-10-31;74,165802;1,0;0,00420385736791976;7,5;7,75;7,75;9,0;7,0;8,5;8,0;7,75;2022-10-21 17:40:05.307
TFEDDC;2024-12-19;1744,972148;1,0;9161,15948031967;;;;;;;;;
TFEE25;2025-01-31;36,06279;1,0;72,1255808613993;;;;;;;;;
TEZDU6;2012-10-18;834,395786;;;10,0;8,0;8,0;9,0;7,0;9,0;8,0;8,0;2021-03-10 10:58:00.000
TEZF79;2014-11-19;597,902126;1,0;518,016120304544;;;;;;;;;
T34111;2013-03-20;347,788288;;;8,333333333333334;4,666666666666667;3,6666666666666665;6,666666666666667;6,666666666666667;6,666666666666667;8,333333333333334;7,666666666666667;2024-05-03 09:38:39.000
TFDTQS;2016-04-28;2051,089998;7,0;27227,6316815474;;;;;;;;;
T30009;2010-05-25;292,348394;;;;;;;;;;;
T55024;2008-05-19;894,833485;3,0;0,0126115721037593;6,6;8,4;7,4;8,8;6,6;9,2;7,8;7,8;2024-12-16 15:10:02.000
TFBESX;2017-02-24;131,141917;;;8,0;7,0;8,5;9,0;6,5;9,5;5,5;9,0;2023-03-09 11:59:50.467
TFDDJH;2022-06-28;1812,931086;3,0;46056,2884467233;8,0;9,0;8,0;9,0;8,0;9,0;7,0;8,0;2023-08-29 17:15:51.000
TFCZY8;2021-11-03;67,182167;;;;;;;;;;;
TAALXA;2008-04-30;362,024245;;;5,0;5,0;7,0;3,0;3,0;7,0;8,0;7,0;2024-06-07 11:11:18.000
TFDOSV;2023-07-31;116,00124;5,0;12950,1928147452;5,0;8,0;8,0;8,0;7,0;8,0;5,0;6,0;2024-05-08 16:46:38.000
TEWEF9;2021-08-24;707,66636;2,0;578,152299952637;7,5;4,75;5,5;8,0;5,75;7,75;7,0;6,0;2025-01-27 13:53:47.000
TFDAPU;2022-02-01;28,80513;;;;;;;;;;;
TAAQOT;2011-03-14;176,442135;1,0;8583,60412811328;10,0;10,0;10,0;10,0;10,0;10,0;10,0;10,0;2024-10-18 09:28:33.000
TFDQRD;2020-08-28;;;;;;;;;;;;
TDC50R;2023-08-01;;2,0;1554,77983209565;;;;;;;;;
TEVVP7;2010-10-01;203,19617;1,0;2360,1968652154;9,8;8,0;9,0;9,2;7,2;9,0;8,8;8,0;2024-04-17 16:55:24.000
TFDEXY;2022-08-30;30,242167;;;9,0;6,0;6,0;10,0;9,0;10,0;8,0;9,0;2024-03-04 10:49:00.000
TFCSID;2020-10-30;693,874327;1,0;469,72641071925;9,0;6,5;7,5;8,0;6,5;8,5;5,5;7,5;2024-04-29 10:46:10.000
TFEDX9;2025-01-28;;1,0;151,20013795197;;;;;;;;;
TEZI16;2010-03-09;466,460013;3,0;466,552498406471;9,714285714285714;8,285714285714286;8,142857142857142;9,0;6,857142857142857;9,142857142857142;8,285714285714286;8,428571428571429;2025-02-28 16:00:38.000
TFCGOX;2024-10-23;8958,519542;1,0;990,369941878745;;;;;;;;;
TFDSJ9;2024-03-25;84,946618;2,0;465,892492799707;;;;;;;;;
TFBYV8;2013-01-18;84,197118;;;9,5;9,0;10,0;9,5;8,5;9,5;8,0;7,5;2023-08-23 10:14:04.000
TAAJZA;2006-06-21;399,265557;;;8,666666666666666;7,666666666666667;7,666666666666667;9,333333333333334;7,333333333333333;8,666666666666666;7,666666666666667;7,0;2022-04-12 00:00:00.000
TDCFD2;2020-05-14;;;;;;;;;;;;
TDCE26;2024-07-24;;1,0;76,5312233829792;;;;;;;;;
TFDCCL;2022-04-29;13,644599;;;7,5;5,0;4,5;4,0;7,0;9,0;5,0;9,0;2024-12-16 11:27:49.000
TB4228;2012-09-01;361,301907;1,0;12344,6019377522;8,5;8,0;8,25;7,75;7,25;7,5;8,75;8,5;2025-03-25 14:31:16.000
TFCMNJ;2019-12-03;512,507308;1,0;62,0489347504957;8,0;7,5;8,5;5,5;6,0;8,5;8,0;7,5;2024-10-09 16:23:05.000
T33399;1996-06-13;384,859261;;;6,75;5,5;6,25;8,0;4,5;9,0;7,5;7,75;2024-04-25 09:30:32.000
TFCMWK;2014-01-15;426,982781;1,0;5223,26335263873;9,666666666666666;8,666666666666666;8,0;7,666666666666667;8,0;8,666666666666666;8,333333333333334;8,333333333333334;2025-02-03 16:34:41.000
TFBYJI;2013-01-18;51,70013;;;10,0;9,0;9,0;10,0;9,0;10,0;9,0;10,0;2024-06-18 11:13:27.000
T76973;2010-02-05;774,771054;2,0;6771,50198266989;7,0;5,0;7,0;8,0;5,0;9,0;8,0;8,0;2022-12-16 13:26:50.087
TFDA54;2021-12-28;851,727026;;;;;;;;;;;
TDCFXM;2023-06-16;;;;;;;;;;;;
T20697;2008-11-07;246,326017;;;9,666666666666666;8,0;8,333333333333334;7,666666666666667;8,0;8,333333333333334;8,333333333333334;8,666666666666666;2025-01-24 17:33:15.000
TFEDKU;2025-01-06;1811,10048;2,0;44347,7567352533;;;;;;;;;
TFDE02;2022-07-20;38,314602;;;;;;;;;;;
TFDTY4;2024-05-16;2634,227935;4,0;30241,4190671828;;;;;;;;;
T01744;2024-12-16;;1,0;1416,37623597163;;;;;;;;;
TFDJTD;2023-04-25;44,378304;;;;;;;;;;;
TDCACT;2023-04-20;;;;;;;;;;;;
TFDNRT;2023-06-09;93,771226;4,0;255,308665668503;;;;;;;;;
TEYJ35;2020-06-12;849,277202;;;8,0;0,0;0,0;8,0;8,0;8,0;8,0;2,0;2023-10-17 11:10:58.000
TCAG77;2015-06-29;148,543623;;;10,0;8,0;7,0;8,0;7,0;5,0;8,0;8,0;2022-06-01 14:18:49.000
TFEBMK;2024-09-27;;1,0;1087,64720137241;;;;;;;;;
TD0324;2010-11-09;511,036727;;;5,5;8,0;8,0;8,25;6,5;8,75;8,25;7,75;2024-08-02 11:30:26.000
TFDIR1;2023-02-28;308,929607;6,0;4225,80991109504;;;;;;;;;
TDCD7S;2021-01-13;;;;;;;;;;;;
TDCG7F;2012-06-18;;;;;;;;;;;;
TFEDHK;2024-12-30;1220,176607;1,0;56163,1560882449;;;;;;;;;
T00971;1999-06-16;449,457622;1,0;33,1432114886794;9,666666666666666;8,666666666666666;8,0;8,333333333333334;7,0;8,666666666666666;8,0;7,666666666666667;2024-12-19 16:13:58.000
TFBYGX;2004-09-20;1389,937126;1,0;84,9977921219696;;;;;;;;;
TEZGRX;2010-03-09;2740,923855;;;;;;;;;;;
TB6139;2016-08-25;2271,412367;;;8,0;6,0;8,0;8,0;6,0;9,0;9,0;9,0;2024-10-28 09:19:50.000
TEZEV9;2013-10-30;;;;;;;;;;;;
TFD031;2021-11-09;404,799531;;;10,0;10,0;10,0;10,0;7,0;9,0;7,0;10,0;2024-11-08 10:13:01.000
T57392;2008-09-16;937,708609;3,0;4164,58072853129;10,0;7,666666666666667;8,0;9,0;6,333333333333333;8,0;7,666666666666667;8,666666666666666;2025-02-21 16:27:51.000
T53509;2020-03-30;;;;;;;;;;;;
TAAKAH;2011-01-04;1233,982481;2,0;36142,4241008202;8,75;8,0;8,0;9,0;7,25;8,75;8,5;8,25;2025-02-03 16:27:18.000
TCAOQO;2019-09-30;;;;;;;;;;;;
T14398;2012-11-21;2091,985335;5,0;25161,3559119249;9,0;7,166666666666667;7,833333333333333;9,166666666666666;6,333333333333333;9,333333333333334;8,0;8,333333333333334;2024-10-17 14:58:38.000
TFDE90;2022-07-26;31,549885;1,0;126,115721037593;;;;;;;;;
TEZHQZ;2014-07-31;773,16785;2,0;21881,3634623234;7,25;7,25;8,0;9,0;7,0;9,0;7,75;8,25;2024-02-26 10:43:56.000
TFDED6;2022-07-29;45,07725;;;;;;;;;;;
TEWOYJ;2011-06-28;732,928485;1,0;46321,7956703663;10,0;9,0;9,0;9,0;7,5;9,5;8,5;9,0;2024-11-14 15:45:05.000
TFBXWR;2001-01-16;115,428272;2,0;321,721204366899;8,0;8,666666666666666;9,333333333333334;9,0;7,0;9,0;8,666666666666666;8,666666666666666;2024-07-15 15:53:42.000
TDCFQ5;2022-10-03;;;;;;;;;;;;
TB4028;2014-01-28;383,223833;2,0;11830,5248318014;8,8;8,4;8,4;9,2;5,6;8,6;8,4;8,0;2022-04-12 00:00:00.000
TFDNOH;2023-05-31;;;;;;;;;;;;
TEXSKD;2012-03-28;394,494955;;;;;;;;;;;
TDCDKC;2018-12-19;;;;;;;;;;;;
T87368;2009-10-01;30,909842;;;;;;;;;;;
TB2732;2013-11-10;;;;7,75;6,75;8,25;10,0;6,0;9,25;9,5;6,75;2024-06-25 11:45:43.000
T20326;2009-10-27;512,664302;;;9,8;8,6;8,6;9,2;7,8;9,0;8,6;8,4;2023-12-04 09:39:43.000
TFBL28;2012-06-12;4600,908127;2,0;22082,5726875241;8,0;8,0;8,0;8,75;7,5;8,5;8,0;8,0;2023-06-27 09:51:18.000
T52432;2009-11-19;219,280839;;;8,0;4,0;3,0;10,0;8,0;10,0;8,0;7,0;2023-10-18 16:21:09.000
T46923;2004-10-26;264,328518;4,0;15899,2534084867;9,0;7,333333333333333;8,333333333333334;9,333333333333334;8,0;9,333333333333334;8,333333333333334;8,0;2024-09-02 09:41:27.000
TFCXOL;2021-07-12;;;;;;;;;;;;
TFBLJ3;2017-09-21;712,737541;3,0;41731,3852097516;8,142857142857142;8,285714285714286;8,428571428571429;9,428571428571429;7,0;8,857142857142858;8,0;8,142857142857142;2024-12-03 11:15:50.000
T56033;1988-07-20;6326,53683;2,0;26408,2452303941;8,5;8,0;8,0;9,0;7,0;9,0;8,0;8,0;2021-07-01 16:36:00.000
TDCG8T;2018-12-28;;;;;;;;;;;;
TDCFCF;2019-11-28;;;;;;;;;;;;
TEYYY6;2012-10-04;538,754928;2,0;5336,98189829832;6,666666666666667;8,666666666666666;8,333333333333334;9,333333333333334;7,333333333333333;9,0;8,0;8,0;2024-05-06 15:16:46.000
T14841;2008-02-01;419,173193;;;8,0;8,0;8,0;9,0;7,0;9,0;8,0;8,0;2019-10-07 10:29:00.000
TFDELS;2022-08-11;157,304383;2,0;3648,4311208981;8,5;8,0;8,0;9,0;8,0;9,0;9,0;9,0;2024-11-01 12:04:49.000
TFDJOP;2023-04-17;56,178438;2,0;182,258236186161;8,0;7,0;7,0;7,0;7,0;8,0;8,0;8,0;2024-09-30 15:28:43.000
TEZEIH;2011-08-04;90,732439;1,0;360,367265150186;8,75;8,25;8,5;9,0;6,5;8,5;8,5;8,25;2024-02-27 11:43:43.000
TDCD4M;2024-03-27;;1,0;120,209301435666;;;;;;;;;
TFECQ6;2024-11-25;1848,597512;1,0;11648,5860887752;;;;;;;;;
TFDDKL;2022-06-28;252,533634;;;8,5;7,5;8,5;9,0;7,0;8,0;6,5;7,5;2024-10-18 14:51:07.000
TEZNCC;2013-09-12;126,061245;1,0;43,0979457359134;;;;;;;;;
TFCRUI;2020-09-30;446,419269;4,0;57798,5869239441;;;;;;;;;
T54797;2012-01-02;1349,078837;;;8,5;7,5;8,25;8,25;6,0;8,5;7,25;6,5;2024-12-19 17:59:39.000
TEWA34;2007-10-26;287,868565;1,0;304,40131201107;6,5;6,0;7,5;7,0;5,0;6,5;6,5;8,0;2025-01-20 11:34:56.000
TEZPFK;2016-07-27;;;;10,0;8,0;8,0;9,0;7,0;9,0;8,0;8,0;2021-08-26 16:11:00.000
TFCUQV;2021-02-26;73,879831;1,0;1062,70151175117;;;;;;;;;
TFCH99;2019-05-24;70,256901;;;10,0;9,0;9,0;9,0;8,0;10,0;7,0;9,0;2024-09-23 10:35:07.000
T57558;2010-11-09;982,83828;;;9,0;8,0;9,0;9,0;8,0;8,0;8,0;8,0;2022-10-10 12:49:36.717
TDCFB4;2014-04-30;;;;;;;;;;;;
TFECB0;2024-10-31;614,011203;1,0;1444,0039865936;;;;;;;;;
TB4721;2015-09-10;140,250333;2,0;4294,82463750418;5,333333333333333;8,0;8,333333333333334;9,0;6,333333333333333;9,0;7,666666666666667;8,0;2023-07-10 11:43:11.000
T06542;2006-05-05;982,509243;;;8,4;7,8;8,0;9,0;7,0;8,6;8,0;8,4;2024-11-18 17:09:10.000
TFBXQE;2017-06-08;68,529531;;;;;;;;;;;
T05762;2009-03-17;213,500391;;;8,0;8,0;8,0;8,6;7,0;8,6;8,0;8,4;2024-11-22 16:07:58.000
TEZF71;2014-11-18;905,724645;1,0;944,039229826901;9,333333333333334;9,0;9,333333333333334;9,333333333333334;7,666666666666667;9,0;9,0;8,333333333333334;2024-12-04 11:04:19.000
TEYJAI;2012-06-28;322,912857;1,0;6677,69710936213;8,0;8,5;8,5;9,0;7,0;9,0;8,5;8,0;2023-03-29 13:39:24.393
T01901;2004-12-15;885,21165;2,0;0,016815429471679;9,0;8,0;8,0;9,0;7,0;9,0;8,0;8,833333333333334;2024-10-30 11:00:22.000
T39793;2010-03-01;4661,960644;1,0;0,00420385736791976;;;;;;;;;
TCBIKC;2016-07-21;;;;;;;;;;;;
TEXHLI;2025-02-24;;1,0;56537,0723856919;;;;;;;;;
T17062;2007-12-11;91,21082;;;8,0;8,333333333333334;8,333333333333334;8,833333333333334;5,833333333333333;9,0;8,0;8,166666666666666;2024-09-27 13:48:41.000
TFAIMB;2016-12-29;898,817758;;;;;;;;;;;
TEZGZQ;2014-05-20;1877,082725;1,0;0,00420385736791976;7,5;8,0;7,75;8,75;6,75;8,75;7,75;8,0;2024-01-18 14:09:23.000
TFDSGL;2024-03-19;319,860749;1,0;5391,64465565338;;;;;;;;;
T07677;2013-03-28;2497,902765;1,0;0,00420385736791976;7,5;8,333333333333334;8,333333333333334;8,5;7,166666666666667;9,0;7,666666666666667;8,333333333333334;2024-05-14 15:04:29.000
TEZKLD;2015-04-13;;;;9,0;8,0;8,0;9,0;7,0;9,0;9,0;9,0;2024-01-02 15:07:25.000
T06475;2000-07-27;753,836444;;;8,0;7,2;7,8;9,2;7,4;9,0;7,8;7,6;2024-10-28 14:10:23.000
TFCI97;2009-12-29;1601,057201;4,0;51949,3902285089;;;;;;;;;
T09190;2002-05-29;1743,110747;3,0;5530,67462652523;8,0;8,0;8,0;9,0;7,0;9,0;8,0;8,0;2020-09-16 00:00:00.000
TDCCIG;2023-07-21;;;;;;;;;;;;
TFDRXZ;2009-11-27;1337,919645;1,0;593,853707221817;;;;;;;;;
TFCVVV;2021-04-29;696,032138;;;9,5;6,5;8,0;9,0;7,0;8,5;8,0;8,5;2024-12-06 14:41:24.000
TFECAI;2024-10-31;1199,651719;1,0;12110,6320520832;;;;;;;;;
T10110;2003-02-18;244,846285;;;9,0;7,0;7,666666666666667;9,0;6,333333333333333;8,333333333333334;8,0;7,666666666666667;2024-10-15 10:47:34.000
T92125;2009-12-11;368,228909;2,0;0,00840771473583952;8,285714285714286;8,285714285714286;8,714285714285714;9,142857142857142;7,142857142857143;9,285714285714286;8,285714285714286;8,285714285714286;2025-01-28 15:51:40.000
TFECT8;2024-11-28;;1,0;176,595640311573;;;;;;;;;
T55302;2021-12-10;275,731219;;;8,0;6,0;7,0;8,0;8,0;9,0;8,0;8,0;2024-08-26 09:37:42.000
TAAJUJ;2010-12-16;161,379258;;;8,5;8,0;8,0;9,0;7,0;9,0;8,0;8,0;2020-12-02 00:00:00.000
TDCC36;2023-06-15;;;;;;;;;;;;
TDCGSY;2020-05-12;;;;;;;;;;;;
TEXCI2;2011-05-30;259,969126;;;6,25;7,75;7,75;8,75;7,0;8,75;7,75;7,5;2024-05-07 08:57:07.000
T02724;1997-03-31;651,457246;;;8,571428571428571;8,0;8,714285714285714;9,0;7,285714285714286;9,142857142857142;8,0;7,857142857142857;2024-11-19 09:53:05.000
TFCZ06;2021-08-20;446,351962;;;;;;;;;;;
TFBPRZ;2017-11-06;3266,655411;2,0;32200,9042480881;7,666666666666667;7,666666666666667;7,333333333333333;8,333333333333334;6,333333333333333;9,0;8,0;7,333333333333333;2023-09-01 10:09:34.000
T43157;2013-01-08;;;;5,0;8,0;8,0;9,0;7,0;9,0;8,0;8,0;2022-01-28 11:27:00.000
T01872;2008-10-02;287,070309;2,0;0,00840771473583952;7,0;8,0;8,0;9,0;7,0;9,0;8,0;8,0;2019-09-04 11:31:00.000
TDC8I9;2023-01-27;;;;;;;;;;;;
T39838;2011-06-25;123,3146;;;8,666666666666666;8,0;8,0;8,666666666666666;7,333333333333333;8,666666666666666;8,0;8,333333333333334;2022-11-08 17:31:47.800
T14188;2005-10-20;;;;9,0;9,0;9,0;5,0;8,0;10,0;8,0;8,5;2024-12-20 10:07:36.000
TFDCPB;2022-05-23;383,83754;;;;;;;;;;;
TDCE2J;2021-06-18;;1,0;1240,13792353633;;;;;;;;;
TFDQF4;2023-10-30;70,300381;4,0;2834,48446117884;;;;;;;;;
TDCF8L;2021-09-02;;;;;;;;;;;;
TB3354;2014-09-25;146,561181;;;;;;;;;;;
TDCFF0;2021-06-25;;;;;;;;;;;;
TFDBL8;2022-03-22;110,155475;;;;;;;;;;;
TFDQOR;2023-11-23;22,783613;;;;;;;;;;;
TFCMPK;2019-12-12;175,403611;5,0;19506,5918236134;9,25;8,25;8,25;8,75;7,75;9,0;9,0;9,0;2024-06-11 10:55:32.000
T39822;2013-09-03;;1,0;609,93346165411;;;;;;;;;
TDCHA0;2024-08-09;;1,0;109,422203429583;;;;;;;;;
TFCUDI;2021-01-29;61,288736;;;10,0;9,0;9,0;9,5;8,5;9,5;9,0;9,0;2023-03-02 17:55:24.197
T11454;2004-03-31;2536,68846;1,0;3563,13065104564;9,166666666666666;8,0;8,0;8,833333333333334;7,333333333333333;9,0;8,0;8,0;2024-07-08 15:46:29.000
TDC32D;2012-02-27;;;;10,0;9,0;10,0;10,0;10,0;9,0;10,0;8,0;2023-10-31 14:56:14.000
T61431;2010-01-27;578,306045;1,0;1667,56512141957;10,0;10,0;10,0;8,0;8,0;8,0;10,0;10,0;2024-07-23 14:39:19.000
TFBNBL;2015-06-01;465,860292;8,0;18467,1796816805;10,0;6,666666666666667;9,333333333333334;10,0;7,666666666666667;10,0;9,333333333333334;8,333333333333334;2024-11-12 11:07:48.000
TDCA7F;2022-09-26;;;;;;;;;;;;
T17319;2006-09-25;797,414028;;;8,666666666666666;8,0;8,0;8,666666666666666;7,666666666666667;9,0;8,0;8,0;2024-12-16 14:44:02.000
TDCD9N;2017-07-19;;;;;;;;;;;;
TFDODO;2023-07-04;55,892223;;;;;;;;;;;
TEXFEJ;2011-10-31;124,558133;;;8,75;8,0;7,75;8,5;7,0;9,0;8,0;8,25;2024-12-04 15:14:20.000
T02434;2005-06-10;1060,076484;1,0;13074,7194776977;8,0;8,0;8,0;9,0;8,0;9,0;8,0;8,0;2022-10-18 13:25:57.207
TDCEDC;2023-08-30;;;;;;;;;;;;
TA0689;2007-03-29;1207,966581;2,0;0,00840771473583952;8,0;6,666666666666667;6,666666666666667;9,0;8,0;9,0;7,666666666666667;7,666666666666667;2024-10-22 15:11:36.000
T17193;2010-02-05;461,369702;;;8,25;6,25;8,0;8,0;5,75;7,75;7,75;7,75;2024-04-08 10:42:49.000
T48647;2006-03-27;801,819932;1,0;948,537357210575;8,0;8,0;8,0;9,0;7,0;9,0;8,0;8,0;2019-09-12 16:13:00.000
TEZKYK;2015-05-29;128,130184;;;7,0;8,0;7,8;8,0;4,8;9,0;8,0;6,6;2024-08-19 10:44:00.000
TDCCPS;2023-10-10;;;;;;;;;;;;
TDCFL7;2020-08-11;;;;;;;;;;;;
T13777;2005-05-31;573,267717;1,0;0,00420385736791976;8,0;7,666666666666667;7,666666666666667;9,0;7,333333333333333;9,0;8,333333333333334;8,333333333333334;2024-06-05 10:54:17.000
TDC32O;2014-12-17;;;;;;;;;;;;
T07682;2001-09-12;323,732642;2,0;85589,1235147707;6,0;7,0;7,0;4,0;6,0;9,0;4,0;8,0;2024-01-29 09:40:17.000
TDCEOD;2021-11-09;;;;;;;;;;;;
T45551;2010-03-23;355,292553;3,0;4773,73227271496;;;;;;;;;
TEXKI7;2011-12-28;695,105568;2,0;0,0210192868395988;9,5;8,0;8,5;9,0;8,0;8,5;8,0;9,5;2023-06-01 14:52:13.000
T47910;2010-04-05;587,229028;;;;;;;;;;;
TFDB99;2022-02-25;41,166398;;;;;;;;;;;
T27030;2010-10-18;254,18028;;;10,0;8,428571428571429;8,571428571428571;9,285714285714286;7,285714285714286;9,428571428571429;8,857142857142858;8,714285714285714;2024-07-19 14:18:05.000
TB3745;2014-04-05;161,626965;1,0;1839,35575275961;7,428571428571429;8,142857142857142;8,428571428571429;9,428571428571429;8,0;9,0;9,0;8,142857142857142;2025-01-22 09:41:47.000
TEZDAZ;2013-06-20;2241,838462;2,0;1876,50944417729;;;;;;;;;
T16567;2013-10-15;178,481961;1,0;703,872858397645;8,0;7,833333333333333;7,833333333333333;8,333333333333334;6,5;8,166666666666666;7,5;7,5;2024-08-29 09:48:14.000
TEZMI9;2015-09-30;319,343923;;;8,333333333333334;8,0;8,0;9,0;7,333333333333333;8,666666666666666;8,0;8,0;2023-02-14 16:53:47.893
TDCCQ1;2017-09-25;;;;;;;;;;;;
TEZE52;2013-09-04;190,719445;;;5,666666666666667;8,0;8,0;9,0;7,0;9,0;6,666666666666667;7,333333333333333;2023-05-18 14:29:49.967
TFBU92;2018-03-14;135,139583;;;10,0;7,666666666666667;7,666666666666667;8,666666666666666;7,0;9,333333333333334;8,333333333333334;8,666666666666666;2023-03-28 19:19:39.967
TDCHEZ;2021-11-10;;;;;;;;;;;;
TFCZH5;2021-10-04;23,749749;2,0;494,03731787793;;;;;;;;;
TEZCPI;2013-12-13;6855,349064;;;8,333333333333334;8,333333333333334;9,0;9,0;7,333333333333333;8,0;8,333333333333334;8,333333333333334;2024-09-23 11:12:49.000
TFBQSN;2017-11-21;299,016248;5,0;17263,1276697904;10,0;8,25;9,0;9,5;7,25;8,75;9,0;7,5;2023-05-19 14:47:03.557
TCAVO6;2014-03-28;58,19255;1,0;14,3141343377668;5,0;7,0;8,0;6,0;6,0;9,0;8,0;6,0;2022-05-16 00:00:00.000
T55103;2019-03-28;1604,8048;1,0;1161,47534446781;8,25;8,0;8,0;9,5;7,75;9,25;8,25;8,5;2024-11-25 11:20:20.000
TFCVQL;2021-04-22;73,916747;;;;;;;;;;;
TDCD6K;2015-07-30;;;;;;;;;;;;
TFCZAP;2021-09-28;455,608564;;;;;;;;;;;
TFBSMM;2016-12-13;1277,768291;1,0;1361,73029404604;7,5;7,0;7,5;8,5;6,75;7,0;6,75;7,0;2025-03-21 14:20:12.000
TFD430;2021-11-26;432,592312;;;6,5;8,0;8,5;6,5;6,0;7,5;5,0;9,0;2024-01-23 10:41:12.000
TDCDWK;2022-09-05;;;;;;;;;;;;
TFDNG1;2023-05-24;562,308423;2,0;1211,31627742187;7,0;3,0;3,0;8,0;5,0;6,0;8,0;8,0;2024-06-20 16:17:59.000
TDCDMV;2022-11-21;;;;;;;;;;;;
TC3143;2017-11-30;;;;;;;;;;;;
TEXF61;2015-10-18;1063,48962;;;8,8;8,0;8,2;9,4;7,2;9,0;7,8;8,0;2025-01-17 16:47:36.000
T13131;2005-01-31;9,525719;;;;;;;;;;;
TFCXND;2021-07-15;;2,0;1641,7071947495;;;;;;;;;
TFDPUZ;2023-09-28;55,381616;;;;;;;;;;;
TFCGWU;2019-05-15;683,749693;;;8,25;8,5;8,0;9,25;8,0;9,25;8,0;8,5;2025-01-29 16:42:18.000
TFDCX9;2022-05-31;169,584058;;;;;;;;;;;
T51294;2011-10-21;;1,0;19621,3361104708;;;;;;;;;
TDCGVX;2021-06-30;;;;;;;;;;;;
TFCO43;2020-02-12;1017,746993;;;5,6;7,0;7,6;8,0;7,4;9,0;7,0;7,0;2024-12-02 16:35:37.000
T98789;2010-03-31;;;;7,333333333333333;7,333333333333333;7,333333333333333;8,666666666666666;7,0;8,333333333333334;7,666666666666667;7,666666666666667;2022-05-02 00:00:00.000
TFEDSD;2025-01-27;48,052491;2,0;336,392666580939;;;;;;;;;
TFCNXO;2018-02-21;42,142376;;;6,0;5,0;7,0;9,0;7,0;10,0;8,0;8,0;2022-11-23 20:47:20.253
TFDUQA;2024-06-28;926,230901;2,0;6008,32110452564;;;;;;;;;
T15127;2006-05-16;183,89837;;;;;;;;;;;
TFDVHD;2024-08-21;;1,0;1115,38004842857;;;;;;;;;
TFCWME;2021-05-31;356,121369;;;;;;;;;;;
TB0925;2007-07-05;454,835428;2,0;2580,52523372544;8,666666666666666;7,0;7,0;8,666666666666666;6,333333333333333;7,333333333333333;8,666666666666666;8,666666666666666;2024-07-31 15:15:41.000
TDCFUN;2023-04-17;;;;;;;;;;;;
TDCCGB;2022-06-23;;;;;;;;;;;;
TDCEE2;2018-08-10;;;;;;;;;;;;
TFDOH1;2023-07-13;29,281267;1,0;36,4558510946002;;;;;;;;;
TDC315;2012-02-28;;;;;;;;;;;;
T51646;2010-02-22;766,214506;;;10,0;10,0;10,0;10,0;8,0;10,0;10,0;10,0;2024-12-02 14:15:30.000
T23228;1991-11-19;1031,994794;;;9,25;8,25;8,25;9,0;7,25;8,75;8,0;8,25;2024-06-20 08:24:43.000
TFDTT1;2024-05-06;166,636702;1,0;174,001860315567;;;;;;;;;
TB1778;2017-12-13;262,15082;;;8,5;8,5;8,5;9,5;7,5;8,5;8,0;7,5;2022-04-20 00:00:00.000
TFCRB2;2020-08-18;197,646536;;;10,0;6,0;9,0;10,0;9,0;10,0;10,0;7,0;2022-04-12 00:00:00.000
T74511;2010-05-19;1222,579768;5,0;51658,1890286331;10,0;9,5;10,0;10,0;9,0;10,0;9,5;10,0;2024-11-25 16:00:04.000
TDCCEM;2021-03-03;;;;;;;;;;;;
TFDARH;2022-02-17;72,640155;;;;;;;;;;;
TFBLRW;2012-10-24;2448,830993;2,0;6897,98764315586;;;;;;;;;
TDCH5Z;2023-11-01;;;;;;;;;;;;
TDC9Y3;2020-05-04;;1,0;1963,63018427006;;;;;;;;;
TDCCUH;2022-04-12;;;;;;;;;;;;
TFECUZ;2024-11-29;28,861302;3,0;800,511131571384;;;;;;;;;
TFBK01;2011-04-29;294,523235;4,0;2027,10843052564;9,0;8,4;9,0;9,0;7,8;8,8;8,4;8,2;2024-11-21 14:28:31.000
T50884;2022-12-22;;;;;;;;;;;;
TEZDCS;2010-12-17;102,658617;;;9,5;8,5;8,5;9,0;7,0;9,0;8,0;8,0;2024-10-15 09:11:44.000
TCAIAG;2016-09-10;;;;;;;;;;;;
T14472;2010-08-26;6097,481785;2,0;9574,26834000778;;;;;;;;;
TFCZDB;2021-09-30;1279,449394;;;9,0;7,0;7,0;8,0;9,0;6,0;9,0;9,0;2024-08-22 14:20:22.000
TFDOAK;2023-06-30;717,784715;;;;;;;;;;;
TFCZXE;2021-10-29;472,076857;1,0;151,666766119809;8,0;0,0;4,0;9,0;8,0;8,0;6,0;8,0;2023-07-27 14:24:00.000
T60699;2011-02-23;;;;;;;;;;;;
T55665;2009-11-25;176,198142;;;8,333333333333334;7,666666666666667;7,666666666666667;8,666666666666666;7,333333333333333;8,666666666666666;8,666666666666666;8,0;2024-11-25 11:11:14.000
TDCCKI;2024-07-31;;1,0;109,300291565914;;;;;;;;;
TFCHXO;2019-06-28;;;;10,0;9,0;9,0;10,0;9,0;10,0;10,0;10,0;2024-04-04 17:18:01.000
T10560;2003-06-26;812,445882;;;;;;;;;;;
TFEEXM;2025-03-21;;1,0;1247,65442051017;;;;;;;;;
TFDVH6;2017-05-17;;1,0;1252,49726419801;;;;;;;;;
TFCPZW;2023-08-31;457,990187;2,0;53110,9916886978;;;;;;;;;
TEZLHU;2015-06-26;432,598588;;;8,5;7,5;9,0;10,0;8,5;10,0;9,0;8,0;2025-03-17 15:51:38.000
TCAWUW;2014-06-25;140,363563;;;;;;;;;;;
TFDFVN;2022-10-03;;;;;;;;;;;;
TFCLMA;2019-10-31;;;;;;;;;;;;
TFDHDV;2022-12-09;598,544565;;;;;;;;;;;
T31446;1997-07-23;1087,444403;2,0;23,4028739672093;;;;;;;;;
TFECOB;2024-11-21;;1,0;571,060392572956;;;;;;;;;
T21296;2013-02-13;455,178773;;;8,0;7,2;8,2;8,0;7,2;9,2;9,4;8,2;2025-02-25 16:45:39.000
TFCTBW;2020-12-07;179,77549;;;8,0;8,0;8,0;9,0;8,0;9,0;8,0;8,0;2022-08-18 13:37:28.213
TFCDUY;2018-12-28;499,870355;2,0;5854,32119756663;8,428571428571429;6,714285714285714;8,0;8,142857142857142;6,571428571428571;8,571428571428571;7,0;8,714285714285714;2025-02-04 11:41:12.000
TDCDY3;2020-06-03;;;;;;;;;;;;
TDC89P;2022-02-04;;;;;;;;;;;;
TFECO8;2024-11-19;668,110082;2,0;3410,95101432694;;;;;;;;;
T12450;2004-09-27;1611,828495;2,0;374,017190023821;10,0;8,666666666666666;8,666666666666666;9,333333333333334;8,0;9,333333333333334;8,666666666666666;8,666666666666666;2022-12-19 11:52:59.287
TFBKKL;2017-06-30;597,41894;5,0;90930,1411161422;9,5;8,5;8,25;8,75;7,5;9,0;8,0;8,25;2024-05-02 11:35:03.000
TFCRZ4;2020-10-06;98,14207;2,0;75,3289201757542;8,0;9,0;9,0;10,0;8,0;9,0;9,0;8,0;2023-10-24 11:09:59.000
TEZDD5;2009-04-15;306,654087;1,0;16387,0522020306;7,666666666666667;7,333333333333333;7,333333333333333;8,666666666666666;6,333333333333333;9,0;8,0;7,0;2023-04-12 19:35:59.407
TFEEEO;2025-02-17;;1,0;3368,13472703468;;;;;;;;;
TFD883;2021-12-17;;;;;;;;;;;;
TDCHBX;2024-09-05;;1,0;97,2772594936633;;;;;;;;;
TB3207;2012-11-10;453,451015;;;9,6;8,2;8,4;9,0;7,4;9,2;8,6;8,6;2024-07-04 11:13:05.000
TEZM83;2024-07-26;449,120415;1,0;5683,19897954809;;;;;;;;;
T78658;2009-06-24;;;;;;;;;;;;
TFDJT0;2023-04-25;;;;;;;;;;;;
TDCDPS;2022-04-07;;;;;;;;;;;;
TFBLI3;2017-08-17;129,618415;;;7,0;9,0;10,0;7,5;7,5;9,0;10,0;8,5;2024-01-24 17:02:23.000
T15691;2006-11-10;176,559006;;;8,666666666666666;8,0;8,0;7,666666666666667;7,666666666666667;8,333333333333334;8,333333333333334;8,333333333333334;2024-09-06 16:34:27.000
TFCUK9;2021-02-12;63,465696;;;8,0;8,0;8,5;9,5;6,0;9,0;7,0;7,0;2024-12-12 10:49:48.000
T28266;2018-12-06;16,73409;;;9,5;9,0;8,0;9,0;7,0;9,0;9,0;8,5;2025-02-20 10:05:06.000
TEVVNK;2010-10-01;62,42553;;;9,0;8,0;8,25;8,75;7,25;8,75;8,0;8,0;2023-12-21 15:32:57.000
TEZOOD;2016-05-18;750,181395;2,0;1652,75913576976;9,142857142857142;8,0;8,0;9,142857142857142;6,571428571428571;8,714285714285714;7,142857142857143;8,428571428571429;2025-01-29 15:41:05.000
TFDJSZ;2023-04-25;5,459759;;;;;;;;;;;
TFBTF3;2021-05-31;536,958048;1,0;3839,47962284058;7,0;5,0;6,0;5,0;5,0;6,666666666666667;4,333333333333333;7,333333333333333;2025-02-14 15:11:44.000
TFEE28;2025-01-31;2089,950843;1,0;22071,8780743801;;;;;;;;;
T50536;2007-12-13;104,138972;;;7,666666666666667;7,0;8,0;8,666666666666666;5,333333333333333;8,333333333333334;8,333333333333334;7,666666666666667;2025-03-10 15:19:39.000
TFDSKP;2024-03-27;204,116383;1,0;4207,74593598509;;;;;;;;;
TFCGPE;2019-05-03;;;;;;;;;;;;
TA4367;2010-05-18;1466,42693;;;7,0;8,0;8,0;0,0;7,0;8,0;4,0;5,0;2022-05-10 00:00:00.000
TCASHA;2015-03-06;;;;;;;;;;;;
TEZJHC;2014-12-23;135,972463;;;9,571428571428571;8,571428571428571;8,857142857142858;9,142857142857142;7,571428571428571;9,285714285714286;8,285714285714286;8,285714285714286;2024-11-12 17:51:23.000
TDC08C;2018-08-01;95,156627;;;8,0;6,0;8,0;8,0;7,0;7,5;8,0;8,0;2024-12-12 09:52:53.000
T08938;2011-11-01;213,159498;;;9,0;8,333333333333334;8,333333333333334;9,333333333333334;7,333333333333333;9,333333333333334;8,0;8,666666666666666;2024-07-22 15:48:59.000
TDC1IR;2017-02-01;264,808482;;;7,333333333333333;5,333333333333333;7,666666666666667;7,0;5,666666666666667;9,666666666666666;7,0;6,0;2024-03-12 11:49:51.000
T43026;2006-07-03;100,263866;;;3,0;0,0;2,0;5,0;5,0;9,0;8,0;0,0;2022-05-18 00:00:00.000
TFDRAE;2023-12-18;454,82829;2,0;2513,52415499554;8,0;10,0;9,0;8,0;7,0;8,0;7,0;8,0;2025-03-24 14:32:54.000
TDCF6S;2024-02-01;;;;;;;;;;;;
TFCTTJ;2021-01-06;2340,778547;1,0;203,588608470986;8,0;6,5;8,0;8,5;6,0;8,5;8,0;7,0;2023-03-09 20:14:34.150
TFECNU;2024-11-19;;1,0;1803,3076758297;;;;;;;;;
TEZJDY;2014-12-12;45,816715;1,0;51,8041343448752;;;;;;;;;
TFDPEP;2020-03-24;289,42953;;;6,0;5,0;5,0;9,0;5,0;5,0;5,0;8,0;2024-04-18 16:20:48.000
TFCMRD;2019-12-16;151,075639;;;10,0;8,5;9,0;9,5;8,0;9,5;9,0;8,0;2022-05-10 00:00:00.000
TFCBRV;2018-10-29;111,533534;1,0;2824,99215124208;8,25;7,25;7,75;8,75;7,5;8,75;8,75;7,75;2024-09-25 09:29:26.000
T07654;2015-09-02;414,073194;2,0;0,00840771473583952;9,333333333333334;7,333333333333333;8,333333333333334;10,0;6,666666666666667;8,666666666666666;7,666666666666667;7,666666666666667;2024-08-20 09:11:59.000
TEZFE6;2013-12-05;4727,677367;7,0;3090,06637757626;7,0;7,5;7,0;5,5;5,5;6,0;6,0;8,0;2025-02-14 14:47:26.000
TEZDWI;2013-08-30;513,717854;2,0;1770,15605662628;10,0;7,5;7,5;9,5;7,5;7,0;8,0;7,5;2023-11-09 09:14:19.000
TDCD7B;2022-12-06;;;;;;;;;;;;
T43474;2009-09-24;718,195354;6,0;1424,26267239385;8,142857142857142;7,714285714285714;7,857142857142857;9,142857142857142;6,571428571428571;8,285714285714286;7,714285714285714;8,0;2024-11-01 16:00:33.000
TDCDUZ;2024-07-31;;1,0;97,2772594936633;;;;;;;;;
TFDRLF;2024-01-23;116,911536;;;;;;;;;;;
TDCDH3;2021-10-22;;;;;;;;;;;;
TDCA76;2020-09-16;;;;;;;;;;;;
TFCZWR;2021-10-29;226,030357;3,0;13745,6340943309;9,0;9,0;9,0;9,0;8,0;9,0;9,0;9,0;2024-12-03 14:42:51.000
T00361;2021-10-13;41,8169;;;;;;;;;;;
TDCD1H;2017-10-03;;;;;;;;;;;;
TEVYL8;2007-12-03;85,154627;;;;;;;;;;;
TFEETJ;2025-03-12;;1,0;7748,01601066398;;;;;;;;;
TFBXNH;2017-02-13;;;;10,0;10,0;10,0;9,0;10,0;9,0;10,0;10,0;2024-07-18 11:58:43.000
TFDRE2;2023-12-27;393,156312;2,0;3636,61407783687;6,0;10,0;10,0;6,0;7,0;10,0;8,0;8,0;2024-05-28 09:31:31.000
T32730;2007-06-27;298,590222;;;9,833333333333334;8,0;8,333333333333334;9,333333333333334;7,666666666666667;9,333333333333334;8,666666666666666;8,5;2024-12-06 14:19:09.000
TEZKTU;2015-05-14;86,812732;;;10,0;8,0;8,0;9,0;7,0;9,0;8,0;8,0;2019-10-03 09:51:00.000
TFCQO2;2020-07-24;66,84117;;;9,0;8,5;8,5;9,5;6,5;8,0;7,5;8,0;2023-06-06 15:28:24.000
TDCFGY;2018-05-07;;;;;;;;;;;;
TEZF29;2013-11-21;754,867095;2,0;5137,89141721101;6,2;7,4;8,0;8,0;6,6;8,2;7,0;7,0;2024-09-13 15:31:39.000
T37134;2024-04-16;60,167976;3,0;33896,8706298853;;;;;;;;;
TFDDAO;2022-06-10;481,943775;1,0;1403,04160040059;7,0;0,0;0,0;9,0;7,0;9,0;8,0;8,0;2024-11-06 10:16:48.000
T16326;2015-11-30;1184,848651;2,0;0,00840771473583952;8,5;7,833333333333333;7,833333333333333;9,333333333333334;7,5;9,0;8,0;7,833333333333333;2024-06-28 14:49:07.000
TFEEP9;2025-02-28;;1,0;1038,10474229147;;;;;;;;;
TFCTWH;2014-11-18;;;;;;;;;;;;
T94602;2010-02-19;77,819705;;;6,8;7,0;7,0;6,2;5,4;7,4;6,6;7,6;2024-11-13 09:59:18.000
T35530;2001-07-19;1344,773918;2,0;11547,9289279577;8,6;8,2;8,2;9,2;7,2;9,2;8,4;8,2;2024-05-10 11:43:13.000
TEZPGH;2016-07-29;411,369432;;;8,0;8,0;8,0;9,0;7,0;9,0;8,0;8,0;2019-09-26 15:07:00.000
T14588;2010-03-15;216,309935;1,0;8639,74664326185;9,5;8,333333333333334;8,833333333333334;9,333333333333334;7,166666666666667;9,333333333333334;8,5;8,166666666666666;2024-04-17 11:12:14.000
TFDSOT;2024-03-28;;1,0;2051,5664726922;;;;;;;;;
TFCXCT;2021-06-29;25,21929;;;;;;;;;;;
TFDFCF;2022-09-06;;;;7,0;8,0;8,0;9,0;7,0;9,0;8,0;8,0;2023-12-19 09:19:32.000
TEZFGO;2013-12-17;247,293344;;;4,5;8,0;8,0;9,0;7,0;9,0;8,0;8,0;2021-06-16 16:11:00.000
TB4421;2015-07-28;553,459212;;;5,0;6,4;7,0;8,8;6,2;9,0;8,0;8,0;2023-08-09 10:13:56.000
TFBUE7;2018-03-20;86,481841;;;8,0;8,0;8,0;9,0;7,0;9,0;8,0;8,0;2020-07-10 09:54:00.000
TFCIQU;2019-07-26;128,302927;;;9,0;7,4;8,6;9,4;7,2;9,0;8,0;8,0;2023-12-19 11:21:29.000
TEZI22;2014-08-29;269,762427;;;8,666666666666666;9,0;8,666666666666666;9,5;7,666666666666667;9,0;8,5;8,5;2025-03-26 16:15:10.000
TFDCGC;2022-04-29;230,432824;;;;;;;;;;;
TFEENS;2025-02-28;;1,0;4544,48331887019;;;;;;;;;
TFEDTU;2025-01-24;;1,0;96,7181464637299;;;;;;;;;
TDCGU6;2023-04-14;;;;;;;;;;;;
TFCVQQ;2023-05-09;20,831961;3,0;152,633653314431;;;;;;;;;
T08881;2009-01-02;660,161036;1,0;4393,47235449978;9,0;7,6;8,4;9,6;6,8;9,6;9,0;8,6;2023-06-28 14:48:35.000
T50232;2006-10-31;212,33884;;;;;;;;;;;
TEWP26;2011-06-30;462,271454;1,0;151,023575942517;8,8;7,8;8,4;8,8;7,0;8,8;8,0;8,0;2024-12-10 16:33:23.000
TFBXMI;2013-02-18;97,851525;3,0;396,860950961097;9,0;8,666666666666666;8,0;9,0;8,666666666666666;9,333333333333334;8,333333333333334;7,666666666666667;2024-01-22 16:32:15.000
TFDKC9;2023-04-26;124,998767;;;10,0;9,0;9,0;10,0;9,0;9,0;9,0;8,0;2024-04-08 17:05:38.000
TEZNXL;2016-03-02;226,697492;1,0;291,318907882104;8,5;9,0;9,0;9,0;6,25;9,5;8,0;8,5;2024-12-04 10:18:31.000
TFCWN1;2019-12-09;652,334224;1,0;100,892576830074;;;;;;;;;
TC8962;2016-02-29;234,65126;;;;;;;;;;;
T18363;2006-12-22;873,306571;;;;;;;;;;;
TFCJLQ;2019-08-28;1196,7742;;;10,0;8,0;8,0;9,0;7,0;9,0;8,0;8,0;2021-01-14 16:41:00.000
TFDN99;2023-05-16;71,183152;2,0;167,822189984725;;;;;;;;;
TFCSRM;2020-11-20;109,095411;;;7,0;8,0;8,0;9,0;7,0;9,0;8,0;8,0;2022-02-09 15:19:00.000
T06682;2000-09-30;1215,416905;4,0;12612,425486805;8,6;7,2;7,2;8,0;5,0;8,2;7,4;9,0;2023-10-03 09:25:36.000
TFDJKM;2023-04-04;97,706753;;;8,0;5,0;10,0;10,0;7,0;10,0;10,0;10,0;2024-12-04 09:26:14.000
TFDJGR;2021-06-29;;;;;;;;;;;;
TFDVB0;2023-10-31;;2,0;2265,0467575499;;;;;;;;;
TFDFS5;2022-09-30;520,034699;;;10,0;7,5;8,0;8,5;7,5;8,5;9,0;9,0;2024-12-12 17:46:36.000
TDC8HO;2023-01-11;;;;;;;;;;;;
TFDQHH;2023-10-31;;;;;;;;;;;;
TFCWHP;2021-05-25;396,997996;;;6,0;5,0;4,5;5,0;7,0;6,5;7,0;5,0;2024-07-02 14:38:24.000
TDCDRK;2024-07-23;;1,0;121,567147365504;;;;;;;;;
TFCTLE;2020-12-18;605,944324;;;8,0;8,0;8,0;9,0;7,0;9,0;8,0;8,0;2022-02-22 09:55:00.000
T51620;2007-06-29;131,61857;1,0;138,559138846635;8,0;8,0;10,0;9,0;7,5;9,0;8,5;9,5;2024-11-12 10:05:52.000
TFDUUX;2024-07-10;;1,0;0,00420385736791976;;;;;;;;;
T16132;2007-03-19;65,792964;;;6,25;7,25;7,75;8,625;6,125;8,625;7,375;8,0;2024-09-16 09:49:00.000
TFDTW7;2024-05-14;53,709742;1,0;63,7472931271352;;;;;;;;;
TDCFVN;2024-08-26;;1,0;191,372198959811;;;;;;;;;
T06610;2000-08-17;466,874578;;;9,5;9,0;9,0;9,5;8,0;10,0;8,0;8,0;2025-02-27 11:31:43.000
TEYVUM;2020-03-31;759,675795;;;10,0;8,0;8,0;7,5;6,5;9,5;8,0;10,0;2024-12-02 16:45:05.000
T14744;2006-02-15;1230,808897;3,0;0,0210192868395988;9,6;8,8;8,6;9,0;8,6;8,8;9,4;8,8;2025-02-04 11:10:10.000
TFBZBU;2018-05-30;1611,77573;1,0;1159,63405494067;8,0;6,666666666666667;6,666666666666667;9,0;7,0;9,333333333333334;7,666666666666667;9,333333333333334;2024-11-11 15:42:32.000
TDCCCV;2022-04-29;;;;;;;;;;;;
TFDUAG;2024-05-29;200,198275;1,0;1248,44894955271;;;;;;;;;
TB0267;1998-11-05;129,425773;;;5,75;8,0;8,5;8,25;7,75;4,5;9,0;8,0;2023-05-09 20:13:37.537
TFDUBB;2024-05-29;567,956849;5,0;26220,4126793381;;;;;;;;;
TFDBZ0;2002-07-23;4365,604044;;;;;;;;;;;
TFCBC1;2016-10-03;122,300194;1,0;92,5100852384422;10,0;10,0;10,0;9,0;8,0;8,0;8,0;8,0;2024-03-12 11:44:37.000
TB0516;2003-04-15;542,039616;2,0;48752,7056203675;10,0;9,0;9,0;9,5;8,0;9,0;9,0;9,0;2023-05-19 12:21:13.080
TDCE7K;2019-02-11;;;;;;;;;;;;
TDCD9W;2021-02-23;;;;;;;;;;;;
T17094;2008-01-31;313,148858;;;7,5;7,25;7,0;7,75;7,25;9,75;8,0;8,0;2024-12-13 12:02:36.000
TFDSLD;2024-03-27;208,886615;1,0;6568,71631095618;;;;;;;;;
TFCBVS;2018-10-31;;2,0;0,00840771473583952;8,0;9,0;7,5;9,5;7,0;9,5;9,0;7,5;2022-04-11 00:00:00.000
TFCR83;2020-08-13;175,113275;;;9,666666666666666;7,0;8,666666666666666;8,333333333333334;7,333333333333333;9,666666666666666;8,0;8,666666666666666;2025-02-11 16:23:43.000
T37983;2012-04-30;555,717929;;;9,571428571428571;7,285714285714286;8,285714285714286;9,142857142857142;6,428571428571429;9,571428571428571;8,571428571428571;8,285714285714286;2025-02-04 10:08:11.000
TFDAB4;2022-01-04;301,695967;;;;;;;;;;;
T43722;2003-04-30;163,561095;;;;;;;;;;;
TFCHB6;2019-05-24;1557,588008;;;;;;;;;;;
TDCFA8;2021-01-21;;;;;;;;;;;;
TFDVLX;2024-08-30;542,460435;1,0;22038,398554302;;;;;;;;;
TEWTQW;2011-08-17;759,521604;;;8,666666666666666;7,333333333333333;7,0;8,666666666666666;7,333333333333333;8,666666666666666;7,333333333333333;7,0;2024-11-29 14:35:28.000
T61211;2009-08-03;704,200447;2,0;0,00840771473583952;8,5;9,25;9,25;9,0;8,0;9,5;8,25;7,25;2024-11-25 14:37:42.000
TEWBRK;2011-03-31;317,168758;;;10,0;10,0;10,0;10,0;7,0;9,0;10,0;10,0;2024-11-19 14:43:58.000
TFEDRT;2025-01-14;;1,0;1543,95069551589;;;;;;;;;
T28317;2010-09-24;265,159943;2,0;4656,68427201997;8,0;8,0;8,0;9,0;7,0;9,0;8,0;8,0;2019-08-22 12:01:00.000
TDCE8I;2018-06-08;;;;;;;;;;;;
T27027;1994-07-12;845,520215;1,0;3363,15315605369;;;;;;;;;
T57062;2009-02-26;546,881353;1,0;150,418220481537;;;;;;;;;
TFCSFC;2020-10-27;1091,18958;5,0;40216,0627829112;4,5;7,5;6,5;9,0;4,5;5,5;8,0;8,0;2022-06-02 20:24:19.000
TFDJPN;2022-09-16;;1,0;1123,65744358601;;;;;;;;;
TFECRP;2024-11-27;567,972933;1,0;6605,26044305551;;;;;;;;;
TFCDQN;2018-12-20;306,857231;3,0;4383,71099769147;9,166666666666666;8,0;8,666666666666666;9,5;6,833333333333333;9,166666666666666;8,666666666666666;8,833333333333334;2025-03-05 17:42:53.000
TEZLYW;2015-08-18;1006,20898;1,0;1749,47728223349;8,0;8,0;8,25;9,0;7,25;8,75;8,0;8,0;2022-08-22 16:53:19.110
T59725;2010-12-13;;;;;;;;;;;;
TFBKVJ;2013-11-01;289,761378;;;9,0;9,0;9,0;9,5;7,0;8,0;9,0;9,0;2024-05-28 10:02:22.000
TFEEFV;2025-02-19;;1,0;114,904033437351;;;;;;;;;
TFDUKX;2024-06-25;480,488948;1,0;7336,84933307985;;;;;;;;;
TFCSKD;2020-11-05;57,913524;;;7,0;8,0;8,0;9,0;7,0;9,0;8,0;10,0;2022-08-01 17:37:11.583
TFCBV4;2018-10-31;123,929472;;;7,8;8,4;6,4;7,4;6,2;9,0;6,4;8,4;2024-01-26 16:36:38.000
TFDIJU;2023-02-13;;;;;;;;;;;;
TEZFC8;2013-11-29;34,053635;;;8,4;8,0;8,0;9,0;7,0;9,2;8,4;8,4;2024-07-25 11:16:02.000
TFECL4;2024-11-14;44,114228;1,0;63,7472931271352;;;;;;;;;
T07049;2002-03-06;2481,840507;5,0;3340,88952743319;9,333333333333334;8,0;8,333333333333334;9,0;7,666666666666667;9,0;8,333333333333334;8,0;2024-05-13 14:51:09.000
TFEEAG;2025-02-05;;1,0;198,300155902143;;;;;;;;;
T17446;2007-05-29;;;;8,0;7,0;7,0;9,0;6,0;4,0;8,0;5,0;2023-02-08 14:10:34.540
TDCCZU;2021-10-21;;;;;;;;;;;;
TDCGJP;2019-12-26;;;;;;;;;;;;
TFCP52;2020-05-28;6611,041592;1,0;3125,11393645261;;;;;;;;;
TFDN15;2023-05-11;55,610888;;;;;;;;;;;
TFDCZF;2022-06-02;221,681194;;;;;;;;;;;
TCBKOK;2014-05-27;;;;;;;;;;;;
TFCWEF;2021-05-19;857,441965;1,0;3036,38311898792;8,25;8,75;8,5;9,0;7,5;9,0;7,75;8,25;2025-01-23 10:23:38.000
T84555;2024-01-12;;;;;;;;;;;;
TFDGJU;2024-09-25;632,420088;1,0;99,8290009159905;;;;;;;;;
T57105;2010-07-19;57,610782;;;8,166666666666666;7,833333333333333;8,166666666666666;9,0;6,833333333333333;8,666666666666666;8,166666666666666;8,166666666666666;2025-03-18 15:07:58.000
TFDVHU;2024-08-23;33,695317;1,0;36,4558510946002;;;;;;;;;
TDCDGF;2024-03-01;;1,0;138,756720142928;;;;;;;;;
TDCCZX;2023-05-18;;;;;;;;;;;;
T07781;2010-09-10;270,930581;;;8,75;7,75;7,5;9,0;6,75;8,75;8,0;8,0;2024-04-02 09:40:13.000
TFDJJ9;2023-03-31;1494,457481;;;8,0;6,0;6,0;7,0;6,0;7,0;7,0;8,0;2024-11-18 17:16:40.000
TEF181;2019-04-01;111,767955;;;;;;;;;;;
TDC8CG;2022-11-24;;;;;;;;;;;;
TFDVA4;2024-07-31;643,362622;1,0;4732,9212253872;;;;;;;;;
TFCKW7;2019-10-11;;;;;;;;;;;;
TFCNAM;2007-07-28;228,501356;1,0;42,4757748454613;10,0;8,666666666666666;8,666666666666666;9,0;7,0;9,0;8,0;9,333333333333334;2024-01-22 14:18:30.000
TFEBR4;2024-10-02;977,100365;3,0;37767,2738275243;;;;;;;;;
TEZIJY;2014-09-30;778,074119;;;8,0;7,75;8,0;8,5;6,75;7,75;8,0;7,75;2024-12-18 14:21:59.000
TFDHCA;2022-12-06;76,569623;;;10,0;8,0;8,0;10,0;8,666666666666666;9,333333333333334;10,0;8,333333333333334;2025-01-20 16:03:51.000
TDCH14;2024-03-06;;1,0;120,209301435666;;;;;;;;;
TEZFBB;2013-11-25;670,129282;6,0;14098,4638432204;8,4;8,8;9,0;9,4;7,2;9,2;8,8;8,4;2024-10-17 09:56:01.000
TDCCXW;2022-05-12;;;;;;;;;;;;
T60458;2010-07-07;3359,462305;1,0;2061,31521792841;6,0;8,0;8,0;9,0;7,0;9,0;8,0;8,0;2019-09-12 10:20:00.000
TFBJZ7;2017-03-20;225,667129;;;10,0;8,0;8,0;9,0;7,0;10,0;8,0;10,0;2023-12-13 13:55:49.000
T49575;2022-12-16;46,598077;;;10,0;9,0;8,0;10,0;8,5;9,5;9,0;8,5;2025-03-19 11:28:20.000
TDCCZI;2023-11-08;;;;;;;;;;;;
TFCYFD;2022-04-19;47,148278;;;;;;;;;;;
TFDGVJ;2022-11-25;1862,993962;5,0;82455,3958745712;;;;;;;;;
TFDQQ6;2023-11-24;384,601381;;;5,0;1,0;8,0;9,0;5,0;9,0;8,0;8,0;2025-02-14 18:00:50.000
T60951;2010-12-22;69,225701;;;9,166666666666666;7,333333333333333;7,333333333333333;8,833333333333334;7,5;9,333333333333334;8,0;8,333333333333334;2024-08-29 10:36:55.000
TFEDWD;2025-01-30;49,395324;1,0;197,606519436436;;;;;;;;;
TFCPMO;2020-05-25;84,732949;;;;;;;;;;;
TCAWUC;2014-02-27;186,012981;;;9,0;9,0;9,0;9,0;6,0;9,0;9,0;8,0;2022-05-12 00:00:00.000
T74125;2023-02-10;32,597644;1,0;59,2827966024044;;;;;;;;;
TDC875;2021-10-13;;;;;;;;;;;;
TFEDIK;2024-12-30;11,489636;1,0;21063,5324383962;;;;;;;;;
TEZJHH;2014-12-18;208,232368;2,0;381,907830303406;8,75;7,75;7,5;9,5;6,0;9,5;8,5;8,75;2024-07-02 10:50:46.000
TDCDE0;2023-03-17;;;;;;;;;;;;
TEZG82;2014-02-27;673,719544;;;9,5;7,5;8,5;10,0;8,0;8,0;8,5;8,0;2024-12-03 08:37:06.000
TFCMS0;2020-03-02;605,949466;;;;;;;;;;;
TB3236;2012-11-15;331,570421;4,0;31302,5483362783;10,0;8,666666666666666;8,666666666666666;9,333333333333334;8,0;9,333333333333334;8,0;8,666666666666666;2022-03-14 00:00:00.000
T49216;2010-10-01;602,473554;;;8,333333333333334;8,0;8,0;9,333333333333334;7,666666666666667;9,333333333333334;8,0;8,0;2023-07-26 10:54:39.000
TFDRBH;2023-12-21;30,717909;;;;;;;;;;;
T02072;1999-03-12;1932,377332;;;8,0;9,0;8,5;9,0;7,0;9,0;8,0;8,5;2024-11-04 16:13:58.000
TFECNA;2024-11-18;;1,0;120,562425454571;;;;;;;;;
TFEBYM;2024-10-23;;1,0;0,00420385736791976;;;;;;;;;
TFCSCQ;2009-08-15;32,810735;;;;;;;;;;;
TEZIFP;2014-09-18;1158,877045;5,0;9656,94980672003;9,333333333333334;8,666666666666666;8,666666666666666;9,0;5,333333333333333;9,333333333333334;8,333333333333334;9,333333333333334;2024-12-05 14:51:08.000
T15162;2015-09-02;191,424262;;;9,0;8,8;8,6;9,4;8,4;9,4;8,6;8,0;2025-02-18 15:12:39.000
TDCH8H;2020-03-05;;;;;;;;;;;;
TFDIF3;2023-01-31;55,268112;;;;;;;;;;;
TFEBF1;2024-09-24;66,94895;1,0;69,5990625832795;;;;;;;;;
TDCCY3;2023-06-23;;;;;;;;;;;;
TFCQLK;2020-07-20;;;;;;;;;;;;
TEZAO7;2012-10-16;124,934113;;;8,428571428571429;7,428571428571429;7,714285714285714;8,571428571428571;7,428571428571429;8,0;8,285714285714286;7,428571428571429;2025-01-21 16:02:25.000
TC2537;2011-03-23;240,120829;;;;;;;;;;;
TFC237;2018-07-23;70,61157;;;9,2;7,8;8,2;9,4;7,0;9,0;8,0;7,8;2023-11-23 09:58:50.000
T83974;2009-09-11;;;;9,0;8,0;8,0;9,0;7,0;9,0;8,0;8,0;2020-01-09 16:34:00.000
T62590;2014-11-26;67,478666;;;8,5;8,0;8,25;9,25;7,0;9,0;8,0;7,75;2022-05-19 00:00:00.000
TDC520;2022-04-01;944,132933;5,0;75247,5292932539;;;;;;;;;
TFDHL2;2023-11-13;879,878713;;;;;;;;;;;
TDCC3D;2021-05-19;;;;;;;;;;;;
TFEBLV;2020-02-14;1366,788935;1,0;8105,39433322557;;;;;;;;;
TDCCUA;2021-01-21;;;;;;;;;;;;
TFDEKZ;2022-08-10;86,439715;;;;;;;;;;;
T53460;2009-05-12;120,60791;;;;;;;;;;;
TDC82U;2021-06-29;;;;;;;;;;;;
TFEDTB;2025-01-20;;1,0;276,155594356017;;;;;;;;;
TFEEUR;2025-03-14;;1,0;192,801510464904;;;;;;;;;
TDCD8R;2022-02-24;;;;;;;;;;;;
TFCQRT;2020-07-31;239,425567;;;9,75;9,0;9,25;4,5;7,25;9,0;9,5;9,75;2025-02-24 10:32:32.000
TA2843;2007-09-23;111,828311;2,0;661,119628965901;8,333333333333334;7,0;7,666666666666667;9,333333333333334;7,333333333333333;9,333333333333334;7,666666666666667;7,666666666666667;2025-03-06 14:51:44.000
TDCH92;2022-12-08;;;;;;;;;;;;
TFDBSK;2022-03-31;;;;9,0;7,0;8,0;8,0;7,0;6,0;6,0;8,0;2024-09-26 15:20:39.000
TEZIJ1;2014-09-30;70,114917;;;8,75;7,75;7,75;8,75;7,25;8,5;8,0;8,0;2024-04-11 13:57:15.000
TDCDFN;2020-11-23;;;;;;;;;;;;
TFEDTO;2025-01-21;;1,0;0,126115721037593;;;;;;;;;
T59274;2009-02-27;1531,224718;2,0;0,00840771473583952;8,5;8,0;8,0;9,0;7,0;9,0;8,0;8,0;2025-01-24 09:13:57.000
T05303;2010-07-12;379,061495;;;;;;;;;;;
TFEDHY;2024-12-30;1420,367798;1,0;4282,57039327669;;;;;;;;;
TFCGDQ;2019-04-16;373,824022;1,0;246,060179459079;7,857142857142857;7,714285714285714;7,857142857142857;8,571428571428571;7,428571428571429;8,571428571428571;7,714285714285714;7,142857142857143;2025-03-12 10:46:46.000
TDCE4G;2021-03-16;;;;;;;;;;;;
TFDVFN;2024-08-15;209,878152;3,0;218,02885852979;;;;;;;;;
TFDUQ0;2024-06-28;841,718742;1,0;4697,04971046674;;;;;;;;;
TFBZU1;2018-06-28;;;;7,0;6,0;8,0;9,0;7,0;9,0;8,0;8,0;2023-12-29 09:39:43.000
TDCCBB;2024-06-10;;1,0;108,203084792887;;;;;;;;;
TEYJC6;2012-06-29;129,868247;;;6,25;8,0;8,0;7,0;6,75;8,5;7,5;8,0;2024-11-19 14:28:01.000
TDCFR0;2021-11-04;;;;;;;;;;;;
TDCE80;2023-04-25;;;;;;;;;;;;
TDCG61;2018-08-20;;;;;;;;;;;;
TDCGOG;2020-11-04;;;;;;;;;;;;
TEZGAM;2014-03-05;405,990681;;;;;;;;;;;
TFCL24;2019-10-18;49,044679;;;8,0;6,0;6,0;9,0;7,0;9,0;9,0;5,0;2022-05-12 00:00:00.000
TFEDYB;2025-01-30;60,106752;1,0;60,1067526465167;;;;;;;;;
TB3493;2013-02-05;417,525922;4,0;12533,5737341549;9,8;8,2;9,0;9,4;7,0;8,8;8,2;8,6;2024-06-10 17:04:51.000
TFBLUZ;2011-02-14;407,282959;;;;;;;;;;;
TDC8AJ;2022-07-28;;1,0;380,676100094606;;;;;;;;;
T74304;2009-01-23;1844,714672;6,0;187458,35730399;8,0;10,0;8,0;7,0;8,0;8,0;7,0;8,0;2025-03-13 17:05:15.000
TB2395;2011-02-10;849,003076;;;7,333333333333333;8,333333333333334;8,0;8,333333333333334;7,0;7,666666666666667;8,0;8,333333333333334;2024-04-19 14:35:38.000
TFCQ95;2020-06-26;487,949808;1,0;0,00420385736791976;8,0;7,0;8,0;8,0;7,0;8,0;7,0;7,0;2023-02-07 16:42:39.793
TDCFDO;2024-04-16;;1,0;208,81400317931;;;;;;;;;
TEXSG6;2012-03-13;75,300412;2,0;220,404037942665;;;;;;;;;
TDCF5R;2018-04-05;;;;;;;;;;;;
TFDQWP;2023-11-30;857,549429;6,0;15674,6118823172;10,0;7,0;10,0;10,0;10,0;10,0;10,0;10,0;2024-11-06 15:22:13.000
TFDPF8;2023-09-05;114,184814;;;8,0;10,0;9,0;9,0;9,0;10,0;7,0;9,0;2024-05-14 10:49:48.000
TFCUFN;2021-09-01;988,221454;2,0;275,024756724047;8,5;6,0;9,0;10,0;2,5;9,5;8,0;6,0;2023-03-20 20:08:26.243
T73965;2004-01-20;52,252099;;;;;;;;;;;
T27744;2000-10-13;1005,077669;2,0;0,00840771473583952;6,6;7,4;8,0;8,2;5,2;8,8;7,8;7,8;2025-02-14 15:48:14.000
TB2812;2011-12-05;306,205663;;;7,0;8,0;8,0;9,0;7,0;9,0;8,0;8,0;2022-02-25 12:17:00.000
TDCFJP;2022-12-09;;;;;;;;;;;;
TDCDYX;2022-12-14;;;;;;;;;;;;
TFCWL4;2018-10-31;246,375794;2,0;205,614867722323;8,0;7,0;9,0;9,0;8,0;9,0;9,0;8,0;2024-06-20 09:33:04.000
TFDRCQ;2023-12-22;574,576599;3,0;6119,23147346346;;;;;;;;;
TDCDMT;2022-07-18;;;;;;;;;;;;
TCBJL5;2009-11-23;172,69446;;;;;;;;;;;
TFBKOG;2017-07-19;65,932813;;;8,0;6,0;3,0;9,0;7,0;9,0;8,0;8,0;2023-09-26 13:41:00.000
TFEDGY;2024-12-27;366,785408;1,0;5321,78915777066;;;;;;;;;
TDCENT;2024-06-21;;1,0;120,209301435666;;;;;;;;;
T27168;2013-04-03;863,017235;;;9,75;8,0;8,0;9,25;7,25;9,25;8,5;7,75;2023-03-07 12:28:37.413
T07157;2003-10-29;1076,539314;5,0;32011,8357629659;;;;;;;;;
T19433;2010-03-30;338,052074;;;7,0;8,0;8,0;7,0;6,0;6,0;6,0;6,0;2022-04-11 00:00:00.000
T16103;2010-09-10;2000,503745;;;5,5;7,0;7,0;8,0;6,0;8,5;7,0;6,5;2023-01-05 14:13:34.320
TFBJPE;2017-03-24;393,017547;;;;;;;;;;;
TFDBKE;2022-03-21;664,866166;;;;;;;;;;;
TFEDW1;2025-01-27;;1,0;208,851837895622;;;;;;;;;
TFDQMR;2023-11-17;190,179079;;;;;;;;;;;
TFDDMZ;2021-07-16;1451,101218;;;;;;;;;;;
T10179;2007-08-22;278,683825;;;9,25;7,75;8,75;9,0;7,0;8,75;8,5;8,5;2024-05-16 15:05:25.000
TFDQNN;2023-11-21;1126,417001;1,0;1534,29863899915;10,0;10,0;10,0;10,0;9,0;10,0;10,0;8,0;2024-10-10 17:30:23.000
T14930;2006-03-29;134,697883;;;9,0;7,75;7,75;9,25;8,0;9,0;8,0;7,75;2024-10-17 09:41:48.000
TDCD9P;2024-10-11;;1,0;210,302168687554;;;;;;;;;
TFBLDJ;2017-08-31;;1,0;2024,80471668802;6,75;8,0;8,0;9,0;7,0;9,0;8,0;8,0;2022-01-17 17:11:00.000
TEZDH4;2013-06-27;118,230009;;;;;;;;;;;
T29465;1996-02-08;1155,393518;2,0;3213,83214234518;10,0;9,0;9,0;9,5;8,0;9,5;8,5;9,0;2023-10-16 16:14:56.000
T20966;2013-02-13;1442,799096;;;6,0;6,0;8,0;8,0;7,0;8,5;8,0;7,5;2022-11-03 13:49:37.927
TFDRA3;2023-12-18;;1,0;565,704678286226;;;;;;;;;
TFDOBB;2023-06-30;1695,110446;;;;;;;;;;;
TFBKSR;2017-07-28;;;;;;;;;;;;
TAAHZD;2010-11-30;103,159971;;;9,0;8,0;8,0;9,0;7,0;9,0;8,0;7,5;2024-04-04 16:12:48.000
TFDRYA;2024-02-23;484,549095;;;;;;;;;;;
T17274;2008-01-18;1327,031321;2,0;13225,146105894;9,5;8,5;9,0;9,5;7,25;9,5;7,75;9,0;2023-02-02 17:00:27.350
TFDOVB;2023-08-08;209,820827;2,0;537,845715509022;10,0;8,0;10,0;10,0;9,0;10,0;8,0;8,0;2024-09-30 15:48:28.000
TFED05;2024-12-05;160,24894;1,0;2687,26537615429;;;;;;;;;
TFCZUY;2021-10-29;183,061719;;;9,5;7,0;9,0;9,0;8,0;9,5;8,0;9,0;2024-12-27 10:29:01.000
TFCAI9;2018-08-31;534,721149;2,0;235,588370755591;8,0;4,5;8,0;9,0;6,5;9,0;7,5;6,5;2024-10-16 14:33:39.000
T27808;1994-12-16;;;;7,0;8,666666666666666;8,666666666666666;9,333333333333334;7,666666666666667;8,333333333333334;8,0;8,0;2023-05-09 12:56:37.467
T44144;2012-05-31;401,658595;;;;;;;;;;;
TB1944;2015-02-07;506,961843;1,0;1281,57534561191;10,0;8,0;8,0;9,0;8,0;9,0;8,0;8,0;2024-07-23 15:50:01.000
TDCF3V;2021-02-19;;;;;;;;;;;;
TEZCA9;2013-06-26;75,325353;;;9,0;8,5;7,75;9,25;6,25;9,25;8,0;8,5;2024-04-19 09:38:19.000
TFDJQ6;2023-04-20;;;;;;;;;;;;
T19751;1990-06-25;467,806415;2,0;7157,34462346967;10,0;10,0;10,0;8,0;8,0;8,0;10,0;10,0;2024-10-21 16:59:47.000
TDCAAA;2021-06-25;;;;;;;;;;;;
T06200;2000-05-23;927,362079;;;9,0;8,0;8,0;9,0;7,0;8,0;9,0;9,0;2024-11-12 11:51:02.000
TEZBBY;2012-12-10;182,904723;1,0;0,00420385736791976;9,142857142857142;8,571428571428571;8,571428571428571;9,285714285714286;7,428571428571429;9,428571428571429;8,571428571428571;8,714285714285714;2025-01-22 17:13:02.000
TFCVLQ;2021-04-09;68,598894;;;5,0;8,0;8,0;9,0;7,0;9,0;8,0;8,0;2024-01-19 08:41:14.000
T09481;2008-02-15;1747,301529;1,0;0,00840771473583952;9,0;8,0;7,75;9,0;8,0;9,75;8,5;9,5;2024-10-28 09:28:24.000
TDCERM;2021-04-30;;;;;;;;;;;;
T82336;2011-11-17;1253,303757;2,0;0,00840771473583952;8,0;8,0;8,0;9,0;7,333333333333333;9,0;8,0;8,0;2024-11-25 10:26:01.000
TA2668;2011-07-12;135,435672;;;8,0;7,0;8,5;9,5;7,0;9,0;8,0;6,0;2023-05-09 19:40:09.113
TB4702;2015-04-05;176,962001;1,0;2732,50728914784;8,0;7,2;8,4;9,2;5,8;8,6;8,0;8,0;2024-03-28 09:19:20.000
TDCEKC;2022-03-29;;;;;;;;;;;;
TFDTNM;2024-04-25;;1,0;0,00420385736791976;;;;;;;;;
TFEBMF;2024-09-27;803,054177;1,0;87520,1906198688;;;;;;;;;
T50741;2010-09-24;57,741181;;;;;;;;;;;
T51665;2010-08-19;118,924003;1,0;718,329923885921;9,5;7,833333333333333;8,333333333333334;9,333333333333334;7,333333333333333;9,166666666666666;8,666666666666666;8,333333333333334;2024-08-29 15:05:10.000
T61122;2015-09-02;226,475008;;;10,0;10,0;9,0;9,5;10,0;10,0;10,0;10,0;2025-02-26 14:05:42.000
TFDTZN;2024-05-22;33,511282;1,0;36,4558510946002;;;;;;;;;
TEZEW9;2013-10-24;911,006106;;;3,6666666666666665;8,0;8,0;9,333333333333334;8,0;8,666666666666666;8,666666666666666;8,0;2024-01-17 15:16:50.000
TFBLFM;2017-09-06;;;;8,0;8,0;8,0;9,0;7,0;9,0;8,0;8,0;2021-06-02 14:27:00.000
TFBOML;2003-08-28;173,016756;;;;;;;;;;;
T02725;1997-03-27;407,17948;;;7,75;8,0;8,0;8,5;7,0;8,75;8,0;8,0;2025-01-28 11:11:58.000
TFBWAK;2018-03-29;1268,393665;;;5,0;8,0;8,0;9,0;7,0;9,0;8,0;8,0;2024-03-01 15:13:13.000
TB1675;2009-09-18;859,096215;;;8,5;8,5;8,5;9,5;8,0;9,0;8,5;8,5;2024-11-18 14:06:38.000
TFBR10;2017-11-30;3398,546567;2,0;391,370713238594;;;;;;;;;
TDCFI5;2024-03-27;;1,0;120,209301435666;;;;;;;;;
TDCDX2;2020-02-28;;;;;;;;;;;;
TDCCQ4;2023-12-11;;;;;;;;;;;;
TDCCW2;2024-07-31;;1,0;280,531809876021;;;;;;;;;
TEWOYZ;2011-06-30;1444,064869;2,0;8563,13975044625;10,0;8,0;8,0;9,0;7,0;9,0;8,0;9,0;2023-09-25 10:31:42.000
TFDABR;2022-01-05;69,82704;;;;;;;;;;;
TEXY85;2012-05-29;189,211874;;;9,0;8,0;8,0;9,5;6,5;8,5;8,0;8,0;2022-05-02 00:00:00.000
TFCKA4;2019-10-21;1591,777091;4,0;1214,63312088516;;;;;;;;;
TFDEQ8;2022-08-22;;;;10,0;6,0;6,0;8,0;6,0;7,0;9,0;8,0;2024-11-26 10:01:29.000
TFDSH2;2024-03-20;66,587571;1,0;69,5990625832795;;;;;;;;;
TFBYZG;2018-05-23;;;;8,0;5,0;8,0;5,0;4,0;4,0;5,0;8,0;2025-03-14 11:31:55.000
TFDJQG;2023-04-20;258,819209;;;10,0;7,0;7,0;10,0;7,0;9,0;8,0;8,0;2024-11-26 08:59:02.000
T17312;2011-09-29;624,043972;2,0;32560,6493423478;9,6;7,0;7,0;9,0;7,0;9,4;8,2;8,4;2024-02-07 14:10:16.000
TEZDNZ;2016-04-13;239,231174;;;8,0;7,0;8,0;9,0;7,0;8,5;8,0;8,0;2025-02-20 14:42:38.000
TAAJVL;2010-12-18;3130,732442;2,0;6766,39849982524;10,0;10,0;8,0;9,0;7,0;9,0;8,0;8,0;2025-03-17 16:38:43.000
T12393;1990-08-24;206,403716;;;9,75;8,25;8,25;9,0;6,75;9,0;8,5;8,25;2024-09-26 10:50:59.000
TDCDRO;2023-01-03;;;;;;;;;;;;
TA3129;2016-03-16;180,119963;;;7,666666666666667;7,333333333333333;9,0;9,333333333333334;6,333333333333333;9,333333333333334;8,0;7,0;2023-02-01 19:44:21.717
TFDPHS;2023-08-31;295,205981;1,0;370,485949834768;10,0;10,0;10,0;10,0;10,0;10,0;10,0;10,0;2024-10-24 13:47:25.000
TDCDBG;2022-05-10;;;;;;;;;;;;
TB5414;2020-12-23;45,628344;;;5,0;3,0;7,0;9,0;6,0;6,0;8,0;8,0;2022-08-18 12:32:59.717
TEZEAU;2012-03-01;185,179316;;;4,5;7,5;7,5;8,75;7,25;8,25;6,75;8,25;2022-11-15 14:33:39.760
T48463;2005-10-31;473,000606;1,0;1222,89790447049;8,0;6,0;7,0;9,0;7,5;8,0;8,0;8,5;2024-05-09 14:55:55.000
TFDQCA;2023-10-27;40,430401;;;;;;;;;;;
TFDDA1;2022-06-09;;;;;;;;;;;;
T12467;2006-11-30;266,947552;;;4,25;7,5;7,5;8,25;5,5;9,5;6,25;6,25;2024-03-28 14:22:34.000
TEZCUV;2013-05-07;101,652794;;;;;;;;;;;
TDCDN4;2024-02-20;;;;;;;;;;;;
TFCJ06;2019-08-19;15,6944;3,0;302,164859891337;;;;;;;;;
TFDPWP;2023-09-29;404,459423;;;9,0;8,0;8,0;10,0;9,0;10,0;8,0;8,0;2024-06-27 08:33:41.000
TDC9RR;2020-10-21;;2,0;3044,76561057956;;;;;;;;;
TFCAHH;2018-08-31;147,585721;;;8,666666666666666;8,666666666666666;8,666666666666666;9,0;8,0;9,333333333333334;8,666666666666666;8,666666666666666;2022-04-26 00:00:00.000
TFBW11;2018-03-28;42,941421;;;;;;;;;;;
TFCI62;2019-06-28;569,930444;;;7,0;7,25;7,0;6,25;4,75;6,5;6,75;7,75;2024-12-05 11:46:41.000
TAABRO;2010-09-24;;;;6,0;8,0;8,0;9,0;7,0;9,0;8,0;8,0;2022-01-07 08:34:00.000
TFCRWT;2020-09-30;427,21099;;;7,5;6,5;7,0;5,5;4,5;7,0;5,5;8,0;2022-11-07 18:04:42.130
T42601;2012-03-08;272,41863;;;8,75;8,25;8,5;9,25;7,75;9,25;8,5;8,25;2024-08-07 14:56:54.000
TDCF8V;2022-05-12;;;;;;;;;;;;
T03524;2007-02-14;261,81542;;;9,2;8,6;8,6;8,6;6,4;8,4;8,4;8,6;2025-01-13 17:01:55.000
TFDPBR;2023-08-31;23,899405;1,0;103,940373421816;;;;;;;;;
TEZHCV;2011-07-25;395,783677;;;10,0;9,0;9,2;9,4;7,4;9,4;8,4;9,0;2024-04-18 11:28:43.000
T12595;2004-09-24;621,037377;1,0;31336,1791952217;;;;;;;;;
TDCEDL;2015-05-06;;;;;;;;;;;;
T56590;2012-05-29;313,067677;2,0;3399,81920001669;6,5;8,0;7,5;7,0;7,5;8,5;8,0;8,5;2024-04-08 11:13:25.000
TFECLY;2024-11-14;;1,0;97,2099977757765;;;;;;;;;
TFDDMF;2022-06-29;34,996864;1,0;0,00840771473583952;;;;;;;;;
TDCFSY;2019-02-21;;;;;;;;;;;;
TFCJEG;2019-08-19;242,44854;;;7,714285714285714;8,142857142857142;8,0;8,285714285714286;5,571428571428571;8,571428571428571;8,285714285714286;8,571428571428571;2025-03-26 17:10:41.000
TFDSEA;2024-03-12;;1,0;2021,5845619442;;;;;;;;;
TB1914;2010-05-05;249,582353;1,0;2969,65108712957;10,0;10,0;10,0;9,0;7,0;9,0;8,0;8,0;2024-12-12 11:12:08.000
T80499;2010-03-23;;;;;;;;;;;;
TDCEQ5;2020-11-13;;;;;;;;;;;;
TFCQNH;2020-07-23;1262,383827;6,0;24399,6631992889;8,0;7,5;8,0;9,0;8,0;9,5;8,0;9,0;2024-05-15 16:23:21.000
TFCWM2;2021-05-31;1087,727038;4,0;1801,83212189356;;;;;;;;;
TFCYKF;2021-08-27;241,543619;;;7,0;3,0;8,0;9,0;2,0;2,0;8,0;3,0;2024-08-02 15:40:04.000
T31130;2010-06-14;850,968059;3,0;52443,2383728053;8,0;7,5;7,75;8,5;7,0;9,0;7,75;6,0;2023-11-07 14:15:11.000
TEZOI9;2016-04-28;;;;7,0;7,0;8,5;5,5;5,0;8,0;4,5;8,0;2025-02-04 15:48:05.000
TFC491;2018-07-31;28,113478;1,0;63,7472931271352;;;;;;;;;
TB4390;2017-11-09;208,424698;;;9,333333333333334;9,333333333333334;9,333333333333334;9,666666666666666;7,0;9,333333333333334;9,333333333333334;8,666666666666666;2023-01-05 12:44:38.360
TFCKOR;2019-09-30;359,706552;1,0;143,284274528177;;;;;;;;;
T45067;1998-01-20;638,793119;2,0;39041,0173868598;7,666666666666667;7,666666666666667;7,5;7,833333333333333;6,666666666666667;8,333333333333334;7,333333333333333;8,0;2025-03-24 10:17:34.000
TDCH70;2023-04-06;;;;;;;;;;;;
T55602;2000-03-02;;1,0;4932,63387736496;;;;;;;;;
TA3502;2014-03-07;218,700774;;;10,0;9,0;9,0;9,5;8,0;10,0;10,0;9,0;2024-08-23 12:04:11.000
TB2156;2010-07-21;831,119211;;;9,285714285714286;9,142857142857142;9,0;8,571428571428571;7,142857142857143;9,0;9,428571428571429;9,285714285714286;2025-02-27 09:28:49.000
TFDQJG;2023-11-07;69,213116;;;;;;;;;;;
T49917;2013-04-23;578,851641;;;10,0;8,0;8,0;9,333333333333334;8,0;9,333333333333334;8,0;8,666666666666666;2024-07-16 16:18:27.000
TDCFBA;2021-03-05;;;;;;;;;;;;
TDCCLX;2022-03-11;;;;;;;;;;;;
TFEC61;2024-10-30;433,385745;1,0;578,093445949486;;;;;;;;;
TDCA16;2022-10-24;;;;;;;;;;;;
T50754;2013-07-11;749,508681;3,0;75613,7315124307;8,75;8,25;8,0;9,25;7,75;8,75;8,0;8,0;2024-12-18 15:53:12.000
T61939;2009-10-28;3272,509875;5,0;38950,9707620389;;;;;;;;;
T13109;2011-07-21;142,978419;;;9,0;8,166666666666666;8,666666666666666;9,333333333333334;7,0;9,333333333333334;8,5;8,0;2024-09-04 11:38:27.000
TDCADU;2023-02-28;33,317146;1,0;34,5346882774608;;;;;;;;;
T10406;2004-02-17;663,712207;;;;;;;;;;;
T57160;2009-06-04;701,728891;2,0;0,00840771473583952;4,333333333333333;8,333333333333334;8,0;9,0;7,333333333333333;9,0;8,666666666666666;8,0;2025-02-26 17:45:19.000
TDCEJL;2021-02-18;;;;;;;;;;;;
TFDGJ2;2022-10-31;563,008766;1,0;252,895651539317;10,0;10,0;10,0;10,0;8,0;10,0;10,0;10,0;2024-06-05 13:41:39.000
TFDPSD;2023-09-22;2366,154481;;;;;;;;;;;
TFDO15;2021-08-31;53,00553;;;;;;;;;;;
TFBOL3;2012-03-21;434,989021;;;8,0;8,0;8,0;9,0;7,0;9,0;8,0;8,0;2020-08-05 08:20:00.000
T14228;2005-09-20;2148,410587;3,0;82,8706402938022;5,857142857142857;7,714285714285714;6,714285714285714;9,0;5,714285714285714;9,0;8,0;7,0;2024-12-03 09:33:03.000
TDCE69;2024-03-19;;1,0;120,209301435666;;;;;;;;;
TFBNCF;2018-01-01;;;;;;;;;;;;
TFDORK;2023-07-31;231,183929;;;10,0;10,0;10,0;10,0;10,0;6,0;10,0;10,0;2024-10-31 10:29:45.000
TEYVYC;2012-08-31;298,345065;;;8,5;8,25;8,25;8,25;6,25;8,25;7,25;7,75;2023-11-10 17:18:56.000
TDCDNA;2013-02-22;;;;;;;;;;;;
TEZUUP;2016-09-29;134,153585;1,0;33,9923906769992;8,333333333333334;7,333333333333333;9,333333333333334;8,666666666666666;6,333333333333333;8,666666666666666;8,0;7,333333333333333;2024-10-23 09:57:11.000
T01726;2014-03-24;366,438964;;;6,5;8,0;8,0;9,0;7,0;9,0;8,0;8,0;2021-12-06 17:32:00.000
TDCCLG;2013-08-09;;;;;;;;;;;;
TEZIGI;2010-07-06;184,838566;;;8,6;8,6;9,0;9,6;4,6;9,2;8,4;8,6;2024-09-09 15:45:25.000
TEZLSP;2015-07-17;232,49211;3,0;3499,00921461276;7,0;8,0;8,0;8,666666666666666;7,333333333333333;9,0;8,0;8,0;2025-02-11 11:15:33.000
TDCEDJ;2024-08-07;;1,0;125,031125836669;;;;;;;;;
TFDU35;2024-05-24;1093,383131;1,0;26824,0277433682;;;;;;;;;
TFDVGS;2024-08-20;97,623552;3,0;29652,193806923;;;;;;;;;
TFBXZ3;2012-04-25;103,878684;;;8,0;7,0;9,0;9,5;7,5;7,5;8,0;8,0;2024-06-11 09:46:37.000
TFCACG;2018-08-27;216,055983;;;8,166666666666666;8,0;8,333333333333334;7,666666666666667;6,333333333333333;8,666666666666666;8,0;8,0;2024-10-30 14:30:56.000
TEXCMS;2011-09-29;170,273466;;;9,428571428571429;8,571428571428571;8,857142857142858;8,714285714285714;7,571428571428571;9,428571428571429;8,285714285714286;8,857142857142858;2023-07-19 16:13:58.000
TFDREP;2023-12-28;92,402401;;;9,0;10,0;10,0;9,0;7,0;9,0;9,0;10,0;2024-10-23 17:05:16.000
T54102;2009-07-14;421,810556;3,0;22213,6069216822;;;;;;;;;
T16127;2007-02-28;177,762655;;;;;;;;;;;
T01637;1995-06-19;;;;;;;;;;;;
TDCDR8;2022-06-14;;;;;;;;;;;;
TFCNTG;2018-11-07;143,011309;;;9,0;7,5;8,0;10,0;8,0;7,5;8,0;8,0;2023-03-21 18:48:57.963
TDC0KP;2017-01-01;106,149844;1,0;3512,44053890326;7,333333333333333;7,333333333333333;8,0;9,666666666666666;6,0;6,0;8,666666666666666;7,333333333333333;2024-09-04 17:27:49.000
T16250;2007-04-16;254,558909;1,0;21018,5637761315;5,0;7,0;10,0;9,0;7,0;9,0;8,0;6,0;2023-01-16 14:32:04.550
TFCJUX;2019-11-18;167,333629;4,0;5670,41925314962;8,8;8,0;7,8;9,4;7,6;9,4;7,8;8,4;2024-11-22 10:31:19.000
TEZNJR;2015-12-15;729,418212;1,0;2232,57616324009;7,5;8,0;7,75;9,5;5,25;8,5;7,75;6,5;2022-11-22 13:50:50.450
TFALI4;2021-08-30;1103,001556;;;;;;;;;;;
TFDQKO;2023-11-10;55,512906;;;;;;;;;;;
TAAMJS;2009-06-18;291,146876;1,0;239,821655125086;10,0;8,2;8,2;9,2;7,0;8,6;8,4;8,4;2022-07-19 13:56:38.613
T49432;2011-08-31;656,591207;4,0;7148,02887554236;7,666666666666667;6,666666666666667;7,666666666666667;8,666666666666666;6,333333333333333;7,666666666666667;8,0;7,333333333333333;2024-11-21 14:09:58.000
TAAOK8;2011-02-07;55,022833;;;;;;;;;;;
TB5041;2017-11-30;686,185042;;;9,5;7,0;8,0;7,5;7,0;8,0;7,5;9,0;2024-04-22 11:48:51.000
TFCPP9;2020-05-29;1185,412108;;;9,0;7,333333333333333;8,0;8,333333333333334;6,0;8,0;8,666666666666666;8,666666666666666;2024-12-11 17:10:54.000
TFEDIU;2024-12-30;858,251112;4,0;60146,1091591952;;;;;;;;;
TDCG3Q;2021-12-08;;;;;;;;;;;;
TFDTSS;2024-05-03;659,804977;2,0;6436,05518399674;;;;;;;;;
TFDEZH;2022-08-31;1207,721044;1,0;273,767803371039;7,0;8,0;8,0;9,0;8,0;8,0;8,0;2,0;2024-04-17 14:19:17.000
TFDIJ2;2023-02-08;93,708099;1,0;22,7680915046534;10,0;10,0;8,0;9,0;6,0;10,0;10,0;7,0;2025-01-28 14:09:20.000
TB2409;2017-01-20;475,972205;3,0;25270,2862640424;;;;;;;;;
TFDTK9;2024-04-16;51,60361;1,0;701,031050816931;;;;;;;;;
TFCIX5;2019-07-31;2858,780654;;;8,0;9,0;8,0;9,0;8,0;8,0;8,0;8,0;2022-03-31 00:00:00.000
TDCF7K;2022-08-16;;;;;;;;;;;;
T09248;2004-10-25;628,577569;;;10,0;8,0;8,0;9,0;7,0;8,5;8,0;9,0;2024-06-24 09:00:39.000
TFBX21;2018-04-30;2011,156236;1,0;5799,32633547951;6,5;7,5;8,0;9,0;7,0;8,0;7,5;9,5;2024-12-02 11:14:02.000
TFDNQ7;2023-06-02;;;;;;;;;;;;
TFDS38;2024-02-28;154,214303;;;;;;;;;;;
TDCD2A;2023-06-01;;;;;;;;;;;;
TDCG46;2019-04-17;;;;;;;;;;;;
TDCCFK;2020-08-03;;;;;;;;;;;;
TCAC17;2014-09-18;;;;;;;;;;;;
T54729;2009-11-18;76,349648;;;0,0;8,0;8,0;9,0;7,0;9,0;8,0;8,0;2019-10-08 17:37:00.000
TDCFMY;2022-01-21;;;;;;;;;;;;
T22643;2009-03-23;1094,454843;2,0;9920,47280968545;;;;;;;;;
T06638;2011-01-29;1325,208108;2,0;0,00840771473583952;8,5;8,0;8,166666666666666;8,666666666666666;6,833333333333333;9,0;7,5;7,833333333333333;2025-01-22 17:05:05.000
TFDPVK;2023-09-29;506,190978;2,0;728,267842703683;;;;;;;;;
T03116;1994-09-14;1245,534781;;;8,142857142857142;7,428571428571429;7,428571428571429;9,285714285714286;7,0;9,285714285714286;7,857142857142857;8,714285714285714;2024-11-27 14:54:47.000
TFDIC2;2023-01-27;132,651425;;;;;;;;;;;
T76185;2007-04-16;345,304532;;;;;;;;;;;
TB5821;2016-07-10;142,454174;;;10,0;8,0;8,0;9,0;6,5;9,5;8,0;7,5;2023-06-27 14:44:23.000
T60161;2010-03-17;426,693434;2,0;41818,3083685481;8,0;8,0;8,0;9,0;7,0;9,0;8,0;8,0;2022-03-08 17:45:00.000
T31812;1999-10-19;1096,74615;;;;;;;;;;;
TFDADN;2022-01-11;103,956703;;;;;;;;;;;
TFDVJZ;2024-08-29;47,294095;1,0;686,800993626523;;;;;;;;;
TDCG4O;2012-04-10;;;;;;;;;;;;
TAAOLS;2011-03-01;187,393664;1,0;96,81903904056;8,0;8,0;8,0;9,0;7,0;9,0;8,0;8,0;2019-03-25 14:10:00.000
T10765;2003-07-31;450,329335;1,0;21836,3569653424;7,2;6,6;7,0;6,2;5,8;8,4;6,8;9,0;2025-02-28 15:42:43.000
TB2576;2011-06-25;276,560972;1,0;605,275587690455;8,5;7,5;7,5;8,25;7,0;8,0;8,25;8,0;2024-10-09 11:13:30.000
TEZDI9;2013-07-11;107,676309;;;;;;;;;;;
TFC452;2020-10-22;104,941579;;;9,0;9,0;7,0;9,0;7,0;9,0;4,0;8,0;2022-08-17 20:02:41.530
TFCUWH;2018-01-31;252,566133;;;;;;;;;;;
TDCHE1;2024-10-04;;1,0;76,5312233829792;;;;;;;;;
TFCDFX;2018-12-07;60,156848;1,0;16,7397600390565;;;;;;;;;
TDCGRW;2018-10-05;;;;;;;;;;;;
TDC833;2020-07-20;;;;;;;;;;;;
TFCXB1;2021-06-25;799,988397;;;5,0;6,0;6,0;6,0;6,0;8,0;5,0;8,0;2023-12-12 14:08:26.000
T61653;2011-07-29;1224,312867;3,0;219,239569451751;10,0;8,0;8,25;9,5;6,0;6,0;7,25;7,75;2024-06-11 16:39:46.000
TFBOEL;2013-11-14;104,433841;;;;;;;;;;;
TDCEYP;2021-04-22;;;;;;;;;;;;
T48386;2010-09-06;341,337726;;;9,8;8,0;8,2;9,4;7,0;9,4;8,8;8,4;2025-02-03 14:12:51.000
TFBXD0;2018-01-23;124,323868;;;9,333333333333334;8,0;8,666666666666666;9,333333333333334;7,666666666666667;9,0;9,333333333333334;9,333333333333334;2025-02-07 11:41:31.000
TDCCH1;2017-08-14;;;;;;;;;;;;
TEXY92;2012-05-30;125,091365;;;9,5;9,0;9,0;9,5;8,5;9,5;8,0;9,0;2024-05-20 11:51:21.000
TEZLM4;2007-05-29;;;;8,0;7,0;7,0;9,0;4,0;4,0;8,0;4,0;2022-07-28 19:34:43.117
TFECYI;2024-12-03;;1,0;1280,61266227466;;;;;;;;;
TFDDQV;2024-10-24;307,407595;2,0;1849,63418402418;;;;;;;;;
TEXVFB;2010-07-21;623,104514;2,0;17832,2668995462;9,2;8,0;8,4;9,2;6,6;9,0;8,8;8,8;2024-02-01 15:26:01.000
TFDVB4;2024-08-01;576,851626;1,0;12063,5236264183;;;;;;;;;
TEZD35;2013-06-10;112,473002;;;;;;;;;;;
TFDGWN;2022-11-28;35,41116;;;;;;;;;;;
TDC04U;2019-03-01;72,541115;;;10,0;10,0;10,0;10,0;10,0;10,0;10,0;10,0;2024-09-04 09:24:19.000
TDCDU3;2020-08-03;;;;;;;;;;;;
T41316;2003-04-29;2541,58147;;;;;;;;;;;
TCANF4;2017-03-14;;;;;;;;;;;;
TFDSIK;2024-03-25;33,44436;1,0;36,4558510946002;;;;;;;;;
T15003;2006-04-20;1176,847949;;;9,0;8,0;8,0;9,0;7,0;9,0;8,0;8,0;2019-04-03 10:59:00.000
TEZGD2;2014-03-14;;1,0;433,728780077753;10,0;8,0;8,0;9,0;7,0;9,0;8,0;8,0;2020-03-12 15:41:00.000
TB1504;2012-08-20;399,763552;;;10,0;9,0;9,0;10,0;8,0;9,0;8,0;8,0;2022-07-27 12:45:10.317
TDCEWM;2021-08-16;;;;;;;;;;;;
TFEC99;2024-10-31;1297,054756;1,0;85633,1421052702;;;;;;;;;
T87548;2009-10-27;;;;8,666666666666666;7,666666666666667;8,0;7,333333333333333;4,666666666666667;8,333333333333334;7,333333333333333;7,666666666666667;2024-06-04 14:15:55.000
TFECLD;2024-11-14;;1,0;175,090659373858;;;;;;;;;
TFDNCC;2023-05-19;60,245129;;;;;;;;;;;
TFCGND;2018-07-27;764,314882;1,0;301,710843295601;2,0;8,0;8,0;9,0;7,0;9,0;8,0;8,0;2021-05-12 14:07:00.000
TFCPX2;2020-06-12;804,104904;;;;;;;;;;;
TDC26R;2022-08-11;496,49771;1,0;1729,43329030325;7,0;7,0;6,0;7,0;7,0;9,0;5,0;6,0;2024-06-10 14:45:46.000
TFBXDR;2013-01-18;215,35506;1,0;463,44164395421;7,5;8,5;9,0;8,5;6,0;8,5;5,0;9,0;2025-03-07 11:13:45.000
TDCFNW;2018-08-31;;;;;;;;;;;;
T49696;2015-09-02;633,263779;;;7,2;7,0;7,4;9,0;7,0;8,8;8,8;8,8;2024-12-12 16:02:43.000
TDCG19;2022-02-07;;;;;;;;;;;;
TFECYF;2024-12-03;;1,0;408,25340442816;;;;;;;;;
TDCDKA;2014-06-01;;;;;;;;;;;;
T09981;2009-11-26;240,90137;2,0;331,781035048331;9,6;7,6;8,2;9,6;6,8;9,4;8,0;8,4;2024-09-03 17:00:29.000
T41149;2001-12-19;486,951231;;;7,666666666666667;8,0;8,166666666666666;9,0;6,666666666666667;8,666666666666666;8,0;7,833333333333333;2024-04-17 15:41:45.000
T02684;1997-03-07;10496,311686;7,0;95449,9730154069;;;;;;;;;
TDCGGC;2018-07-30;;;;;;;;;;;;
TA2859;2011-07-12;104,075466;1,0;25,1432709175281;8,0;8,0;8,0;9,0;7,0;9,0;8,0;8,0;2021-08-12 16:34:00.000
TFDVCG;2024-08-07;;1,0;0,00420385736791976;;;;;;;;;
TFCRGS;2020-08-28;128,576498;1,0;33,1432114886794;8,5;8,0;9,0;9,0;8,5;9,5;7,5;8,5;2024-10-03 15:16:57.000
TDC8F5;2023-03-14;;;;;;;;;;;;
TFBTPH;2018-02-23;766,734621;;;8,0;8,333333333333334;8,0;9,0;7,333333333333333;9,0;7,666666666666667;8,0;2023-06-23 15:33:05.000
TDCGT1;2024-07-31;;1,0;121,567147365504;;;;;;;;;
T54038;2010-04-27;11424,830174;2,0;25441,8793140862;;;;;;;;;
TFBXMV;2015-12-18;42,565672;;;;;;;;;;;
TFDQQD;2023-11-27;22,138647;1,0;19,8758376355246;;;;;;;;;
TDCEBV;2021-08-10;;;;;;;;;;;;
T17146;2007-12-27;660,426388;5,0;26079,6423115159;8,0;8,0;9,0;9,5;5,5;9,0;9,0;6,5;2024-07-24 17:38:07.000
TB4069;2014-01-10;456,993252;1,0;416,135636993009;10,0;9,25;9,5;9,5;7,5;9,25;9,0;9,0;2024-04-17 16:42:43.000
TFECUT;2024-11-29;565,280929;2,0;58992,7682787343;;;;;;;;;
TDC00W;2017-03-01;301,840239;3,0;8078,97308966819;8,666666666666666;7,0;7,666666666666667;9,666666666666666;7,666666666666667;8,0;7,333333333333333;7,333333333333333;2025-03-07 17:39:10.000
TFECWJ;2024-11-29;;1,0;116,068501928265;;;;;;;;;
TB1549;2014-08-05;194,749125;;;8,333333333333334;6,0;6,666666666666667;7,666666666666667;6,0;8,666666666666666;7,666666666666667;6,666666666666667;2024-07-31 13:45:55.000
TFCRT4;2020-09-29;1308,91331;1,0;0,00420385736791976;8,0;7,0;7,0;7,5;6,5;7,0;8,0;7,5;2024-12-13 15:22:15.000
TDCCNB;2022-08-18;;;;;;;;;;;;
TFEDBQ;2024-12-16;;1,0;1095,38650278675;;;;;;;;;
TFEE44;2025-01-31;;2,0;3770,79279730614;;;;;;;;;
T50630;2020-11-19;;2,0;0,00840771473583952;5,5;6,75;8,0;8,0;6,75;8,5;8,0;7,5;2023-10-20 11:11:54.000
TDC0Q0;2015-06-01;258,357593;;;2,6666666666666665;5,0;6,666666666666667;8,0;5,666666666666667;1,0;6,666666666666667;8,666666666666666;2025-03-17 10:42:14.000
TDCFA2;2024-04-23;;1,0;149,934776884226;;;;;;;;;
T21846;2013-02-14;414,456496;;;0,0;8,0;8,0;9,0;7,0;9,0;8,0;8,0;2021-09-20 11:54:00.000
TFCHC3;2009-11-20;3576,729347;5,0;5638,68013002182;7,5;7,0;7,5;9,0;6,0;8,0;6,25;7,75;2024-12-06 11:26:05.000
TCADST;2014-06-24;65,635148;;;;;;;;;;;
T55238;2005-04-06;1584,743658;;;6,0;6,5;7,5;9,0;7,0;9,0;6,5;6,5;2022-05-09 00:00:00.000
TFDVQV;2024-09-12;5779,925533;1,0;90654,2924033741;;;;;;;;;
TDCEB9;2024-04-02;;1,0;105,096434197994;;;;;;;;;
TDCFZA;2024-07-23;;1,0;45,9019186003159;;;;;;;;;
TDCH0E;2024-01-30;;;;;;;;;;;;
TFCRWC;2020-09-30;;;;;;;;;;;;
T16284;2007-05-30;146,939834;2,0;5333,52632754189;8,5;7,0;5,5;9,0;7,0;8,5;8,5;8,5;2022-04-14 00:00:00.000
T61094;2015-09-02;226,475008;;;9,0;8,0;8,0;4,0;7,0;9,0;9,0;8,0;2024-12-12 11:18:37.000
TEWBJ8;2011-03-24;133,451592;1,0;0,00420385736791976;;;;;;;;;
TEZEE0;2013-09-27;4473,982568;1,0;71595,9915217609;9,2;7,6;7,8;9,0;7,8;8,6;8,4;8,0;2024-11-25 09:09:07.000
TFDRN9;2024-01-29;56,871767;;;;;;;;;;;
TFCPOU;2006-03-01;1120,702896;;;;;;;;;;;
TDCD5I;2023-07-13;;;;;;;;;;;;
TFCY31;2021-10-29;81,03959;;;;;;;;;;;
TFDABJ;2022-01-04;41,278421;1,0;596,951950101974;9,0;8,0;8,0;10,0;9,0;9,0;9,0;8,0;2023-11-14 15:04:34.000
TFDJB9;2023-03-24;179,492582;;;8,0;9,0;9,0;9,0;8,0;10,0;9,0;9,0;2024-04-23 10:54:41.000
TFBXNQ;2002-01-01;23,830576;2,0;249,662885223387;;;;;;;;;
TFCZS8;2021-10-27;2308,994871;;;;;;;;;;;
TFBPTK;2017-11-14;255,848104;;;10,0;8,0;8,0;9,0;7,0;9,0;8,0;8,0;2022-02-16 14:28:00.000
T54271;2008-05-30;1347,224099;2,0;6510,11453924738;9,666666666666666;7,333333333333333;7,333333333333333;9,666666666666666;8,333333333333334;9,666666666666666;8,666666666666666;8,333333333333334;2023-05-26 16:58:48.427
TEZOER;2008-02-08;124,718746;;;10,0;10,0;10,0;10,0;10,0;10,0;10,0;8,0;2023-03-31 13:58:18.923
TEZOLS;2016-05-11;880,551174;2,0;8582,30934004396;7,0;7,0;8,0;7,0;5,0;7,0;5,0;8,0;2024-02-23 14:37:32.000
TDCGTP;2022-06-22;;;;;;;;;;;;
TEZJ23;2014-11-25;417,252849;3,0;41110,0971293467;6,833333333333333;7,833333333333333;7,5;8,166666666666666;6,5;8,5;7,166666666666667;7,666666666666667;2023-10-11 09:14:18.000
T29941;1996-06-11;849,7019;3,0;39281,9698796168;9,0;10,0;10,0;10,0;9,0;9,0;10,0;8,0;2024-07-16 17:10:05.000
T61954;2007-03-30;;;;8,0;8,0;8,0;9,0;7,0;9,0;8,0;8,0;2021-08-31 14:55:00.000
TB2829;2018-09-28;212,797581;;;9,6;8,6;8,8;9,4;7,0;8,8;8,2;8,8;2024-10-11 16:15:46.000
TFAIKV;2016-12-27;224,007929;;;6,0;8,0;8,0;9,0;7,0;9,0;8,0;8,0;2019-09-19 16:33:00.000
T09092;2006-02-20;1215,768808;1,0;818,474214104506;8,0;6,0;8,0;10,0;7,0;10,0;10,0;10,0;2025-02-24 17:30:37.000
TEZMIJ;2015-09-24;52,746621;;;10,0;8,75;9,0;8,5;7,5;9,75;9,5;9,0;2024-07-15 11:04:31.000
TDCE46;2024-07-16;;1,0;108,203084792887;;;;;;;;;
T14466;2002-02-05;444,224075;2,0;142,233310186197;8,666666666666666;7,666666666666667;8,222222222222221;8,444444444444445;6,666666666666667;8,777777777777779;7,888888888888889;6,888888888888889;2025-03-26 09:46:50.000
TFDCC1;2021-09-29;2913,130062;;;;;;;;;;;
TDCACZ;2023-04-25;;1,0;3095,06476398672;;;;;;;;;
TCAHDY;2016-09-05;;;;;;;;;;;;
TDCCCL;2021-06-15;;;;;;;;;;;;
TEZBSF;2013-01-31;231,984206;;;;;;;;;;;
TDC534;2022-03-01;;1,0;1464,67855712903;;;;;;;;;
TFBUF5;2019-10-30;;;;7,0;7,0;7,0;4,0;6,0;6,0;8,0;7,0;2022-05-30 00:00:00.000
T16545;2003-10-03;142,559398;1,0;9874,11687448939;;;;;;;;;
T33437;1999-11-12;1689,301866;1,0;3310,17614550317;;;;;;;;;
TB0050;1998-01-05;241,759309;;;9,0;8,0;8,5;9,0;5,0;8,5;9,0;6,5;2024-07-19 10:24:04.000
T15633;2006-10-18;286,992864;2,0;1997,58474023074;7,2;7,0;6,8;8,4;6,2;8,4;6,8;8,4;2024-10-22 11:18:35.000
TCANFN;2014-05-02;;;;;;;;;;;;
TEZOLU;2014-08-28;250,306759;;;9,0;8,0;8,0;9,0;7,0;9,0;8,0;8,0;2019-08-27 09:14:00.000
T07578;2001-06-30;700,402735;;;7,5;7,5;8,75;8,0;6,5;9,0;7,75;5,5;2023-04-28 16:53:05.027
TB4967;2016-02-28;547,195367;;;9,0;9,0;9,0;9,0;9,0;9,0;8,0;8,0;2023-11-29 14:36:52.000
TDC0BT;2019-01-01;598,932613;;;;;;;;;;;
T15138;2005-12-21;1894,914957;2,0;0,00840771473583952;;;;;;;;;
TDCDD1;2024-04-15;;1,0;120,209301435666;;;;;;;;;
TFCZBG;2021-09-28;401,835005;2,0;2952,59183393055;;;;;;;;;
TDCCLN;2021-07-06;;;;;;;;;;;;
TFDOPF;2023-07-28;30,138948;;;;;;;;;;;
TFBLCV;2017-08-31;;;;7,5;8,0;8,0;9,0;7,0;9,0;8,0;8,0;2021-11-10 11:18:00.000
TFDC76;2022-04-22;11,806533;;;;;;;;;;;
TFDQUO;2023-11-30;566,517391;5,0;6865,10927468136;;;;;;;;;
TDCDBS;2024-05-27;;1,0;93,5904765819976;;;;;;;;;
TFECW1;2024-11-29;;1,0;126,670630210158;;;;;;;;;
TDCF6V;2020-01-13;;;;;;;;;;;;
TDC04Q;2014-07-01;277,587198;2,0;608,747973876357;;;;;;;;;
TCA523;2012-03-28;218,569404;1,0;4,2122650826556;8,0;9,0;10,0;9,0;5,0;10,0;8,0;5,0;2022-08-26 11:56:00.000
TFBNSQ;2016-11-29;;;;;;;;;;;;
TFDCH0;2022-05-02;230,594834;;;9,0;7,5;8,0;9,5;8,5;8,5;8,0;8,5;2025-01-22 09:51:45.000
T49803;2013-08-23;398,160643;;;0,0;8,0;8,0;9,0;7,0;9,0;8,0;8,0;2019-10-02 09:58:00.000
TEWBPO;2011-03-31;232,94112;3,0;766,073132013386;7,25;7,5;8,0;8,75;7,25;8,75;7,5;8,5;2023-03-29 19:14:09.157
TFDU64;2024-05-27;33,511282;1,0;36,4558510946002;;;;;;;;;
TFDS80;2024-02-29;1214,917953;3,0;23788,4349495654;;;;;;;;;
TFBZW9;2018-04-07;360,245115;2,0;33204,4112442416;6,5;6,5;7,5;9,5;8,0;9,25;8,5;7,25;2023-08-03 14:44:34.000
TDC1GZ;2016-02-01;34,319644;;;8,0;8,0;9,0;9,0;8,0;9,0;9,0;10,0;2023-09-21 16:18:55.000
T31188;2007-05-31;382,793921;4,0;21139,3700253134;8,0;7,0;7,8;8,6;6,2;7,8;6,8;8,4;2024-04-29 14:33:42.000
TDCAET;2023-04-28;;;;;;;;;;;;
TDCEUD;2017-09-29;;;;;;;;;;;;
T82275;2009-04-01;1755,675912;1,0;27185,9588434592;;;;;;;;;
TDCDXZ;2018-04-24;;;;;;;;;;;;
T35077;2013-03-26;306,979881;1,0;4534,13762588774;10,0;9,25;9,25;9,75;8,5;9,75;9,0;9,5;2025-03-25 10:31:25.000
TB0888;2011-11-15;;;;7,666666666666667;7,666666666666667;8,333333333333334;8,333333333333334;7,0;8,333333333333334;7,666666666666667;7,0;2025-03-10 11:13:28.000
T08225;2008-12-01;725,559557;;;9,285714285714286;7,714285714285714;7,714285714285714;9,285714285714286;7,714285714285714;9,285714285714286;8,428571428571429;9,0;2024-08-07 14:58:18.000
TEYVVB;2012-08-30;2395,835448;1,0;3004,40437599016;8,2;7,6;8,0;9,2;6,8;9,0;7,2;8,0;2023-03-13 13:46:16.710
TDCGAD;2022-01-18;;;;;;;;;;;;
TB3832;2013-11-10;313,72288;;;8,0;8,0;8,0;9,0;7,0;9,0;8,0;8,0;2021-06-28 17:16:00.000
TEYYTA;2012-09-27;3437,106157;2,0;5429,79886512462;9,0;8,333333333333334;8,666666666666666;9,0;7,666666666666667;9,0;8,0;8,0;2022-06-01 19:09:04.000
TFCPOP;2015-12-05;540,412893;1,0;5633,25295015984;9,5;8,0;8,0;9,0;8,5;9,5;8,0;8,0;2024-07-18 10:32:04.000
TDC09J;2015-05-01;853,371274;1,0;3885,21759100355;7,0;5,0;5,0;9,333333333333334;6,0;7,333333333333333;8,333333333333334;7,0;2024-10-02 17:16:42.000
TFEDR2;2025-01-10;;1,0;162,146982538033;;;;;;;;;
TFECNH;2024-11-19;;1,0;399,782631831801;;;;;;;;;
TAABOV;2010-09-17;482,306855;2,0;19318,0866553785;7,444444444444445;7,666666666666667;8,333333333333334;9,11111111111111;6,555555555555555;8,444444444444445;5,777777777777778;7,777777777777778;2025-02-12 15:16:21.000
T03673;2012-09-26;918,481878;;;6,666666666666667;5,666666666666667;6,0;8,666666666666666;7,0;9,0;7,333333333333333;7,0;2022-11-16 11:32:55.333
TFCVY1;2021-04-30;672,939751;2,0;762,373737529616;7,5;7,5;9,0;6,5;5,0;9,5;7,0;5,5;2023-02-01 18:44:07.273
TDCDEC;2024-03-01;;1,0;120,209301435666;;;;;;;;;
TDCDND;2017-12-14;;;;;;;;;;;;
TFCGOJ;2019-04-30;1084,585556;2,0;145,705696372099;8,0;6,166666666666667;7,666666666666667;3,0;4,5;7,833333333333333;2,6666666666666665;7,166666666666667;2025-01-14 14:45:14.000
TFEBO1;2024-09-27;125,413804;2,0;2316,85929960951;;;;;;;;;
TFCIQ5;2019-07-25;178,773561;;;8,333333333333334;6,333333333333333;7,666666666666667;7,666666666666667;6,0;9,0;7,333333333333333;7,666666666666667;2024-10-22 15:54:22.000
T73839;2009-11-06;2270,776656;3,0;16358,4365449272;8,5;7,666666666666667;7,666666666666667;8,666666666666666;7,0;8,666666666666666;8,0;8,333333333333334;2024-11-18 10:10:50.000
TFDF95;2022-08-31;1074,669158;1,0;459,901996050422;;;;;;;;;
TDC0YR;2020-09-04;95,804074;1,0;2324,83822089383;;;;;;;;;
T03309;1995-09-13;730,343261;;;8,2;8,0;8,0;8,0;6,0;8,2;7,6;8,2;2024-06-28 14:36:37.000
TDC0GM;2021-12-27;38,664277;;;10,0;10,0;10,0;10,0;8,0;10,0;10,0;8,0;2023-11-07 17:19:09.000
TFCJQ4;2019-08-30;33,47386;;;8,0;7,0;9,0;9,0;8,0;9,0;8,0;9,0;2022-04-20 00:00:00.000
TB5497;2019-02-20;289,989518;;;8,333333333333334;7,666666666666667;8,666666666666666;9,0;7,0;9,0;8,0;7,666666666666667;2025-02-26 09:32:04.000
TEZGAL;2014-02-27;168,303468;1,0;366,933690358876;9,0;8,0;9,0;10,0;6,0;9,0;1,0;8,0;2024-05-08 09:22:10.000
TFDPE1;2023-08-29;120,174388;;;;;;;;;;;
TDCGSO;2022-12-29;;;;;;;;;;;;
T80025;2008-06-20;;1,0;2118,37837784055;;;;;;;;;
TFDBYK;2022-04-12;1253,073192;;;8,0;8,0;8,0;9,0;8,0;9,0;7,0;5,0;2023-10-31 11:36:30.000
TF1232;2016-10-28;;;;4,5;5,0;6,5;4,5;4,5;9,0;5,5;4,0;2024-04-03 09:47:58.000
TFDAL0;2022-01-26;38,13513;;;10,0;10,0;10,0;10,0;10,0;10,0;10,0;10,0;2024-11-11 15:05:33.000
TCBCQ4;2016-10-10;;;;;;;;;;;;
TEWOYI;2011-06-30;272,628049;;;10,0;8,0;8,666666666666666;9,666666666666666;8,333333333333334;9,0;8,0;9,666666666666666;2024-07-02 10:28:24.000
TDCFOK;2021-05-13;;;;;;;;;;;;
TDCCE2;2022-11-10;;;;;;;;;;;;
TFDPEL;2023-08-30;256,645258;2,0;408,005376843452;;;;;;;;;
TFEDH3;2024-12-27;2123,029556;2,0;151018,993737986;;;;;;;;;
T31660;2023-07-24;2231,763048;2,0;24254,9243901114;;;;;;;;;
TEXYFV;2011-07-12;301,894423;2,0;246,585661630069;9,0;10,0;10,0;9,0;8,0;8,0;9,0;8,0;2022-08-01 14:27:27.127
TFDQI0;2023-11-01;31,990061;;;;;;;;;;;
TFDHM0;2022-12-22;174,109827;;;10,0;8,0;8,0;8,0;10,0;9,0;10,0;6,0;2024-05-08 17:10:18.000
TEZIHX;2014-09-26;1818,182755;;;10,0;8,0;10,0;8,0;6,0;9,0;5,0;8,0;2024-02-20 15:24:00.000
TFBXX2;2013-01-18;125,8658;2,0;322,549364268379;;;;;;;;;
T11161;2003-10-14;135,935261;;;8,5;9,166666666666666;9,0;9,333333333333334;7,333333333333333;9,666666666666666;8,0;8,166666666666666;2024-10-29 14:16:42.000
TEZG93;2014-02-28;150,300437;;;;;;;;;;;
TFDUKS;2024-06-25;31,79821;1,0;76,4933886666679;;;;;;;;;
TFDJIK;2023-03-31;610,781023;;;;;;;;;;;
TDCDXE;2021-12-09;;;;;;;;;;;;
TFDJDP;2023-03-28;302,844661;;;9,0;9,0;9,0;10,0;7,0;9,0;7,5;8,0;2025-03-05 14:58:25.000
TF1281;2016-10-28;241,872889;1,0;5874,02047319271;2,0;5,666666666666667;7,666666666666667;9,0;7,0;9,0;8,0;8,0;2023-09-25 17:34:41.000
TFBSLX;2009-01-15;288,365517;;;10,0;8,0;8,0;9,0;7,0;9,0;10,0;8,0;2022-09-27 17:02:50.687
T26177;2010-12-20;80,689751;;;9,5;8,75;8,5;9,25;8,0;9,25;9,0;9,0;2024-12-20 09:21:49.000
TFCQTI;2020-07-31;44,308494;;;;;;;;;;;
TFDBU7;2022-03-31;43,757627;;;;;;;;;;;
TFCXDZ;2021-06-30;;;;;;;;;;;;
TFCMCT;2019-11-27;887,551397;;;9,333333333333334;7,666666666666667;8,666666666666666;9,333333333333334;7,666666666666667;9,666666666666666;9,0;8,333333333333334;2024-11-25 10:21:26.000
T59281;2011-09-23;;;;;;;;;;;;
TEZNLE;2016-01-04;;2,0;0,00840771473583952;;;;;;;;;
T15382;2006-08-18;;;;;;;;;;;;
T60392;2013-01-21;1834,595743;3,0;9960,65327840802;4,333333333333333;7,333333333333333;7,0;8,0;6,333333333333333;8,666666666666666;6,0;6,0;2023-11-30 14:41:47.000
TFBO08;2019-04-15;155,963108;;;;;;;;;;;
TFCBHP;2013-03-25;1563,40933;8,0;315061,239127915;10,0;10,0;8,0;9,0;7,0;10,0;10,0;8,0;2024-09-05 15:23:14.000
T50320;2006-10-31;468,582441;1,0;6431,06100144365;7,5;8,5;8,5;8,5;8,0;9,0;8,0;8,0;2022-05-04 00:00:00.000
T30414;2010-06-23;316,755998;;;6,5;5,0;9,0;7,0;6,0;9,0;8,0;4,5;2023-04-03 14:22:59.140
TDCGR5;2020-11-30;;;;;;;;;;;;
T49990;2007-01-02;255,389611;;;10,0;8,666666666666666;9,0;8,833333333333334;8,0;9,166666666666666;8,333333333333334;7,833333333333333;2024-09-23 15:18:40.000
T79808;2016-05-23;;;;;;;;;;;;
T60171;2009-04-24;;;;;;;;;;;;
T61371;2010-08-04;1468,527888;3,0;1870,61984000483;8,333333333333334;8,0;8,666666666666666;9,666666666666666;5,666666666666667;8,333333333333334;8,666666666666666;8,0;2024-11-12 16:08:50.000
TDCDVQ;2024-05-10;;1,0;280,733595029682;;;;;;;;;
TA4315;2010-05-24;41,031449;;;10,0;10,0;10,0;10,0;8,0;10,0;10,0;10,0;2024-06-18 15:24:43.000
T62368;2009-07-27;5178,381769;2,0;0,00840771473583952;7,4;8,2;8,6;8,4;7,4;9,0;8,2;8,2;2024-10-10 14:27:05.000
T03231;2008-05-27;296,840043;2,0;0,00840771473583952;9,0;8,0;8,5;9,5;7,0;9,5;7,0;6,5;2024-04-18 09:29:12.000
TFCHMJ;2019-08-30;390,584268;;;8,8;8,2;8,8;9,0;7,0;8,6;8,0;8,2;2024-06-06 15:23:30.000
TDCEAR;2018-01-16;;;;;;;;;;;;
TFCUFO;2021-02-04;53,263859;;;8,0;6,0;7,0;9,0;3,0;9,0;8,0;2,0;2022-08-15 17:51:23.003
TA3425;2013-01-18;150,038394;1,0;44,3422875168176;;;;;;;;;
TDCH42;2021-09-14;;;;;;;;;;;;
TFDSIO;2024-03-22;1268,270546;2,0;19929,1005083762;;;;;;;;;
T54068;2008-04-30;156,224123;;;9,0;8,0;8,0;9,0;7,0;9,0;8,0;8,0;2019-11-08 09:49:00.000
TDCD6X;2021-08-26;;;;;;;;;;;;
TFBSLI;2013-10-15;3108,554594;1,0;1261,98537027741;9,0;8,0;8,0;9,0;7,0;9,0;8,0;8,0;2024-06-18 09:52:23.000
TB2577;2011-11-11;587,548692;8,0;130801,638933749;8,0;8,0;8,0;9,2;6,4;9,0;8,4;8,2;2024-06-20 09:52:20.000
TDC0DW;2016-03-01;22,822741;;;8,5;7,5;8,5;9,5;7,5;8,5;8,0;10,0;2023-08-23 10:32:28.000
TFECXW;2024-11-30;138,790351;1,0;142,889111935593;;;;;;;;;
TFD589;2021-11-30;135,663381;;;;;;;;;;;
TEZN58;2015-10-31;990,044142;2,0;0,00840771473583952;5,0;8,0;8,0;9,0;7,0;9,0;8,0;8,0;2020-02-19 09:35:00.000
TDCG75;2020-08-19;;;;;;;;;;;;
TB6687;2017-06-05;219,532985;;;10,0;8,0;8,0;9,0;7,0;9,0;8,0;8,0;2022-03-02 15:54:00.000
TFBSTH;2018-01-17;254,238945;;;8,0;7,5;7,5;8,5;5,0;8,5;5,0;6,5;2023-02-15 16:35:24.743
TFCZAS;2021-09-28;208,379169;3,0;6297,08406712805;8,0;3,0;3,0;10,0;7,0;9,0;9,0;8,0;2023-12-28 16:25:21.000
TB0987;2007-07-05;389,91895;;;10,0;7,5;7,5;9,5;7,0;9,5;7,5;9,0;2023-11-17 14:21:57.000
TFDQ69;2023-10-17;195,625725;7,0;28796,0067883709;;;;;;;;;
TFBLYJ;2023-03-30;127,507844;;;;;;;;;;;
TFDPRV;2023-09-26;28,29239;1,0;70,6458230678916;;;;;;;;;
TDCCK7;2022-12-23;;;;;;;;;;;;
TFAIMA;2016-12-29;685,903793;;;7,5;6,0;6,5;9,0;7,0;9,25;6,5;8,25;2023-06-19 10:48:38.000
TDCGIG;2023-10-19;;;;;;;;;;;;
TDCEHI;2023-06-21;;;;;;;;;;;;
TDCEIW;2022-10-06;;;;;;;;;;;;
TFDFUZ;2022-09-27;;;;;;;;;;;;
TCA083;2017-05-02;52,597612;;;10,0;8,0;9,0;9,0;7,0;9,0;9,0;9,0;2022-06-14 18:03:39.000
T07543;2006-10-31;536,257092;3,0;5913,923487329;8,75;7,75;8,0;7,0;6,75;8,5;8,25;7,5;2024-02-08 15:39:40.000
T46970;2013-01-09;897,762267;;;7,25;7,125;7,5;9,125;5,875;8,75;7,75;7,25;2025-01-17 16:36:23.000
TEZAYS;2012-11-22;2966,493846;;;8,2;7,8;8,0;8,8;6,6;8,8;7,8;8,4;2024-01-24 15:54:23.000
TFECQY;2024-11-25;;1,0;226,852755145054;;;;;;;;;
TFBRM5;2017-12-27;3536,911192;2,0;4696,56626686943;5,5;8,0;7,75;9,25;6,0;8,75;7,5;7,5;2024-02-06 16:24:55.000
TFDAJ0;2022-01-21;617,790987;1,0;1206,89381947082;10,0;9,0;9,0;9,0;7,0;9,0;10,0;10,0;2023-09-29 10:47:37.000
TFEELZ;2025-02-26;;1,0;615,865104400245;;;;;;;;;
TDCGEM;2021-01-19;;;;;;;;;;;;
TDCFGO;2023-08-01;;;;;;;;;;;;
T25667;2013-02-01;123,024699;;;8,0;7,25;8,25;9,0;7,25;8,0;8,25;8,25;2022-06-07 17:49:22.000
T58507;2008-12-30;;;;8,0;8,0;8,0;9,0;7,0;9,0;8,0;8,0;2020-07-29 16:21:00.000
TCAQT3;2016-09-06;;;;;;;;;;;;
TDCCJB;2022-11-30;;;;;;;;;;;;
TFCHHC;2019-05-31;957,391801;;;7,0;7,5;9,0;8,5;7,0;9,0;7,5;7,0;2023-10-09 11:16:18.000
T26249;2010-06-02;222,657605;;;9,0;6,666666666666667;8,333333333333334;9,0;8,666666666666666;9,666666666666666;9,333333333333334;9,333333333333334;2024-09-02 08:58:08.000
TDCA4X;2022-11-08;;;;;;;;;;;;
TC3959;2008-07-30;;;;;;;;;;;;
TFCYBB;2021-08-11;105,102791;1,0;22,2552209057672;;;;;;;;;
TFBNK8;2021-12-02;;;;;;;;;;;;
T15411;2006-07-28;;;;;;;;;;;;
TEVOMQ;2010-09-02;1081,109445;3,0;23209,8286330171;8,8;8,2;8,6;9,2;7,8;9,2;8,6;8,2;2024-07-11 09:21:55.000
T20563;1990-08-10;1951,14426;2,0;0,00840771473583952;10,0;7,5;8,0;10,0;5,0;7,0;10,0;7,5;2024-11-27 11:26:47.000
T09057;2002-06-06;;;;;;;;;;;;
TFCHEO;2019-05-29;;;;10,0;8,0;9,0;9,0;7,0;9,0;8,0;8,0;2023-08-15 11:00:51.000
TFDQJS;2023-11-08;1119,831188;5,0;15067,3941125227;8,0;9,0;8,0;10,0;7,0;10,0;8,0;8,0;2025-02-06 11:59:32.000
TDCHBE;2024-09-18;;1,0;96,4995458805981;;;;;;;;;
TFCWI7;2021-05-26;120,307865;;;8,5;7,0;7,0;8,0;7,5;9,0;7,5;6,5;2023-12-04 13:49:32.000
TFCIA8;2019-06-28;578,96332;;;;;;;;;;;
T03213;2013-09-25;99,721501;;;5,333333333333333;7,333333333333333;7,666666666666667;8,666666666666666;5,666666666666667;8,333333333333334;7,666666666666667;8,0;2023-05-19 18:27:40.587
TFBKU3;2017-07-31;138,40956;1,0;3765,26472486732;9,5;9,0;9,0;8,5;8,5;9,5;9,0;9,0;2023-12-14 13:52:59.000
T13941;2006-05-11;238,623208;;;;;;;;;;;
TDC32C;2023-11-23;;;;;;;;;;;;
TFDAJH;2021-11-09;;;;;;;;;;;;
TFBWG8;2018-04-03;545,404251;1,0;1908,68576847134;7,5;7,0;9,0;9,0;6,0;7,5;8,0;8,0;2023-12-12 09:07:55.000
TDCGLR;2013-07-22;914,322162;1,0;6318,20424654447;;;;;;;;;
TEZUU2;2016-09-28;2294,732781;;;9,857142857142858;7,857142857142857;8,857142857142858;9,428571428571429;7,142857142857143;9,285714285714286;8,285714285714286;8,285714285714286;2025-02-06 17:08:40.000
TFDGM0;2022-11-03;253,724481;1,0;439,525899388115;8,0;7,5;7,5;5,0;7,0;8,0;6,5;8,0;2025-01-15 11:47:16.000
T44141;2008-05-26;200,566964;;;8,666666666666666;8,0;8,0;9,0;7,0;9,0;8,0;8,0;2021-11-05 15:49:00.000
TB0740;2011-03-08;96,878539;;;8,571428571428571;8,285714285714286;8,571428571428571;9,142857142857142;7,0;9,0;8,285714285714286;8,0;2024-09-16 09:39:22.000
T07762;2001-07-31;5480,681093;;;5,0;8,0;8,0;10,0;6,0;0,0;7,0;9,0;2024-10-10 15:15:22.000
TEZODU;2014-05-03;389,603638;1,0;17111,8392508337;9,0;8,428571428571429;8,428571428571429;9,285714285714286;7,142857142857143;9,0;8,428571428571429;8,428571428571429;2024-11-19 09:19:16.000
T24360;2011-10-20;201,47391;;;8,0;8,0;8,0;9,0;7,0;9,0;8,0;8,0;2020-03-02 16:19:00.000
TB3668;2013-11-05;150,384082;1,0;1472,21607338971;8,2;7,0;8,2;9,4;7,4;9,4;7,8;9,0;2024-05-14 14:37:38.000
TCAQW2;2016-09-22;;;;;;;;;;;;
TDC89Y;2022-03-09;;;;;;;;;;;;
TFDC87;2022-04-25;;;;;;;;;;;;
T00737;1991-09-04;;;;9,0;7,0;8,0;8,666666666666666;6,666666666666667;8,666666666666666;8,666666666666666;6,666666666666667;2024-03-11 10:16:56.000
TFCHO2;2017-01-04;223,895461;;;;;;;;;;;
TDCC7A;2021-04-27;;;;;;;;;;;;
T98877;2010-03-29;106,381693;;;;;;;;;;;
TFEDUF;2025-01-23;315,137963;1,0;3475,00518904194;;;;;;;;;
TEZAN4;2012-10-15;;;;;;;;;;;;
TFCDDF;2018-12-05;25,005975;;;;;;;;;;;
TFBSL7;2009-04-09;854,375245;1,0;111,889867704552;7,5;8,5;8,0;9,0;7,0;9,0;8,5;9,0;2024-04-17 16:00:12.000
TDCCUI;2018-03-22;;;;;;;;;;;;
TA2702;2011-06-02;137,480795;;;;;;;;;;;
TA8589;2022-10-31;3234,638933;;;;;;;;;;;
TFDQYY;2023-12-06;1455,04366;1,0;3387,61960593499;8,0;8,0;8,0;8,0;6,0;8,0;8,0;8,0;2024-12-11 09:50:53.000
TDCG2A;2023-11-22;;;;;;;;;;;;
TD0344;2010-11-05;315,27659;;;9,2;7,8;9,2;9,4;7,2;9,6;8,8;7,8;2024-08-30 10:27:56.000
TEZHH2;2014-06-26;1403,352235;2,0;232,948348328538;7,75;8,0;8,0;9,25;7,75;9,25;8,0;8,0;2022-08-09 13:53:32.663
T54053;2008-05-30;574,565441;;;7,666666666666667;8,0;8,0;9,0;7,0;9,0;8,0;8,0;2021-08-23 11:03:00.000
TFDE26;2022-07-21;185,713052;3,0;526,940909496638;;;;;;;;;
TDCFYZ;2023-07-03;;;;;;;;;;;;
T29412;1996-01-12;;;;;;;;;;;;
TDCC79;2021-02-15;;;;;;;;;;;;
TDCH4G;2021-08-30;;;;;;;;;;;;
TFDVM0;2024-08-30;777,235214;1,0;6645,18447647864;;;;;;;;;
TDCD8S;2021-01-11;;;;;;;;;;;;
TFCIP4;2011-08-30;108,466594;;;8,0;9,0;9,0;9,0;7,0;9,0;8,0;8,0;2022-10-13 16:47:30.070
TFCUMB;2021-02-19;;3,0;36,6660439629961;;;;;;;;;
TDCH72;2021-06-30;;;;;;;;;;;;
TFBRNO;2017-12-28;1052,251735;3,0;6014,95058759485;8,75;8,0;8,0;9,0;7,0;9,0;8,0;8,0;2022-01-17 15:09:00.000
T10010;2003-02-27;399,302457;;;8,8;8,0;8,0;8,8;6,8;8,8;8,4;8,2;2024-05-24 08:35:44.000
TEF203;2019-03-13;66,841816;;;;;;;;;;;
T15176;2006-04-01;220,447458;1,0;87,1543709517125;5,0;8,0;8,25;9,0;7,0;9,0;6,75;6,75;2024-03-22 10:35:13.000
T14551;2005-12-23;178,531516;;;;;;;;;;;
TFDCKW;2022-05-13;107,375175;1,0;46,2130040455419;;;;;;;;;
TFECAU;2024-10-31;52,398629;1,0;702,060995872072;;;;;;;;;
TFDQEG;2023-10-27;;1,0;3976,41186888583;;;;;;;;;
TFCTD6;2020-12-08;753,583089;;;10,0;8,5;9,0;9,5;7,0;9,5;9,0;8,0;2022-05-04 00:00:00.000
TD0512;2014-10-16;;;;;;;;;;;;
TEZDH6;2013-07-01;85,329596;;;;;;;;;;;
T13617;2009-11-23;140,285145;;;8,0;7,4;8,2;7,8;6,6;9,0;8,0;8,0;2023-10-03 15:40:02.000
T78573;2012-03-14;919,517729;1,0;14558,5802359966;6,666666666666667;8,333333333333334;8,333333333333334;9,0;5,333333333333333;7,333333333333333;8,0;7,0;2024-01-19 10:15:18.000
TDC0O9;2022-10-14;407,138735;;;8,0;6,0;6,0;10,0;8,0;8,0;6,0;9,0;2024-09-04 10:42:35.000
TFBKF7;2022-06-29;32,99365;;;7,0;7,0;9,0;9,0;6,0;8,0;5,0;8,0;2023-09-29 10:59:41.000
TFCNZA;2020-02-08;161,838888;;;6,0;7,5;8,0;8,5;7,0;8,5;8,0;7,5;2024-06-14 15:06:42.000
TDCFQH;2012-04-10;;;;;;;;;;;;
TFCQDV;2020-06-30;320,879915;;;9,0;8,0;8,333333333333334;8,666666666666666;7,0;9,0;8,666666666666666;8,0;2023-12-14 14:24:48.000
TEZOKY;2016-05-06;675,116614;;;10,0;9,0;9,0;9,5;7,5;9,5;9,0;9,0;2024-05-14 09:42:54.000
TCAXRU;2010-10-09;52,119423;;;9,0;10,0;8,0;10,0;9,0;8,0;9,0;9,0;2022-08-16 20:35:21.660
TFDEQZ;2024-09-12;594,634268;1,0;76,1108376461873;;;;;;;;;
T53357;2008-12-23;5319,758694;;;;;;;;;;;
TFEEOB;2025-02-28;;1,0;353,54860849942;;;;;;;;;
T79935;2010-05-26;403,253587;4,0;19324,674099874;7,857142857142857;6,857142857142857;6,857142857142857;8,142857142857142;6,285714285714286;8,428571428571429;8,0;8,285714285714286;2024-08-22 10:07:36.000
TFCPV5;2020-06-09;;;;;;;;;;;;
TFEEGE;2025-02-20;;1,0;181,648676867813;;;;;;;;;
TB4798;2015-06-15;;;;;;;;;;;;
TFCBUC;2018-12-28;207,325791;1,0;2858,62301018544;;;;;;;;;
TA2868;2009-05-18;161,257843;;;9,0;8,0;10,0;9,0;8,0;9,0;8,0;8,0;2024-02-01 16:51:19.000
TEYJI6;2012-07-05;1063,528082;1,0;1527,90036808517;9,2;8,2;8,0;9,4;8,2;8,4;8,4;8,8;2025-02-13 15:18:14.000
TEVVQ8;2013-07-22;972,335994;1,0;0,00420385736791976;10,0;10,0;10,0;10,0;9,0;9,0;10,0;10,0;2023-08-02 11:14:06.000
TEVVOE;2010-10-01;5378,92108;2,0;6345,02065269443;7,0;8,0;8,0;9,0;7,0;9,0;8,0;8,0;2019-04-17 15:53:00.000
TFDIED;2023-01-31;53,764891;1,0;170,151126966552;;;;;;;;;
TFBZUS;2018-06-29;;1,0;7008,0194059038;8,333333333333334;8,0;8,0;9,0;7,0;9,0;8,0;8,0;2021-08-31 14:36:00.000
T78458;2024-12-31;3545,21381;1,0;22175,385450493;;;;;;;;;
TA3007;2007-12-13;39,389487;;;10,0;9,0;9,0;10,0;7,5;9,5;9,0;10,0;2024-11-22 09:01:00.000
TFCTGM;2020-12-13;46,047274;;;;;;;;;;;
TCBL46;2016-09-21;49,156674;;;;;;;;;;;
TC0504;2022-08-03;;;;;;;;;;;;
T07499;2004-10-01;822,136934;9,0;50300,1034789251;8,0;8,0;8,5;9,0;7,5;8,0;9,0;9,0;2023-07-12 16:30:26.000
TFCRW9;2020-09-30;;2,0;0,00840771473583952;7,5;7,5;7,0;10,0;8,5;9,0;8,0;8,0;2023-10-03 14:49:25.000
TDCH1K;2022-12-15;;;;;;;;;;;;
TFCSL6;2020-11-09;378,15904;;;10,0;8,0;8,0;9,0;7,0;9,0;8,0;8,0;2021-10-27 10:12:00.000
TDCFTL;2022-07-15;;;;;;;;;;;;
TDCEI7;2020-07-03;;;;;;;;;;;;
TFDUKI;2024-06-24;97,251615;1,0;248,64555174035;;;;;;;;;
TFCQ72;2020-06-25;;2,0;0,00840771473583952;;;;;;;;;
TFDSA7;2024-02-29;1025,059778;1,0;2350,38085826131;;;;;;;;;
T54085;2008-09-28;;;;;;;;;;;;
TFEEAP;2025-02-06;;1,0;215,081954514879;;;;;;;;;
TFDTQ0;2024-04-30;827,6541;1,0;7341,26758717353;;;;;;;;;
T10413;2003-04-30;964,736423;3,0;42253,2983058362;8,25;8,0;8,5;9,0;7,5;9,0;8,25;7,5;2023-12-11 14:16:44.000
TB6121;2017-06-06;;;;10,0;8,0;8,0;10,0;6,5;9,5;8,5;9,0;2024-05-09 15:36:04.000
T80295;2010-09-28;917,695994;8,0;30466,1993206455;7,8;8,0;8,2;9,2;7,2;8,6;7,0;7,8;2025-03-18 14:35:08.000
TEZNK3;2021-06-30;1274,908739;;;;;;;;;;;
TFDPUC;2023-09-28;;;;;;;;;;;;
TA2805;2009-12-14;118,080748;1,0;44,2582103694592;8,5;9,0;9,0;9,0;8,0;9,5;8,0;7,5;2023-09-13 14:42:11.000
TDCG1J;2019-08-01;;;;;;;;;;;;
T29632;2009-11-05;1327,413132;1,0;1944,15791694185;8,0;8,0;8,25;9,0;7,25;9,0;8,0;7,5;2022-12-14 17:50:14.667
T61052;2015-09-02;494,136661;1,0;1476,70999691601;10,0;9,428571428571429;9,142857142857142;9,714285714285714;9,142857142857142;9,714285714285714;9,142857142857142;9,428571428571429;2025-01-17 15:08:17.000
TFDVI2;2024-08-27;208,58654;1,0;8053,75835317541;;;;;;;;;
TFDNWX;2023-06-21;;;;;;;;;;;;
TFCTWO;2014-11-18;;;;;;;;;;;;
TB4603;2015-07-10;452,083758;;;10,0;8,0;10,0;9,0;7,0;9,0;8,0;8,0;2023-12-29 10:28:57.000
TFCMRP;2022-05-23;476,288975;4,0;6251,51845711716;;;;;;;;;
T58228;2008-11-28;2573,169141;2,0;0,00840771473583952;8,8;7,6;7,8;8,6;7,0;8,0;8,0;7,8;2024-10-31 10:00:53.000
TFDTKU;2024-04-17;233,619611;4,0;19539,2642030769;;;;;;;;;
TFDITP;2023-03-02;71,216415;;;;;;;;;;;
T37238;2002-06-04;485,225777;1,0;533,906701155281;8,25;7,5;8,25;8,75;7,25;6,5;7,75;7,25;2025-03-20 11:12:01.000
TFDV80;2024-07-31;88,573961;1,0;216,713051173632;;;;;;;;;
TEYJDF;2012-06-29;;1,0;39983,9131674826;;;;;;;;;
TDCF3I;2024-06-11;;1,0;108,203084792887;;;;;;;;;
TEZJGW;2014-12-23;75,156694;;;9,4;8,0;8,0;9,0;7,4;9,4;8,2;8,8;2024-12-19 16:03:01.000
TFDV03;2024-07-29;82,557152;2,0;3005,16527417375;;;;;;;;;
TFCPJ3;2020-05-12;;2,0;195,504590752476;;;;;;;;;
TFCSHA;2020-10-29;368,857074;1,0;85,6746131582047;;;;;;;;;
TA9001;2014-08-27;310,800273;1,0;1188,80882507403;6,8;7,8;7,2;6,6;4,2;7,4;7,0;7,8;2024-12-05 15:47:59.000
TEXHSA;2011-11-08;164,819453;;;8,5;8,5;9,0;9,5;8,5;9,0;8,5;8,0;2023-06-28 18:11:20.000
TDCHDS;2024-09-30;;1,0;117,052204552358;;;;;;;;;
TFDDZF;2022-07-19;45,07544;1,0;36,4558510946002;9,5;10,0;10,0;10,0;9,5;10,0;10,0;9,0;2024-09-05 16:35:57.000
TDC81T;2022-06-15;;;;;;;;;;;;
TFDRDR;2023-12-27;73,077871;1,0;1243,42533999804;;;;;;;;;
TFDEOX;2022-08-18;49,224777;;;;;;;;;;;
T77993;2006-09-20;;1,0;2451,63917068239;7,0;8,0;8,0;9,0;7,0;9,0;8,0;8,0;2019-08-26 09:46:00.000
TFCTXP;2021-01-14;52,476751;;;;;;;;;;;
TFDGFX;2022-10-26;148,26218;;;8,0;8,0;8,0;9,0;7,0;9,5;8,0;7,5;2024-10-25 11:31:55.000
TFCYO8;2021-08-31;1041,821426;2,0;9396,68058935738;6,75;7,5;8,75;7,75;8,0;8,5;5,5;8,0;2025-01-28 15:44:09.000
T06358;2009-09-22;327,086038;;;8,0;7,0;7,0;8,75;7,0;8,75;8,0;8,0;2024-11-06 14:31:42.000
T21308;2001-09-26;752,162789;1,0;178,66393813659;10,0;10,0;10,0;10,0;8,0;10,0;8,5;10,0;2023-06-05 09:34:18.000
T08391;2002-01-15;324,17335;;;7,8;8,0;8,2;8,8;7,0;9,0;8,0;8,6;2025-01-15 10:53:17.000
T62369;2012-09-11;1580,465723;;;;;;;;;;;
TFDQDF;2023-10-27;195,359933;2,0;4419,12849601619;;;;;;;;;
TDC0VF;2020-06-01;129,062301;;;7,0;4,0;7,0;8,0;4,0;5,0;3,0;6,0;2024-08-07 16:42:59.000
T18412;2016-06-02;;;;;;;;;;;;
TEWRGO;2011-07-26;162,383449;;;9,0;8,75;8,75;9,0;3,5;9,0;8,25;5,5;2024-08-08 16:44:38.000
TDCDRA;2022-07-29;;;;;;;;;;;;
TCB167;2014-06-26;119,098189;;;;;;;;;;;
TDCGKW;2021-03-11;;;;;;;;;;;;
T73765;2009-11-05;981,568675;2,0;14027,2547032652;5,5;8,0;8,0;9,0;7,0;9,0;8,0;8,0;2021-11-03 15:19:00.000
TEF040;2018-02-06;36,959343;;;10,0;10,0;10,0;10,0;8,0;10,0;10,0;8,0;2022-10-04 12:51:42.227
TFCPPT;2020-01-24;215,732638;;;;;;;;;;;
T77824;2007-05-09;;;;;;;;;;;;
T40143;2012-05-31;2265,71579;1,0;365,395078562218;8,5;7,833333333333333;8,166666666666666;9,166666666666666;7,166666666666667;8,833333333333334;8,0;8,333333333333334;2024-07-01 11:45:36.000
T05375;2010-05-14;;;;;;;;;;;;
TFCGCK;2019-04-16;243,630552;;;9,25;9,0;9,0;9,5;7,0;9,25;8,0;8,5;2023-11-14 13:40:39.000
TFDA37;2021-12-28;513,408992;1,0;393,544107497808;6,0;7,0;7,0;4,0;6,0;9,0;6,5;7,5;2024-04-17 11:11:21.000
TFCTZB;2021-01-20;1385,687026;;;10,0;8,0;8,0;9,0;7,0;9,0;8,0;8,0;2021-08-04 10:54:00.000
T56307;1990-06-27;1621,518253;1,0;415,79092068884;10,0;8,0;8,0;9,0;7,0;9,0;8,0;10,0;2024-01-29 16:29:38.000
TFDDL4;2022-06-29;1337,39445;;;;;;;;;;;
TEVYXQ;2009-09-29;697,147931;;;10,0;9,0;10,0;10,0;8,0;9,0;10,0;9,0;2023-09-29 09:07:10.000
TFDHQ0;2022-12-28;427,630775;1,0;3238,20610736438;;;;;;;;;
TFDF86;2022-08-31;221,298747;;;;;;;;;;;
TFDR37;2023-12-12;;;;;;;;;;;;
TFDJ61;2023-03-20;1561,050785;;;;;;;;;;;
TB1720;2009-06-16;1365,532844;;;;;;;;;;;
TB6627;2017-09-10;379,147369;3,0;1034,90981069185;6,0;8,0;8,0;9,0;7,0;9,0;8,0;8,0;2019-10-02 09:25:00.000
TFCXDA;2021-06-29;1185,325788;2,0;2884,48514071288;8,666666666666666;6,666666666666667;7,333333333333333;9,0;6,0;8,666666666666666;7,333333333333333;7,333333333333333;2024-10-07 16:42:05.000
TFDHNL;2022-12-26;877,837228;1,0;6893,07333389277;8,0;8,0;8,0;9,0;6,0;9,0;8,0;8,0;2024-06-07 10:01:28.000
TFCVEG;2021-03-26;84,234966;;;3,6666666666666665;3,3333333333333335;5,0;3,0;1,6666666666666667;9,0;2,6666666666666665;5,333333333333333;2024-03-13 16:00:09.000
TB1726;2009-10-05;433,92054;1,0;33,6308589433581;9,5;7,75;8,25;9,5;7,0;9,5;8,5;7,75;2024-03-20 17:56:12.000
TEZUOA;2014-12-17;669,807537;1,0;10114,2285957729;6,0;8,0;8,0;9,0;7,0;9,0;8,0;8,0;2019-11-19 10:54:00.000
TDC16F;2024-09-30;30,595813;1,0;267,491444320734;;;;;;;;;
TDCDSE;2022-08-17;;;;;;;;;;;;
TFCDQR;2023-03-07;40,733275;1,0;54,1120520398632;;;;;;;;;
TEXHRS;2011-11-22;290,245286;2,0;5649,33270459213;8,5;7,833333333333333;7,833333333333333;8,666666666666666;6,166666666666667;8,833333333333334;7,666666666666667;8,5;2024-10-22 10:10:01.000
T45722;2013-01-07;522,733689;;;;;;;;;;;
TDCGL8;2015-02-23;;;;;;;;;;;;
TAA619;2010-02-26;2735,668788;1,0;374,651972486377;8,5;7,5;8,0;8,25;7,0;8,0;7,75;8,5;2025-03-05 16:02:16.000
TFDTYI;2024-05-17;179,681271;2,0;7051,63442609596;;;;;;;;;
TB3714;2013-07-05;185,352598;;;4,0;6,0;6,0;8,0;4,0;2,0;8,0;4,0;2022-09-30 13:31:22.167
TFCGT7;2019-05-16;;;;9,0;8,0;8,0;9,0;7,0;9,0;8,0;8,0;2021-09-03 15:47:00.000
T53780;2008-04-04;4555,120856;;;5,666666666666667;7,333333333333333;7,666666666666667;6,666666666666667;6,0;8,333333333333334;7,666666666666667;6,333333333333333;2024-11-22 15:59:27.000
TFBWWF;2018-04-26;31,481124;;;;;;;;;;;
T02500;2002-01-29;207,838492;;;8,0;8,0;8,0;9,0;7,0;9,0;8,0;8,0;2021-06-22 10:12:00.000
TFDUAU;2024-05-29;527,57756;1,0;552,008510981544;;;;;;;;;
TFDVSQ;2024-09-19;165,241021;1,0;4993,39643176087;;;;;;;;;
TDCDNJ;2021-01-28;;;;;;;;;;;;
T04851;1991-09-23;722,319722;2,0;1065,94688963921;8,75;7,5;9,0;8,75;8,0;9,0;8,0;8,25;2024-06-19 17:58:17.000
TDCDK6;2014-10-03;;;;;;;;;;;;
TFEDW4;2025-01-27;63,05786;1,0;315,289302593982;;;;;;;;;
TEZFF9;2009-06-05;1117,276729;;;8,0;8,0;8,5;9,0;7,5;9,0;8,0;8,0;2023-03-06 19:13:23.930
TFEEMD;2025-02-27;;1,0;615,865104400245;;;;;;;;;
TFBER3;2017-02-16;547,254817;1,0;122,748431285889;8,75;8,25;8,25;9,0;7,25;9,25;7,75;8,5;2024-10-23 09:22:59.000
TFDTS9;2024-04-30;;1,0;1680,65593326327;;;;;;;;;
TFDUG8;2024-06-13;66,700502;1,0;69,5990625832795;;;;;;;;;
TFDCUE;2022-05-27;;;;;;;;;;;;
TDCH6Z;2022-06-30;;;;;;;;;;;;
TDCDOF;2024-06-28;;1,0;134,620124492894;;;;;;;;;
TDC865;2022-02-16;;2,0;2247,42839132095;;;;;;;;;
TFBLBY;2017-08-30;1727,196838;5,0;13572,2754241926;8,5;7,25;7,5;8,75;6,75;8,25;7,75;7,25;2024-10-31 14:48:04.000
TFECKX;2024-11-19;878,554461;4,0;22427,1250412562;;;;;;;;;
TFEEGB;2024-12-12;;1,0;522,224181529832;;;;;;;;;
TFAOX1;2017-01-23;305,649857;;;8,333333333333334;5,666666666666667;6,666666666666667;9,0;7,666666666666667;9,0;8,0;6,0;2025-03-18 09:36:51.000
TB2610;2011-09-01;329,38964;1,0;8165,32032000527;9,333333333333334;8,333333333333334;8,333333333333334;8,666666666666666;7,333333333333333;9,0;8,0;8,0;2024-10-23 10:14:08.000
TEZENA;2013-10-02;112,805423;1,0;289,267425486559;8,0;8,0;8,5;7,5;9,0;7,5;7,0;7,5;2023-02-13 14:11:23.970
TFEEEN;2025-02-14;;1,0;615,865104400245;;;;;;;;;
TEZGV5;2006-08-21;187,619695;;;;;;;;;;;
TFCY42;2021-08-04;29,089011;;;;;;;;;;;
T00292;2004-02-18;181,294905;;;9,5;8,0;8,0;9,0;7,5;8,5;8,0;8,5;2022-10-31 17:31:59.963
T42168;2002-05-23;1519,573819;;;10,0;8,5;8,5;9,0;7,5;9,0;8,5;8,5;2022-05-24 00:00:00.000
TA2853;2006-01-23;15,591056;;;10,0;8,0;8,0;9,0;7,0;9,0;8,0;8,0;2023-03-31 14:51:44.963
T18982;2011-02-28;155,368012;;;8,0;6,6;7,0;8,6;6,2;8,6;7,0;8,0;2024-07-12 15:56:27.000
TA2617;2006-03-07;214,637396;;;8,0;8,0;8,5;9,0;7,0;8,75;8,5;8,0;2023-02-14 13:39:28.043
TFDHW1;2023-01-09;856,241218;;;;;;;;;;;
TEZINZ;2014-04-01;152,469271;;;10,0;8,0;8,0;9,0;7,0;9,0;8,0;8,0;2021-08-31 17:21:00.000
T12276;2004-08-09;243,225378;;;;;;;;;;;
TDCG3Y;2021-11-30;;;;;;;;;;;;
TFCONO;2024-11-29;;1,0;1418,11242906458;;;;;;;;;
TDCD7V;2021-06-07;;;;;;;;;;;;
TFCLB9;2019-11-21;53,453145;;;10,0;7,0;8,5;9,5;7,0;8,5;8,5;9,0;2023-04-27 20:35:34.297
T50149;2006-09-29;3497,672511;4,0;2281,64358643845;7,8;8,0;8,0;9,2;7,0;9,0;7,6;8,2;2024-04-02 14:01:57.000
TFCOJN;2020-02-28;99,558628;1,0;12,5527181006084;6,666666666666667;5,666666666666667;9,0;9,333333333333334;4,666666666666667;8,333333333333334;8,666666666666666;7,666666666666667;2024-01-30 14:54:52.000
TFCJTV;2019-12-26;2977,400566;1,0;1796,68239661786;;;;;;;;;
TFBLAC;2017-08-24;452,137147;;;9,0;6,5;7,5;8,0;7,5;8,5;8,0;8,0;2025-03-11 11:08:28.000
T55295;2011-06-30;545,042719;;;8,666666666666666;8,0;8,333333333333334;8,333333333333334;8,666666666666666;9,333333333333334;8,666666666666666;8,333333333333334;2024-08-30 15:54:01.000
TB5740;2019-05-27;155,161502;;;;;;;;;;;
TFCSJR;2020-11-04;55,197374;;;;;;;;;;;
TA3188;2014-03-07;195,986611;;;;;;;;;;;
TDCEHC;2020-02-05;;;;;;;;;;;;
TEZOHF;2016-04-25;;;;;;;;;;;;
TAAJZ3;2013-02-28;1295,342715;3,0;1022,30244244546;9,0;8,571428571428571;8,571428571428571;8,714285714285714;7,142857142857143;8,571428571428571;8,0;8,571428571428571;2023-04-28 17:48:58.540
TA4345;2010-05-28;389,040584;1,0;0,00420385736791976;;;;;;;;;
TA2879;2015-10-23;105,066952;;;5,333333333333333;5,666666666666667;8,333333333333334;8,666666666666666;6,333333333333333;8,333333333333334;7,0;7,333333333333333;2025-02-05 15:45:25.000
T15314;2007-03-22;1540,402639;2,0;29533,1531778357;7,666666666666667;7,333333333333333;7,666666666666667;9,0;7,0;9,0;8,0;8,0;2025-03-10 17:38:36.000
TFCQPY;2020-07-29;19,020837;;;;;;;;;;;
TDCEFR;2013-07-24;;;;;;;;;;;;
TFDQQB;2023-11-27;56,172911;;;;;;;;;;;
TFDU93;2024-05-29;2935,186751;3,0;40840,0287204595;;;;;;;;;
TDCGH1;2022-10-07;;;;;;;;;;;;
TA2644;2012-06-20;100,352828;1,0;323,285039307765;7,0;8,0;9,0;9,0;8,0;8,0;8,0;7,0;2024-03-06 15:33:41.000
TB1557;2009-03-17;534,64222;;;9,333333333333334;8,0;7,5;9,166666666666666;7,333333333333333;8,666666666666666;8,166666666666666;7,833333333333333;2024-11-12 17:12:55.000
TDCFD9;2022-03-08;;;;;;;;;;;;
TEYJC1;2012-06-29;143,142107;;;8,0;8,0;8,0;9,0;6,333333333333333;9,0;8,333333333333334;8,333333333333334;2022-08-26 17:39:56.357
T34317;2013-08-20;;;;;;;;;;;;
T54400;2013-05-02;;;;;;;;;;;;
T73740;2010-02-12;4012,338923;4,0;34043,383466872;8,0;8,0;8,0;9,0;7,0;9,0;8,0;8,0;2020-03-19 11:42:00.000
T74367;2011-10-06;379,582261;1,0;3281,69501183551;9,666666666666666;8,666666666666666;8,666666666666666;7,833333333333333;6,833333333333333;9,0;8,666666666666666;8,666666666666666;2023-07-25 09:26:32.000
TEXKSA;2012-01-20;1465,865558;3,0;7948,85109255897;8,25;8,0;8,0;9,0;7,0;9,0;8,0;8,0;2021-09-02 11:29:00.000
TFECZZ;2024-12-05;61,618039;1,0;63,1209183793152;;;;;;;;;
TFDIPE;2023-02-24;71,592014;;;9,0;7,0;8,0;8,0;7,0;8,0;8,0;7,0;2024-01-29 11:28:48.000
TFCYOB;2021-08-31;570,569543;3,0;17806,8377663277;7,0;8,0;8,0;9,0;7,0;8,0;6,0;7,0;2025-01-15 17:51:20.000
TDCF92;2023-01-04;;;;;;;;;;;;
T12377;2004-09-15;997,449904;15,0;45734,037556328;7,5;8,0;8,0;9,0;7,0;9,0;8,0;8,0;2020-08-24 14:40:00.000
TDCGTE;2021-11-22;;;;;;;;;;;;
TB3936;2014-01-15;374,436347;1,0;1039,13889120398;8,6;7,6;7,8;9,0;7,4;9,0;8,2;8,4;2025-01-15 14:44:46.000
TFEBRR;2024-09-30;;1,0;149,934776884226;;;;;;;;;
T16716;2007-09-11;237,391559;;;9,0;9,0;8,0;9,0;7,0;10,0;8,0;10,0;2022-04-18 00:00:00.000
TFCTVE;2010-07-01;1131,531468;1,0;17536,3783987052;9,0;7,666666666666667;8,0;9,333333333333334;8,0;9,333333333333334;8,0;8,666666666666666;2025-02-05 11:30:51.000
TAACDW;2010-09-30;596,989639;2,0;0,00840771473583952;8,0;8,25;8,5;8,75;7,0;8,5;7,5;8,0;2024-11-14 16:10:39.000
TEZFLW;2014-01-03;108,941873;;;8,0;8,25;8,25;9,0;7,0;8,5;7,75;8,5;2024-02-19 15:05:02.000
TFC835;2018-08-13;104,147185;;;10,0;9,333333333333334;9,333333333333334;9,666666666666666;7,666666666666667;9,666666666666666;9,333333333333334;6,333333333333333;2025-01-30 10:25:27.000
TFDIEO;2023-01-31;1145,535732;1,0;9418,89797554684;;;;;;;;;
TEZBKX;2012-12-20;109,879644;;;9,0;8,166666666666666;8,166666666666666;9,0;6,833333333333333;9,0;8,0;8,5;2025-01-17 14:48:59.000
TFDPC3;2023-08-29;1120,794766;;;;;;;;;;;
TFCLCO;2019-10-24;1257,960065;3,0;5758,77172345118;;;;;;;;;
TFCQMJ;2020-04-30;999,557254;3,0;4453,44878756789;8,0;7,0;8,0;8,0;6,0;8,0;8,0;6,0;2023-09-05 14:53:30.000
TFDIQL;2023-02-28;60,102898;;;;;;;;;;;
T10703;2006-03-31;787,499431;5,0;9407,42144493241;9,333333333333334;7,333333333333333;7,5;8,333333333333334;5,666666666666667;8,0;8,166666666666666;7,833333333333333;2024-08-09 09:54:38.000
TDCDS7;2022-03-09;;;;;;;;;;;;
TDCD1R;2017-12-20;;;;;;;;;;;;
TEZFGK;2013-12-06;94,607707;;;9,0;7,0;9,0;9,0;5,0;6,0;7,0;8,0;2022-04-29 00:00:00.000
TA6133;2010-06-29;93,146771;;;4,666666666666667;2,6666666666666665;7,333333333333333;6,333333333333333;0,0;6,333333333333333;7,0;4,0;2024-11-21 14:16:00.000
TB4910;2015-12-01;255,480273;;;8,5;8,0;8,0;8,5;7,0;9,0;8,0;8,0;2024-02-19 10:00:49.000
TDCEGC;2022-08-31;;;;;;;;;;;;
T06680;2000-09-30;;;;;;;;;;;;
TB0701;2005-08-10;308,905376;;;9,666666666666666;9,333333333333334;9,333333333333334;7,666666666666667;9,0;9,666666666666666;9,333333333333334;8,666666666666666;2024-11-14 16:47:35.000
TFABIE;2016-11-30;234,205585;;;10,0;8,0;8,0;9,0;7,0;9,0;8,0;8,0;2021-07-21 17:12:00.000
TB4698;2015-04-27;170,908498;;;9,0;10,0;8,5;10,0;8,5;9,0;8,0;9,0;2025-01-27 11:35:34.000
TFCZOB;2021-10-21;111,352689;;;;;;;;;;;
TCAUD4;2017-10-05;4145,178992;1,0;630,5870129027;7,0;8,0;8,0;9,0;7,0;9,0;8,0;8,0;2019-07-05 09:55:00.000
TFDIZN;2023-03-15;53,782749;;;;;;;;;;;
TFBZZC;2018-07-05;635,572957;6,0;32444,8288680042;7,6;8,0;8,0;8,8;7,2;8,6;7,8;7,8;2024-10-11 14:10:16.000
T53762;2007-08-31;590,213856;;;9,0;8,0;8,333333333333334;9,166666666666666;7,5;9,0;8,333333333333334;8,0;2024-02-08 14:21:52.000
TEZGQL;2014-04-15;2558,945858;3,0;48005,1714993466;8,0;8,0;8,0;8,6;7,2;9,0;7,4;8,2;2024-05-10 09:42:25.000
T62472;2010-02-26;910,023455;4,0;165317,851258078;10,0;10,0;10,0;10,0;9,0;9,0;10,0;10,0;2023-08-28 11:22:09.000
TFDJ86;2023-05-03;5238,927514;3,0;4936,6779881529;;;;;;;;;
TFECSC;2024-11-27;;1,0;214,644753348615;;;;;;;;;
T02266;2005-03-08;415,066262;2,0;0,00840771473583952;;;;;;;;;
TEVSA1;2010-06-09;534,07556;5,0;15159,2568037265;9,4;8,0;8,8;9,6;6,6;9,6;8,2;8,6;2024-12-11 16:57:39.000
TFCJI2;2019-08-23;1235,945959;;;9,333333333333334;6,666666666666667;8,0;8,666666666666666;8,0;8,0;7,333333333333333;8,666666666666666;2023-07-12 16:54:16.000
TEZFWS;2010-03-17;731,046483;;;9,0;7,5;8,5;8,0;6,5;7,5;8,0;8,5;2023-03-14 20:14:17.330
TFCPTC;2020-06-03;43,001588;;;7,5;7,5;8,0;9,0;7,5;9,0;8,0;8,0;2022-09-22 20:23:18.497
T92154;2009-12-21;734,356877;1,0;0,00420385736791976;8,2;7,0;7,6;7,2;7,4;7,4;7,4;8,6;2024-11-21 16:01:48.000
T08406;2001-12-12;;;;;;;;;;;;
TFDSML;2024-03-28;1454,950918;1,0;21082,0420223871;;;;;;;;;
TDC01O;2011-12-01;384,703515;2,0;12361,1230972081;9,0;7,666666666666667;8,666666666666666;9,0;6,666666666666667;8,333333333333334;8,333333333333334;8,666666666666666;2024-05-14 09:32:33.000
TFECSB;2024-11-27;;1,0;98,1432541114547;;;;;;;;;
T58122;2008-11-25;137,093937;2,0;21979,1283692717;8,0;7,666666666666667;7,333333333333333;8,0;7,666666666666667;8,0;8,0;8,0;2024-10-09 16:14:25.000
TDCDGI;2024-04-03;;1,0;155,546926470399;;;;;;;;;
T45304;2013-01-02;1456,042632;;;9,666666666666666;8,0;8,0;9,0;7,0;9,0;8,333333333333334;8,166666666666666;2024-11-22 16:44:42.000
TFCTQ4;2020-12-29;167,731645;;;;;;;;;;;
T05787;2008-05-05;536,068391;;;8,0;9,0;9,0;9,5;6,5;9,0;8,0;7,5;2023-07-31 09:44:19.000
TDCDOG;2018-01-19;;;;;;;;;;;;
TFDQHE;2023-10-31;;1,0;273,25913662952;;;;;;;;;
TDC0H7;2020-02-01;26,847126;;;8,5;6,5;7,0;9,5;6,0;9,0;9,0;8,0;2023-09-29 10:04:00.000
TFCPQZ;2020-05-29;343,32368;;;8,5;8,0;8,5;9,5;6,0;8,5;8,5;8,5;2024-10-16 15:27:06.000
TDCGAS;2019-07-10;;;;;;;;;;;;
TB5148;2016-01-05;174,776284;1,0;4368,62335359801;8,0;8,5;8,5;9,0;7,5;9,5;9,0;8,0;2024-04-23 13:54:25.000
T35094;2011-05-27;3441,132137;2,0;24085,9839740668;7,0;8,0;8,0;9,0;7,0;9,0;8,0;8,0;2021-07-01 18:18:00.000
T50901;2007-02-28;958,040775;1,0;2488,44394193853;9,5;7,5;8,5;9,0;7,0;9,0;8,0;8,0;2024-11-29 11:00:16.000
TEZIWA;2014-11-12;178,198758;;;;;;;;;;;
TDCFZ5;2021-12-28;;;;;;;;;;;;
TB2942;2014-10-13;773,327037;;;10,0;10,0;10,0;10,0;9,666666666666666;9,666666666666666;9,333333333333334;10,0;2024-11-22 13:50:03.000
TFCPKU;2018-10-15;;;;;;;;;;;;
TFCJSA;2019-08-30;253,660155;3,0;6369,97054617304;;;;;;;;;
TFCFEH;2019-02-28;1157,868792;;;8,0;8,0;8,0;8,6;6,2;8,8;7,8;8,4;2024-05-07 10:32:53.000
TFDIZQ;2023-03-15;281,77706;1,0;3716,32762124737;;;;;;;;;
T13046;2015-09-02;218,126865;;;;;;;;;;;
TFDQCG;2023-10-25;223,442401;;;;;;;;;;;
TFBTUO;2018-02-28;270,21238;2,0;1632,07615751959;8,333333333333334;8,333333333333334;8,5;8,833333333333334;7,5;8,5;8,833333333333334;8,5;2024-10-22 14:10:34.000
TFCOJY;2020-02-28;110,176299;1,0;629,880764864889;9,0;9,0;9,0;9,0;9,0;9,0;10,0;9,0;2023-02-14 17:41:32.783
TFCYBE;2021-08-11;36,33922;;;10,0;10,0;10,0;10,0;9,0;10,0;10,0;10,0;2022-09-28 14:38:39.403
TEZBBV;2012-12-07;110,713691;;;9,0;8,0;8,0;9,5;6,5;9,0;8,0;8,0;2023-07-26 16:50:40.000
TDCEYS;2021-02-01;;;;;;;;;;;;
TFDTMV;2024-04-23;1031,99821;3,0;89325,331177511;;;;;;;;;
T11094;2003-10-24;788,515724;;;;;;;;;;;
TEXHMP;2018-11-25;3,057955;10,0;100957,631522843;;;;;;;;;
TFDVHX;2024-08-23;511,947053;5,0;86574,2386349396;;;;;;;;;
TFDJT7;2023-04-27;;;;;;;;;;;;
T13659;2005-04-29;4148,016915;1,0;0,0126115721037593;9,5;9,0;9,0;9,5;7,5;9,0;9,5;9,5;2023-07-24 13:45:08.000
TEZDLW;2013-07-22;239,794896;1,0;738,306654098276;7,75;8,5;8,5;9,25;6,25;9,25;8,0;9,0;2023-10-04 14:39:55.000
T62588;2014-11-26;67,478666;;;7,5;8,25;8,5;9,5;7,5;8,25;8,25;7,5;2024-05-13 16:06:56.000
TAAHZO;2010-11-23;267,36626;4,0;9466,43519466327;8,6;7,4;7,6;9,0;6,8;9,0;8,6;8,4;2024-12-10 10:18:52.000
TFBLCB;2017-08-30;573,767976;1,0;1377,93616419937;7,8;7,4;7,8;9,0;6,6;8,6;8,0;6,2;2024-11-28 11:09:32.000
TEZCAY;2013-03-14;267,85668;;;9,666666666666666;8,0;8,0;9,0;7,0;9,0;8,0;8,0;2021-12-20 09:33:00.000
TEZGUA;2014-04-30;359,479524;;;8,0;8,0;8,0;9,0;7,0;9,0;8,0;8,0;2019-11-19 09:42:00.000
TFCYOE;2021-08-31;170,598934;;;6,5;6,0;6,5;6,5;5,0;8,0;3,5;8,0;2024-11-06 09:27:16.000
TFBZHU;2018-08-17;112,575925;;;8,0;8,0;9,0;10,0;10,0;10,0;9,0;10,0;2022-09-21 18:45:58.397
TFCH84;2019-05-27;1028,292838;4,0;88180,0617031965;9,0;9,0;10,0;10,0;7,0;9,0;8,0;8,0;2022-05-27 00:00:00.000
TDC0T5;2022-03-30;;;;;;;;;;;;
TFCXW4;2021-07-29;741,448152;1,0;278,640074060458;7,0;7,0;7,666666666666667;7,333333333333333;5,0;9,0;7,0;7,666666666666667;2024-10-31 16:19:08.000
T61950;2012-08-21;1164,874785;2,0;4379,7887987672;;;;;;;;;
T01743;2010-04-30;106,835654;;;8,857142857142858;8,142857142857142;8,428571428571429;9,0;7,285714285714286;9,0;8,285714285714286;8,857142857142858;2024-11-12 16:20:50.000
TEZM58;2015-08-24;1013,787128;;;7,75;7,5;7,75;9,0;7,0;9,0;7,5;7,5;2023-07-20 15:29:30.000
T53516;2002-09-01;;1,0;1050,96434197994;;;;;;;;;
TC9008;2013-09-03;79,916116;1,0;63,7472931271352;9,0;7,0;9,0;9,0;7,0;9,0;9,0;9,0;2022-05-19 00:00:00.000
TDCDYR;2022-05-12;;;;;;;;;;;;
TFBTUJ;2018-02-28;465,69002;;;9,0;8,0;8,0;9,0;7,0;9,0;8,0;8,5;2024-12-04 10:13:23.000
T15900;2009-03-26;163,16922;2,0;12697,915130239;1,3333333333333333;6,0;9,0;9,0;7,666666666666667;9,333333333333334;8,0;7,0;2024-07-11 14:47:16.000
TFDAES;2022-01-13;44,117542;;;;;;;;;;;
T92086;2009-12-16;963,950222;;;9,5;8,5;8,5;9,5;8,5;9,5;9,0;8,0;2022-07-12 17:12:06.917
T54319;2012-02-15;;;;;;;;;;;;
TFBL29;2017-08-21;;;;6,0;8,0;8,0;9,0;6,0;7,0;7,0;7,0;2023-07-26 13:43:41.000
TEZF19;2013-11-04;39,624944;;;9,8;7,8;8,2;9,0;8,0;9,2;8,0;8,0;2024-10-18 10:37:56.000
TFDSHU;2024-03-20;54,388933;1,0;120,537202310363;;;;;;;;;
TDCCNQ;2018-12-18;;;;;;;;;;;;
TFD162;2021-11-22;18,368229;1,0;4,41825409368367;;;;;;;;;
TFCIR8;2019-07-26;420,521311;;;10,0;10,0;10,0;10,0;8,0;10,0;8,0;10,0;2022-05-06 00:00:00.000
TFEELS;2025-02-26;;1,0;615,865104400245;;;;;;;;;
TFECKT;2024-11-13;;1,0;245,244631129703;;;;;;;;;
T11432;2003-11-20;185,33837;;;4,0;7,0;7,0;8,666666666666666;4,666666666666667;8,666666666666666;5,333333333333333;7,0;2023-09-01 09:17:17.000
T19654;2010-03-23;389,331975;5,0;41228,47354897;10,0;9,0;9,0;9,0;7,0;8,0;8,0;9,0;2024-11-29 10:01:26.000
TFCAW0;2018-09-24;353,573734;6,0;25246,2233844684;10,0;8,4;9,2;9,6;6,8;9,0;8,8;8,4;2024-07-12 10:28:13.000
TEZIL9;2008-11-19;2825,289978;4,0;14275,4420345524;8,0;8,0;9,0;8,0;6,0;9,0;6,0;7,0;2022-03-22 00:00:00.000
TFCQWP;2020-08-05;297,919087;1,0;5694,90672231775;8,333333333333334;9,0;9,0;8,666666666666666;6,666666666666667;9,333333333333334;8,333333333333334;8,666666666666666;2023-11-09 10:11:48.000
T76120;2008-05-05;794,42369;1,0;2217,48431528926;6,0;6,0;8,0;9,0;6,0;8,0;8,0;8,0;2023-10-06 15:46:30.000
T46452;2019-11-29;98,829761;;;10,0;10,0;10,0;10,0;10,0;9,0;10,0;10,0;2022-05-30 00:00:00.000
TDCCYU;2021-11-08;;;;;;;;;;;;
TFDEY5;2022-08-30;605,95147;2,0;669,136384966524;7,0;5,0;6,0;5,0;4,0;8,0;3,0;7,0;2024-06-03 15:58:46.000
T38021;2012-12-12;249,344639;;;7,666666666666667;7,333333333333333;7,333333333333333;9,0;5,666666666666667;9,333333333333334;6,0;7,0;2024-11-05 11:13:35.000
TDCH0Q;2022-03-11;;;;;;;;;;;;
TEXYFP;2007-05-31;881,936961;4,0;17973,1801985189;7,0;8,0;8,2;9,2;7,6;9,0;8,0;8,6;2024-12-06 11:33:44.000
TDCCRG;2021-10-14;;;;;;;;;;;;
TFBKWZ;2014-01-22;722,582125;;;9,714285714285714;8,428571428571429;8,571428571428571;9,428571428571429;7,571428571428571;8,571428571428571;7,714285714285714;7,428571428571429;2024-10-17 15:46:25.000
TA2800;2007-12-13;254,868863;1,0;7,64261269487812;7,5;7,5;7,5;8,5;7,0;8,25;7,5;7,75;2024-10-18 09:58:29.000
TFCRN5;2020-09-15;102,199752;;;;;;;;;;;
TDCCT7;2021-08-24;;;;;;;;;;;;
TA2569;2002-08-21;;;;;;;;;;;;
TDCCTA;2021-07-06;;;;;;;;;;;;
TEZF97;2014-11-18;3789,199713;;;;;;;;;;;
TAAI07;2010-11-30;29,646571;;;;;;;;;;;
T13347;2005-03-08;3459,052986;3,0;4213,74484044911;8,6;8,0;8,8;9,4;7,0;9,0;8,4;8,6;2023-05-15 14:37:22.333
T03607;2006-11-21;1448,172833;1,0;1291,00880154553;7,0;7,0;7,0;7,0;8,0;8,0;8,0;8,0;2024-12-05 16:15:44.000
T51535;2023-07-31;231,183288;1,0;1550,72310973561;;;;;;;;;
TFCMWP;2020-01-13;32,772139;;;;;;;;;;;
TEYVYG;2012-08-31;1132,93968;3,0;14960,0233914887;5,0;8,0;8,5;9,5;5,5;7,0;5,5;6,5;2024-10-14 11:07:27.000
TDCEV7;2023-08-02;;;;;;;;;;;;
TFDOD3;2023-06-30;173,769192;;;;;;;;;;;
TDCDJR;2022-07-21;;;;;;;;;;;;
TEVVJW;2012-12-10;357,201079;1,0;6305,78605187964;9,0;10,0;8,0;9,0;7,0;9,0;8,0;8,0;2025-01-16 11:23:17.000
TDCE8X;2021-10-03;;;;;;;;;;;;
TFDGSY;2022-11-18;;;;;;;;;;;;
TEWTOL;2011-08-09;567,492591;3,0;3743,25753154626;9,666666666666666;8,666666666666666;8,666666666666666;9,333333333333334;7,333333333333333;9,333333333333334;8,666666666666666;8,333333333333334;2024-07-23 09:51:51.000
T10859;2010-02-02;389,92752;6,0;23132,5407153079;8,666666666666666;8,333333333333334;8,0;9,666666666666666;7,666666666666667;9,333333333333334;8,0;7,666666666666667;2023-07-19 14:41:57.000
T04802;1999-05-18;;;;;;;;;;;;
T25103;2002-07-26;386,466821;1,0;1348,67731691865;9,5;8,5;8,5;7,0;6,5;9,0;8,5;9,0;2024-07-11 09:43:49.000
TDCCIY;2022-02-22;;;;;;;;;;;;
TDCA1D;2023-10-25;;;;;;;;;;;;
TEZLSW;2015-07-30;404,325629;2,0;6279,41945846805;10,0;8,0;8,0;9,0;7,0;9,0;8,0;8,0;2019-09-03 09:52:00.000
TEZHBN;2014-05-29;;;;;;;;;;;;
TB2869;2014-09-26;205,2652;;;9,333333333333334;9,333333333333334;9,333333333333334;9,0;8,333333333333334;9,0;9,666666666666666;8,666666666666666;2024-02-14 16:45:22.000
TFEEFS;2025-02-19;;1,0;433,800245653008;;;;;;;;;
TFDBH8;2018-03-29;351,704782;4,0;4581,18299369213;10,0;8,0;9,0;9,0;9,0;10,0;10,0;10,0;2024-11-19 14:24:26.000
TFDDE5;2022-06-21;;;;;;;;;;;;
TCAMSQ;2008-12-05;;;;;;;;;;;;
TFBTVF;2018-11-14;160,298565;3,0;49562,6544117299;10,0;9,0;10,0;10,0;5,0;10,0;10,0;10,0;2024-01-09 09:27:27.000
TDCD8D;2023-01-02;;;;;;;;;;;;
TEYIZI;2012-06-22;;;;;;;;;;;;
TEZAU8;2012-10-19;7,09824;;;;;;;;;;;
TAAMGI;2011-01-27;189,426856;1,0;66,8034974336129;7,666666666666667;7,666666666666667;8,0;8,666666666666666;6,666666666666667;8,333333333333334;7,166666666666667;7,0;2025-03-13 16:00:36.000
TFDTUI;2024-05-09;120,997758;1,0;127,490382396903;;;;;;;;;
TFDRAM;2023-01-31;;1,0;337,956501521805;;;;;;;;;
TCBIMT;2016-09-15;;;;;;;;;;;;
TFDATD;2014-09-29;2526,117367;1,0;2664,28709178124;;;;;;;;;
TFCPR2;2020-05-29;26,711887;2,0;971,64596116203;;;;;;;;;
TFCX48;2021-05-20;;;;;;;;;;;;
TDCE7U;2021-12-13;;;;;;;;;;;;
T11623;2004-03-31;765,602018;;;9,333333333333334;8,0;8,0;9,0;7,0;9,0;8,0;8,0;2021-03-04 11:11:00.000
TFCZQJ;2021-10-25;;;;;;;;;;;;
TFEBMH;2024-09-27;;1,0;2392,96593339833;;;;;;;;;
TFCES8;2019-10-23;272,671956;;;9,0;9,0;9,0;9,0;7,0;9,0;9,0;8,0;2022-09-01 14:15:14.827
TFDSHV;2024-03-21;605,423072;1,0;789,391928833237;;;;;;;;;
TFDI78;2023-04-18;439,179373;;;;;;;;;;;
TFDFT9;2022-09-30;333,118387;;;8,0;9,0;10,0;9,0;6,0;8,0;8,0;8,0;2024-02-16 10:21:12.000
TFCOS3;2020-03-12;1185,510999;;;6,0;5,0;7,0;4,0;2,0;7,0;1,0;2,0;2023-01-27 12:45:41.707
TFCZ09;2021-09-22;44,512172;1,0;12,7460955395327;4,0;7,0;7,0;7,0;5,0;8,5;4,0;3,5;2022-11-15 11:39:23.437
T14749;2006-03-14;1060,084661;;;7,5;5,0;6,5;8,5;4,0;4,5;8,0;4,0;2024-11-12 10:20:44.000
TEZKE5;2015-03-30;951,595963;1,0;558,6842364818;;;;;;;;;
T07145;2005-12-30;124,201767;;;8,75;8,5;8,0;9,0;7,0;8,25;8,5;8,5;2024-12-18 15:38:46.000
TEZGE0;2014-03-27;901,882792;;;7,5;7,5;7,5;9,25;6,75;7,0;7,25;8,0;2023-11-30 11:06:14.000
TFDOFG;2023-07-10;298,167622;3,0;24759,7698252822;7,0;5,0;5,0;7,0;5,0;9,0;2,0;0,0;2024-11-12 09:26:07.000
TFDFFX;2022-09-21;29,304119;;;;;;;;;;;
TDCFGU;2012-11-01;;;;;;;;;;;;
TDC02G;2009-08-01;629,021426;2,0;2268,76296746314;5,0;4,333333333333333;7,666666666666667;8,0;6,333333333333333;9,333333333333334;10,0;10,0;2024-09-02 10:17:01.000
T17325;2008-03-13;232,067389;;;6,0;6,0;8,0;7,0;4,5;8,5;7,5;7,0;2023-10-09 09:06:21.000
TB1292;2012-10-05;978,1558;1,0;6657,30840112772;5,0;8,0;8,0;9,0;7,0;9,0;8,0;8,0;2021-07-29 16:28:00.000
TFEEAD;2025-02-05;;1,0;1785,59682473865;;;;;;;;;
T16279;2007-05-23;469,544139;1,0;7922,93851574312;10,0;8,5;8,5;9,5;8,0;9,0;8,0;8,5;2023-05-24 12:00:00.747
TFBNFH;2004-11-16;92,19652;;;7,666666666666667;7,666666666666667;7,666666666666667;9,0;7,0;7,333333333333333;8,0;8,0;2024-04-22 14:07:05.000
TDCFMT;2019-11-12;;;;;;;;;;;;
T28938;2001-11-12;500,989235;2,0;1415,51864906857;;;;;;;;;
TFEBZX;2024-10-25;516,174335;1,0;14810,1600801797;;;;;;;;;
T78209;2008-07-21;4707,070746;1,0;5916,98389549285;7,75;7,25;7,5;9,0;6,25;6,25;8,0;6,75;2024-10-18 16:04:35.000
TDCD7Y;2021-08-16;;;;;;;;;;;;
TFDNOT;2023-05-31;618,251858;6,0;28129,2371751025;;;;;;;;;
TDCG55;2017-10-11;;;;;;;;;;;;
T75337;2009-11-30;771,991274;;;;;;;;;;;
TDCDL5;2019-07-18;;;;;;;;;;;;
TEZCBV;2013-03-07;114,251896;;;9,5;9,0;9,0;9,0;8,0;9,0;8,0;8,0;2023-02-23 14:48:50.820
TEXVDA;2012-04-24;168,000775;;;9,5;8,5;8,0;9,0;7,5;9,0;8,0;8,5;2023-10-31 16:42:54.000
TFDNDI;2023-05-23;90,309628;;;;;;;;;;;
TDCETV;2019-07-18;;;;;;;;;;;;
TFCYFH;2021-08-24;55,923752;;;3,0;2,0;5,5;7,5;1,0;6,5;4,5;4,0;2024-10-29 11:24:34.000
TFCTRC;2020-12-30;1274,140523;;;8,0;8,5;8,75;7,5;7,75;9,0;7,0;8,25;2024-06-21 14:34:01.000
TFEEKN;2025-02-26;;1,0;18967,4639316072;;;;;;;;;
TFCX82;2021-06-20;;;;;;;;;;;;
T15822;2006-11-30;1293,873808;;;9,8;6,4;7,0;9,2;7,2;9,2;7,8;8,0;2023-10-18 14:03:46.000
TEZJY7;2015-02-25;675,1654;;;7,5;9,5;10,0;10,0;7,5;10,0;8,5;10,0;2024-11-14 09:51:39.000
TFDNRQ;2023-06-09;26,23156;1,0;63,7472931271352;;;;;;;;;
T77568;2005-11-01;2274,093071;2,0;36693,8777026291;9,0;8,0;8,0;9,0;7,0;9,0;8,0;8,0;2020-03-17 09:45:00.000
TEZFKC;2013-12-27;29,254795;;;;;;;;;;;
T07880;2015-06-17;107,910541;;;7,666666666666667;8,0;8,0;9,0;6,0;9,0;8,0;8,333333333333334;2024-03-26 15:19:23.000
TDCC4B;2024-05-23;;1,0;120,209301435666;;;;;;;;;
TFDVK3;2024-08-29;287,34366;1,0;2423,97778920148;;;;;;;;;
TFBYYP;2020-11-19;82,298448;;;7,666666666666667;7,666666666666667;8,0;7,0;6,666666666666667;7,666666666666667;8,333333333333334;8,0;2025-01-16 10:19:29.000
TFBYFZ;2007-12-13;;1,0;5197,06070966448;;;;;;;;;
TEZMO2;2015-10-21;381,939257;;;7,666666666666667;8,0;8,333333333333334;8,666666666666666;6,666666666666667;8,333333333333334;8,0;8,0;2023-07-03 10:34:45.000
T08257;2001-12-12;659,72364;;;6,5;7,833333333333333;8,0;8,333333333333334;7,5;9,166666666666666;7,833333333333333;8,0;2025-02-13 11:28:36.000
TFBNGG;2022-01-31;133,717588;;;;;;;;;;;
TFBXW6;2016-06-28;;;;;;;;;;;;
TAAIA0;2010-12-09;138,120961;;;8,5;7,5;7,5;9,0;7,0;9,0;8,0;8,0;2022-09-14 12:11:39.500
TDCDI7;2018-06-18;;;;;;;;;;;;
T61788;2010-03-26;497,141074;1,0;32663,3411701313;8,666666666666666;8,666666666666666;8,333333333333334;8,0;7,333333333333333;9,0;8,0;8,666666666666666;2023-05-17 17:09:47.940
TDCA5J;2018-12-18;;;;;;;;;;;;
TFCK80;2017-10-11;227,163759;;;8,5;7,75;8,0;9,0;6,25;9,0;8,25;8,0;2024-09-13 17:36:06.000
TFBZ38;2018-05-28;266,403291;;;7,0;2,0;7,0;9,0;8,0;2,0;8,0;8,0;2022-06-02 20:01:17.000
T61925;2007-05-14;1353,173846;5,0;111496,310985482;;;;;;;;;
TDCGRH;2022-05-31;;;;;;;;;;;;
T23824;2012-12-14;663,527257;1,0;836,336404060797;5,0;8,0;8,0;9,0;7,0;9,0;8,0;8,0;2019-10-25 11:21:00.000
T21757;1994-12-13;;;;;;;;;;;;
T56018;1999-07-22;617,191544;1,0;2447,75480647443;6,6;7,4;7,6;7,6;7,2;8,4;7,8;7,6;2024-11-29 11:23:55.000
T77096;2009-02-19;361,46746;1,0;2797,62083591955;6,25;8,0;8,0;9,0;7,0;9,0;8,0;8,0;2021-12-08 09:47:00.000
T08111;2006-09-22;516,946776;;;;;;;;;;;
TFDR46;2023-12-13;657,256546;1,0;285,673127436987;10,0;8,0;8,0;10,0;8,0;10,0;10,0;8,0;2024-04-23 10:12:58.000
TFBYCB;2011-07-12;108,134621;2,0;787,685162741861;;;;;;;;;
T76267;2010-02-19;683,309886;;;8,0;8,0;8,0;9,0;7,0;9,0;8,0;8,0;2019-10-08 14:25:00.000
TFDBII;2022-03-18;16,534479;2,0;407,774164688217;;;;;;;;;
TEXCRB;2011-09-30;;;;;;;;;;;;
TDCCTL;2022-11-04;;;;;;;;;;;;
TFDGDI;2022-10-21;56,270247;;;;;;;;;;;
TEF158;2018-06-18;54,625483;;;;;;;;;;;
TDCC4G;2018-01-23;;;;;;;;;;;;
TFCYR2;2008-06-26;378,933884;1,0;15828,4478388388;3,0;5,0;8,0;9,0;7,0;9,0;8,0;4,0;2023-01-31 14:09:27.460
TFEEPK;2025-02-28;;1,0;888,46843928037;;;;;;;;;
TD0698;2017-07-25;58,998365;;;;;;;;;;;
TDCDHQ;2023-08-09;;;;;;;;;;;;
T36224;2004-06-30;289,932776;2,0;166,905749078518;9,333333333333334;7,666666666666667;8,0;7,333333333333333;5,666666666666667;8,666666666666666;8,666666666666666;8,666666666666666;2024-09-24 15:22:15.000
TFDAAO;2022-11-01;379,907194;2,0;1013,84428142121;8,5;9,0;9,0;9,5;7,5;9,0;8,0;9,0;2024-10-23 15:39:45.000
TB2097;2011-03-07;864,795871;;;8,5;8,666666666666666;8,666666666666666;9,0;7,666666666666667;9,0;8,333333333333334;8,0;2024-05-16 10:11:16.000
TEZFJM;2013-12-23;121,446528;;;;;;;;;;;
TDCCOW;2024-07-31;;1,0;76,5312233829792;;;;;;;;;
TFDDQ8;2022-06-30;151,480795;;;5,0;3,0;6,0;9,5;5,5;9,0;0,0;7,0;2024-06-26 11:35:01.000
TFD813;2021-12-15;470,22798;1,0;66,2864229773588;9,0;8,5;9,0;7,0;8,0;8,5;8,5;7,5;2024-08-15 10:03:55.000
TFDFMG;2022-09-01;;1,0;1753,51718916406;;;;;;;;;
TFCDVB;2019-01-02;182,459286;;;8,0;9,0;10,0;10,0;7,0;9,0;8,0;7,0;2022-06-17 12:47:51.000
TDCFHX;2023-09-01;;;;;;;;;;;;
TDCCOO;2023-12-26;;;;;;;;;;;;
TEZBE9;2012-12-17;835,0371;1,0;0,00420385736791976;8,571428571428571;7,571428571428571;8,857142857142858;8,857142857142858;7,0;9,0;8,142857142857142;8,714285714285714;2024-07-03 15:18:38.000
TFCYC4;2022-07-20;181,863073;3,0;2585,26718483645;;;;;;;;;
TCA219;2014-01-27;37,380537;;;10,0;8,0;9,0;10,0;7,0;8,0;8,0;8,0;2022-05-31 00:00:00.000
TDC01Q;2016-04-01;358,76281;11,0;21804,0293021831;8,0;7,333333333333333;7,0;8,333333333333334;6,333333333333333;6,666666666666667;7,666666666666667;7,666666666666667;2024-04-08 14:12:32.000
TFBKX1;2013-03-13;535,385873;;;8,0;8,0;8,5;9,25;4,5;9,0;7,5;8,5;2024-10-25 10:54:46.000
TB3602;2015-02-05;447,37477;;;9,666666666666666;8,0;8,0;9,0;7,0;9,0;8,0;8,0;2022-02-08 10:45:00.000
TFDRVA;2024-02-16;105,62647;;;;;;;;;;;
TFEDRG;2025-01-13;;1,0;3565,64876160902;;;;;;;;;
T24598;2012-12-14;900,047544;;;6,0;8,0;8,0;9,0;7,0;9,0;8,0;8,0;2021-09-16 11:45:00.000
T05114;1999-08-02;810,781292;1,0;191,077928944057;;;;;;;;;
TFECBJ;2024-10-31;1578,921471;3,0;30715,8495942967;;;;;;;;;
T17041;2008-01-02;251,524293;;;9,75;8,0;8,5;8,5;7,75;9,0;7,75;8,75;2024-11-26 15:34:01.000
TEWGVH;2011-05-19;101,86033;;;8,666666666666666;7,0;7,666666666666667;9,0;7,666666666666667;9,333333333333334;8,0;9,666666666666666;2025-02-05 14:54:31.000
T47526;2011-03-04;643,987683;2,0;2622,62266140779;8,0;8,0;8,0;9,0;7,0;9,0;8,0;8,0;2022-01-31 13:54:00.000
TCBHV8;2010-01-26;2054,675925;;;9,0;8,0;8,0;9,0;7,0;9,0;8,0;8,0;2019-08-19 11:25:00.000
TFDB86;2022-02-25;126,759428;;;;;;;;;;;
T22665;2010-03-02;302,79005;;;4,8;3,4;3,4;8,2;5,4;7,6;7,4;7,0;2024-04-04 13:38:38.000
TEZLHB;2015-06-30;221,728813;3,0;5594,45134665394;8,666666666666666;8,0;8,0;8,0;6,666666666666667;8,333333333333334;6,666666666666667;8,0;2023-03-24 13:17:05.943
TFCXNP;2021-07-14;;;;;;;;;;;;
TFCPJX;2020-05-18;;3,0;36,6660439629961;;;;;;;;;
TFBYGN;2011-04-07;1305,382284;2,0;84,8758802583;;;;;;;;;
TEZIFJ;2014-09-18;54,294436;2,0;243,81531962461;8,75;8,75;8,25;8,75;8,0;9,0;8,25;8,5;2023-05-22 13:11:52.713
TEXCSY;2011-09-30;1630,636786;;;7,0;5,5;7,5;9,0;4,75;9,0;4,0;5,0;2024-12-12 13:57:34.000
T28165;2021-12-31;1077,605905;3,0;19055,2699004509;;;;;;;;;
T37932;1995-08-28;1367,331567;7,0;4778,93244427908;8,4;7,8;8,2;7,8;7,2;9,4;7,8;7,4;2024-08-19 14:37:55.000
T17149;2013-07-24;243,609388;;;6,333333333333333;2,6666666666666665;4,666666666666667;9,0;7,0;9,0;8,0;8,0;2023-02-23 19:32:33.510
TFECM9;2024-11-18;;1,0;76,4933886666679;;;;;;;;;
TA3077;2002-01-01;127,007678;1,0;151,338865245111;;;;;;;;;
TFEE55;2025-02-03;;1,0;4075,18570160247;;;;;;;;;
TFDPJG;2024-11-29;101,364342;1,0;2656,06014291222;;;;;;;;;
TFDJPZ;2023-04-20;;;;;;;;;;;;
TFEC23;2024-10-28;539,40955;1,0;32194,2327264452;;;;;;;;;
TDCDXM;2023-03-03;;;;;;;;;;;;
T53401;2000-05-26;1958,032555;1,0;0,0462424310471174;8,0;7,0;7,0;9,0;8,0;7,0;7,0;7,0;2022-11-10 14:46:02.103
TDCGYI;2022-12-28;;;;;;;;;;;;
TAAM36;2011-01-19;51,950818;;;7,5;8,0;8,5;9,0;7,0;8,5;8,0;8,0;2022-09-08 14:47:23.630
TFDVMM;2024-08-30;528,131068;3,0;34944,4887014004;;;;;;;;;
TFDO61;2023-06-29;348,794894;;;;;;;;;;;
T11037;1989-09-25;662,500454;1,0;1616,95067870982;8,0;7,75;8,0;9,25;7,25;8,75;8,0;7,5;2023-03-13 14:39:00.347
T05816;1999-12-29;364,15728;;;9,0;8,0;8,0;8,0;7,5;8,5;8,5;7,5;2024-05-06 10:45:55.000
TFDRVD;2024-02-16;;;;;;;;;;;;
TFCMU7;2019-12-19;602,305201;;;7,8;6,8;6,8;8,4;6,2;9,2;7,8;7,6;2024-07-17 16:09:58.000
TDCDNM;2021-08-12;;;;;;;;;;;;
TA3098;2008-03-11;160,567625;1,0;0,0420385736791976;6,0;5,0;5,0;5,0;4,0;6,0;4,0;5,0;2024-08-19 10:09:51.000
TB1172;2015-03-25;300,635948;1,0;3022,3128083775;10,0;8,333333333333334;9,0;9,333333333333334;7,666666666666667;8,666666666666666;8,333333333333334;7,333333333333333;2024-04-18 16:02:48.000
TFBSW3;2018-01-22;37,383933;;;4,0;5,333333333333333;5,333333333333333;9,0;8,0;9,0;8,666666666666666;8,0;2023-02-17 14:31:34.907
TEXCL4;2011-09-20;132,393265;2,0;189,963906741558;7,25;5,75;7,25;8,5;7,25;9,25;8,25;8,75;2024-06-25 11:31:51.000
TDCFHN;2022-07-14;;;;;;;;;;;;
TFCZ58;2021-09-24;567,497633;2,0;7219,09508434705;8,0;7,333333333333333;7,666666666666667;9,666666666666666;7,0;9,0;7,0;8,333333333333334;2024-12-06 12:06:01.000
TB4815;2016-02-10;192,331301;1,0;8190,24078648229;8,833333333333334;8,5;8,166666666666666;8,666666666666666;7,0;9,0;8,333333333333334;7,833333333333333;2024-07-18 09:40:31.000
TFCS65;2020-10-13;106,502109;;;;;;;;;;;
TFBZ49;2018-05-28;36,301211;1,0;116,539333953472;;;;;;;;;
T07389;2005-12-19;373,077082;;;9,0;8,0;8,0;9,0;8,5;9,333333333333334;8,0;8,333333333333334;2024-04-19 10:35:10.000
T75062;2009-12-23;1398,538694;4,0;244061,577385366;;;;;;;;;
TFECOT;2024-11-21;;1,0;472,391656290511;;;;;;;;;
TDCHBK;2024-08-28;;1,0;109,422203429583;;;;;;;;;
T77520;2009-12-14;2465,365228;2,0;4134,47690591961;9,6;8,0;8,2;9,4;7,2;9,4;8,8;8,8;2023-02-07 17:23:53.783
TFCRLX;2020-09-09;1378,825684;2,0;17426,6745368319;5,666666666666667;7,666666666666667;6,333333333333333;6,666666666666667;7,0;4,0;6,0;7,0;2024-12-18 10:53:47.000
TDCGV6;2018-09-04;;;;;;;;;;;;
TDCGSJ;2022-11-08;;;;;;;;;;;;
TB2025;2011-08-15;270,496715;;;9,666666666666666;6,666666666666667;6,666666666666667;9,5;7,166666666666667;8,666666666666666;8,333333333333334;8,166666666666666;2024-06-14 15:51:07.000
TFBYNF;2018-05-07;33,443704;;;;;;;;;;;
TFDPMB;2023-09-08;682,810271;1,0;1791,60413691741;;;;;;;;;
TDCCAK;2024-06-12;;1,0;97,1091051989465;;;;;;;;;
T61988;2013-12-20;508,259418;;;7,333333333333333;8,166666666666666;8,5;8,666666666666666;6,166666666666667;8,833333333333334;8,166666666666666;8,333333333333334;2024-06-21 15:23:58.000
TDCEDI;2024-08-02;;1,0;295,867481554193;;;;;;;;;
TDC0AJ;2020-03-01;;;;6,5;5,5;6,0;7,5;8,0;8,5;8,5;7,5;2024-12-12 14:24:27.000
T07562;2002-04-11;1005,444165;;;7,0;6,0;8,0;0,0;8,0;8,0;9,0;7,0;2024-10-29 11:44:44.000
TFBKQK;2013-11-01;67,916558;;;9,5;9,0;9,0;9,5;8,5;9,5;8,0;9,0;2022-05-19 00:00:00.000
TFDSNO;2024-03-28;102,060723;2,0;40794,9465540459;;;;;;;;;
TFCXO3;2021-07-12;;;;;;;;;;;;
TDCC3C;2021-04-23;;;;;;;;;;;;
TB5781;2016-04-07;2271,412367;;;;;;;;;;;
TFCWLT;2021-05-31;325,82239;;;;;;;;;;;
TFDIL5;2023-02-13;19,372215;;;;;;;;;;;
TDC0DF;2020-12-16;22,779294;;;;;;;;;;;
TEVVM6;2013-02-22;3698,822759;1,0;0,00420385736791976;9,0;8,0;8,0;9,333333333333334;6,666666666666667;9,333333333333334;8,666666666666666;8,0;2023-05-23 18:58:02.363
TB2037;2013-08-15;130,074913;;;9,333333333333334;7,666666666666667;8,666666666666666;9,666666666666666;7,666666666666667;8,666666666666666;8,0;8,333333333333334;2024-05-24 15:32:13.000
TFDEA0;2022-07-26;43,840346;1,0;52,1992969374597;;;;;;;;;
TC2585;2014-10-28;42,270594;;;10,0;10,0;10,0;8,0;8,0;8,0;10,0;8,0;2022-10-06 12:13:21.313
TDCDTG;2022-08-17;;;;;;;;;;;;
TA2621;2011-04-14;192,353961;;;7,0;7,666666666666667;8,0;8,666666666666666;7,0;6,666666666666667;6,666666666666667;5,0;2025-02-04 09:59:39.000
TEZLF7;2015-06-25;561,924209;;;8,75;8,5;8,25;8,75;8,0;8,75;8,25;8,5;2025-02-07 14:49:13.000
TFDAMJ;2022-01-27;150,956314;;;;;;;;;;;
T00538;2010-08-24;1186,829461;;;9,333333333333334;8,333333333333334;8,5;9,333333333333334;7,5;9,166666666666666;8,5;8,333333333333334;2024-06-20 14:32:09.000
TFCGDG;2019-04-17;45,217174;;;10,0;10,0;10,0;10,0;10,0;10,0;10,0;10,0;2024-11-14 11:46:49.000
TFDUNN;2024-06-28;;1,0;641,739846499791;;;;;;;;;
TEZJDA;2013-06-11;;;;;;;;;;;;
T45453;2011-12-29;440,123242;4,0;17900,4997084849;10,0;8,0;8,2;9,2;7,4;9,2;8,0;8,2;2023-08-23 11:00:47.000
TAAQTH;2011-03-24;83,139406;1,0;0,00420385736791976;8,333333333333334;8,0;8,0;9,0;7,0;9,0;8,0;8,0;2024-10-28 15:22:35.000
T03439;2012-06-26;458,983156;1,0;0,588540031508766;8,0;9,0;9,0;10,0;9,0;9,0;10,0;10,0;2024-11-11 11:46:00.000
TCAQU5;2016-09-13;;;;;;;;;;;;
TFEEP6;2025-02-28;;1,0;1555,13715997192;;;;;;;;;
T80088;2010-07-01;1666,272596;3,0;15336,5418766464;9,0;7,75;8,25;9,0;7,5;8,75;8,0;8,25;2024-12-02 14:19:11.000
T03459;1998-02-10;2212,520134;4,0;1033,37960660993;8,0;8,5;8,0;9,0;6,0;8,5;8,0;7,5;2024-11-21 11:16:46.000
TDCADW;2023-03-01;;1,0;1077,71348641201;;;;;;;;;
TEZISI;2014-10-23;69,645357;;;7,333333333333333;8,0;8,333333333333334;9,0;7,0;9,0;7,333333333333333;7,666666666666667;2024-08-08 15:35:23.000
TFDQNJ;2023-11-21;158,872015;;;;;;;;;;;
TFDPNY;2023-09-13;24,629756;1,0;26,4927091326303;;;;;;;;;
TFDPPA;2023-09-18;78,458271;1,0;87,0030320864674;;;;;;;;;
TFBXLX;2010-04-06;566,909477;;;9,5;8,5;8,5;9,25;7,75;9,75;8,5;8,75;2025-03-12 13:48:41.000
TFCQLG;2020-07-20;900,468445;;;7,5;7,5;7,75;8,0;6,5;9,25;7,75;7,25;2023-02-14 14:00:38.853
TEZFQ0;2009-12-02;221,867145;1,0;34,1395256848764;8,666666666666666;8,666666666666666;8,666666666666666;7,666666666666667;7,0;9,0;8,0;8,0;2024-12-11 13:53:12.000
TFCZP7;2021-10-22;503,602255;;;;;;;;;;;
TFCQGU;2020-07-07;2332,431928;2,0;9062,86068348561;7,5;6,5;6,5;8,0;7,5;9,0;8,0;6,5;2023-02-17 14:23:27.667
TFDRSE;2023-08-29;;1,0;686,086337873977;;;;;;;;;
TFCXM5;2021-07-15;107,155542;;;;;;;;;;;
TCANWL;2021-08-26;;;;;;;;;;;;
T11293;2003-12-29;305,290645;3,0;298,436038405992;8,571428571428571;8,0;8,285714285714286;9,285714285714286;7,714285714285714;9,285714285714286;8,428571428571429;7,857142857142857;2024-02-07 15:09:02.000
TDCCB8;2019-04-17;;;;;;;;;;;;
TDCEES;2015-08-28;;;;;;;;;;;;
TDCG0L;2021-10-29;;;;;;;;;;;;
T84331;2012-02-15;292,290778;;;;;;;;;;;
TFEBS8;2024-10-03;47,6106;2,0;854,122924584465;;;;;;;;;
TFCAV9;2018-09-25;147,036312;;;10,0;9,0;8,5;9,5;8,0;9,5;7,5;8,5;2024-09-26 13:41:19.000
T02776;1997-05-12;2730,543276;2,0;4043,73664463306;9,714285714285714;8,0;7,714285714285714;8,857142857142858;5,857142857142857;9,428571428571429;8,285714285714286;8,571428571428571;2025-01-20 15:22:07.000
TFEDWE;2025-02-07;;2,0;384,190524854187;;;;;;;;;
TFDAF9;2022-01-27;89,055822;1,0;24,2940917292083;;;;;;;;;
T45427;2004-05-11;127,865895;;;10,0;10,0;10,0;9,5;8,5;9,5;9,0;9,5;2023-07-06 16:44:09.000
T61862;2010-03-11;959,142638;1,0;5113,50904447708;7,0;8,0;8,0;9,0;7,0;9,0;8,0;8,0;2019-04-17 09:44:00.000
TFDOBM;2023-06-30;197,549928;;;;;;;;;;;
TFCISI;2019-07-29;;;;9,0;7,0;7,666666666666667;9,333333333333334;6,666666666666667;9,333333333333334;8,0;7,0;2024-05-06 11:16:16.000
TFDFP4;2022-09-28;51,41585;;;;;;;;;;;
TFDVRB;2024-09-13;;1,0;2428,03871541889;;;;;;;;;
TDCDJJ;2020-04-17;;;;;;;;;;;;
T78775;2013-01-21;2246,468666;1,0;0,00420385736791976;8,666666666666666;8,333333333333334;9,0;9,333333333333334;7,333333333333333;8,666666666666666;8,0;8,333333333333334;2024-10-29 14:32:34.000
TFCVVX;2021-04-30;30,210144;;;;;;;;;;;
TDCGAE;2023-09-04;;;;;;;;;;;;
T32062;2010-05-24;374,206818;;;10,0;8,0;8,0;9,0;7,0;9,0;8,0;8,0;2022-01-11 10:41:00.000
TEZIII;2014-09-30;192,236978;;;0,3333333333333333;6,666666666666667;7,666666666666667;5,666666666666667;2,3333333333333335;6,0;5,333333333333333;2,6666666666666665;2023-02-01 20:52:46.287
TFCRMK;2020-09-14;335,6114;2,0;7695,37951256025;9,0;8,0;8,666666666666666;7,666666666666667;7,333333333333333;9,666666666666666;8,666666666666666;9,333333333333334;2024-02-02 14:37:25.000
TB0659;2014-03-15;458,415178;3,0;8797,00033582362;8,5;7,5;7,5;9,0;7,0;8,5;8,5;8,5;2024-04-09 13:50:35.000
TFDD88;2013-10-01;384,129708;;;;;;;;;;;
TCACR1;2014-02-10;84,576705;;;;;;;;;;;
TDCEBF;2024-07-31;;1,0;96,1169948601174;;;;;;;;;
TB3918;2013-10-01;225,244294;;;;;;;;;;;
TFDF43;2022-08-31;262,661571;;;10,0;10,0;10,0;10,0;8,5;9,0;9,5;9,0;2024-02-09 15:14:17.000
TDCD7E;2023-07-11;;;;;;;;;;;;
TFECUW;2024-11-29;;1,0;98,862113721369;;;;;;;;;
TFDNOF;2023-05-31;;;;;;;;;;;;
TFD403;2021-11-25;410,503493;;;7,0;6,0;7,0;6,0;8,0;9,0;4,0;6,0;2023-07-20 14:57:56.000
TDCCFZ;2022-06-30;;;;;;;;;;;;
T38002;2001-02-13;154,553975;1,0;11151,8540983244;8,5;8,25;8,0;8,75;7,25;9,0;8,25;7,75;2024-07-25 08:52:02.000
TDCFZY;2021-09-13;;;;;;;;;;;;
TFDQOE;2023-11-22;486,607876;4,0;4014,12046947607;6,0;6,0;4,0;7,0;5,0;7,0;6,0;6,0;2024-11-25 11:10:37.000
TEZGAF;2015-01-21;;;;;;;;;;;;
TFDPBV;2024-01-31;114,710305;;;;;;;;;;;
T01773;1995-09-11;;1,0;11571,3360057823;;;;;;;;;
TFBJS9;2017-03-31;;;;;;;;;;;;
TA8247;2010-07-23;;;;;;;;;;;;
T54928;1991-05-16;112,362209;;;8,5;7,5;9,0;9,5;6,5;9,0;8,0;8,5;2024-01-05 12:03:46.000
T03491;1998-02-18;4333,035165;1,0;6332,95978590587;;;;;;;;;
T12464;2014-07-16;585,461306;;;9,5;8,25;7,5;9,75;6,5;9,25;8,0;8,5;2025-03-07 11:18:07.000
TEZMJX;2015-10-01;1370,293551;2,0;6346,71480721371;7,5;7,75;8,0;9,5;6,5;9,0;6,75;8,0;2024-11-04 16:45:44.000
T13065;2006-12-22;716,132931;1,0;148,396165087568;7,0;7,0;7,0;8,333333333333334;7,333333333333333;9,0;7,666666666666667;8,333333333333334;2024-03-12 15:37:32.000
TDCFID;2021-01-11;;;;;;;;;;;;
TFECA4;2024-10-31;;1,0;904,203477408493;;;;;;;;;
TDCGX0;2017-09-28;;;;;;;;;;;;
TC1303;2018-06-25;69,449663;;;;;;;;;;;
TB4804;2016-02-15;382,278158;1,0;7584,2631546114;5,0;8,0;8,0;9,333333333333334;7,333333333333333;9,0;8,0;8,0;2022-04-27 00:00:00.000
TFDFH4;2022-09-21;;1,0;19,4218210397893;;;;;;;;;
TFCR77;2020-08-13;4681,5088;;;8,5;7,5;7,5;8,5;7,5;8,5;7,0;8,5;2022-11-16 13:19:13.267
TFDRSK;2024-02-06;165,622171;;;;;;;;;;;
TB2496;2015-02-24;109,992088;;;8,0;8,0;9,0;9,0;8,0;9,0;8,0;6,0;2023-09-29 09:15:15.000
TDCG2K;2023-11-29;;;;;;;;;;;;
TFCWGP;2021-05-24;;;;;;;;;;;;
T13780;2013-08-01;988,354792;;;9,0;8,666666666666666;8,0;9,333333333333334;7,666666666666667;10,0;8,666666666666666;8,666666666666666;2024-02-23 11:21:19.000
T13796;2007-03-26;108,781862;;;8,5;8,5;9,0;9,5;7,5;9,5;9,0;9,0;2022-04-18 00:00:00.000
TFCFW2;2019-03-29;;;;8,5;8,0;8,0;9,5;7,0;7,25;8,25;8,0;2023-07-20 09:37:41.000
TEZMOM;2010-02-25;201,400718;;;3,0;8,0;8,0;9,0;7,0;9,0;8,0;8,0;2019-08-27 09:08:00.000
TFDRR1;2024-02-01;33,605985;;;;;;;;;;;
TFCZD7;2021-09-29;112,865809;;;9,0;7,0;8,5;4,0;6,0;4,5;8,0;10,0;2023-10-09 14:14:32.000
TB1056;2007-07-05;255,399967;1,0;3457,70631597295;9,6;8,4;8,8;9,0;7,2;9,0;8,2;8,6;2025-02-28 10:27:17.000
TDCEK4;2021-10-26;;;;;;;;;;;;
TDCCSK;2022-12-06;;;;;;;;;;;;
TFCEE4;2013-08-26;1043,951014;1,0;64,2181251523423;9,25;7,75;7,25;8,5;7,5;9,0;8,25;8,25;2024-05-20 10:10:26.000
TFAIK4;2016-12-23;406,32351;;;8,6;7,6;7,6;8,8;7,4;9,0;8,2;8,2;2024-06-06 08:54:03.000
TDCEK5;2021-09-24;;;;;;;;;;;;
TFDNSN;2023-06-13;474,829893;;;;;;;;;;;
T02523;1993-02-11;731,220243;2,0;0,00840771473583952;7,0;8,4;8,2;8,6;6,4;8,4;7,8;8,0;2024-05-06 15:38:44.000
T05808;1996-08-30;736,133831;;;7,666666666666667;8,0;8,0;9,0;7,333333333333333;8,666666666666666;8,0;8,0;2022-06-14 17:47:27.000
TFCZXZ;2021-11-01;66,620618;;;9,0;10,0;10,0;10,0;9,0;9,0;8,0;8,0;2024-02-15 11:59:46.000
TDCEOK;2022-08-09;;;;;;;;;;;;
TFDNMW;2023-05-31;;;;;;;;;;;;
TEZDV1;2011-07-29;;;;7,0;8,0;8,0;9,0;7,0;9,0;8,0;8,0;2020-08-18 16:28:00.000
TFDU45;2024-06-10;595,27733;1,0;1368,8768515715;;;;;;;;;
T20214;2009-07-02;126,723178;;;9,25;8,0;8,0;9,25;7,75;9,25;8,75;8,0;2024-03-01 17:16:32.000
TDC0KM;2017-07-01;598,932613;;;;;;;;;;;
TB3641;2014-03-25;249,844025;1,0;892,436880635686;9,0;8,0;8,0;9,0;7,0;9,0;8,0;8,0;2019-12-19 15:00:00.000
T75385;2011-02-22;670,570334;6,0;31672,1598837806;8,8;7,8;8,0;8,2;5,4;7,8;7,2;7,2;2024-12-12 16:31:38.000
TFDAY0;2022-02-21;651,549097;;;;;;;;;;;
T32013;2010-12-08;431,41946;2,0;6135,41632432996;9,5;7,0;7,0;9,25;7,75;7,75;8,0;8,5;2024-12-11 16:41:53.000
TDCF1Y;2022-08-31;;;;;;;;;;;;
TFDUSI;2024-07-02;1468,573306;1,0;19810,3541493045;;;;;;;;;
TDCDDZ;2023-03-08;;;;;;;;;;;;
T52933;2011-03-24;1835,184232;;;5,666666666666667;7,333333333333333;6,0;8,0;5,666666666666667;8,666666666666666;8,0;5,666666666666667;2023-07-13 14:35:19.000
TFDBLK;2022-03-23;1369,128615;;;;;;;;;;;
T60892;2011-08-03;515,403811;;;;;;;;;;;
TDC9RO;2021-02-23;;;;;;;;;;;;
TB3492;2016-03-22;424,305553;1,0;5363,27702613466;7,0;8,0;8,0;9,0;7,0;9,0;8,0;8,0;2021-08-06 15:43:00.000
T74015;2008-11-17;362,884254;;;;;;;;;;;
T42079;2009-10-29;597,449318;;;5,666666666666667;8,666666666666666;9,333333333333334;9,0;6,333333333333333;9,0;7,0;4,333333333333333;2023-11-10 15:48:17.000
TDC1OB;2025-01-07;11,650402;2,0;407,774164688217;;;;;;;;;
TFD186;2021-11-17;229,977837;;;;;;;;;;;
T06914;2000-10-31;1153,269246;;;9,25;8,0;7,75;9,0;7,75;9,0;9,0;8,75;2023-03-13 14:04:23.983
TFCPGO;2021-09-29;3606,395232;4,0;31140,4139653124;;;;;;;;;
T77027;2009-02-04;;;;;;;;;;;;
T15747;2009-12-10;184,478424;;;8,875;7,875;8,125;8,875;7,25;9,0;8,0;8,375;2025-03-05 16:56:57.000
TDCF0W;2022-08-29;;;;;;;;;;;;
TFEDET;2024-12-23;97,058658;1,0;1909,15239663918;;;;;;;;;
TEZNGU;2015-12-17;1499,573149;1,0;2363,61039739815;9,0;8,5;8,5;9,25;7,75;9,25;7,75;8,5;2024-12-05 15:32:33.000
TDC33I;2019-06-01;;;;;;;;;;;;
TEZIDX;2014-09-18;212,23987;;;;;;;;;;;
TFDULJ;2024-06-26;162,73342;1,0;5673,58055389029;;;;;;;;;
TCALF3;2019-04-15;;;;;;;;;;;;
TFEED1;2025-02-17;;2,0;257,713272082953;;;;;;;;;
T11687;2004-04-20;;1,0;0,00420385736791976;8,0;8,0;8,0;9,0;8,0;8,0;8,0;8,0;2023-02-27 14:10:52.687
TCANA8;2014-11-11;59,628914;1,0;2799,7774147493;5,0;8,0;8,0;9,0;7,0;9,0;8,0;8,0;2019-08-19 15:11:00.000
TDCA6D;2021-02-23;;;;;;;;;;;;
TEZCV6;2013-05-23;137,82416;;;9,6;9,6;9,2;9,6;8,4;9,6;8,8;9,6;2025-02-13 18:07:56.000
TEVVPM;2011-08-31;613,046579;;;9,2;8,2;8,8;9,4;7,0;9,0;8,0;8,4;2024-01-23 10:28:38.000
TFBXW2;2017-09-26;;;;;;;;;;;;
TFDEH7;2022-08-03;;;;;;;;;;;;
TFEEII;2025-02-24;;1,0;228,803344963769;;;;;;;;;
T77172;2013-03-21;;;;;;;;;;;;
TEYSWS;2012-07-20;1115,71704;3,0;34,9256470126774;9,25;7,75;7,75;9,25;7,25;9,25;8,0;8,5;2022-05-20 00:00:00.000
TFBSJ9;2014-01-07;188,89421;;;7,5;8,5;9,5;7,0;6,75;9,25;7,25;6,75;2024-09-26 10:29:20.000
T51839;2011-07-06;3369,859231;2,0;58871,4954013846;5,666666666666667;6,0;6,0;9,0;7,0;8,666666666666666;7,0;7,666666666666667;2023-08-09 13:46:15.000
TDC0IX;2017-09-01;90,963584;1,0;183,603470543895;9,0;9,0;9,0;7,0;8,0;8,0;8,0;8,0;2023-12-15 09:56:47.000
T60224;2009-10-19;349,481225;;;8,666666666666666;8,0;8,0;9,666666666666666;7,333333333333333;9,666666666666666;8,666666666666666;8,666666666666666;2023-05-30 18:42:39.787
T17275;2012-05-22;819,905089;5,0;9571,00614669028;8,25;8,0;8,0;9,0;7,5;9,0;8,25;8,25;2024-06-10 09:57:17.000
TB3213;2014-01-10;;;;10,0;10,0;10,0;3,5;4,5;6,5;8,5;9,0;2024-11-21 16:27:31.000
T60441;2009-06-03;;;;;;;;;;;;
TFDAA0;2022-12-26;3723,415971;;;;;;;;;;;
T40020;2011-06-30;596,216663;;;;;;;;;;;
TFCU35;2021-01-22;667,836735;1,0;3385,59755054102;8,0;5,333333333333333;7,0;9,0;7,333333333333333;9,333333333333334;4,333333333333333;8,333333333333334;2024-11-26 14:10:23.000
TDCFSV;2024-08-08;;1,0;121,567147365504;;;;;;;;;
T31926;1997-11-28;964,185768;;;;;;;;;;;
TDCGPP;2022-09-27;;;;;;;;;;;;
TEZNT0;2016-02-11;754,065621;;;9,5;8,0;8,0;9,0;7,0;9,0;8,0;8,0;2021-10-05 16:36:00.000
T49954;2019-09-30;1427,493404;2,0;6830,96974899649;9,0;8,0;8,0;8,0;8,0;8,0;8,0;9,0;2024-10-30 15:00:10.000
TFDNVD;2023-06-20;22,242609;;;;;;;;;;;
TFCTW1;2014-11-18;;;;;;;;;;;;
TFDFSI;2022-09-30;73,627974;;;;;;;;;;;
TFCRFU;2020-08-28;;;;;;;;;;;;
TDCGCV;2014-11-17;;;;;;;;;;;;
T57445;2010-10-29;288,875625;;;8,5;8,0;8,0;9,0;7,0;9,0;8,0;8,0;2021-11-03 16:55:00.000
TFDUUV;2024-07-09;;1,0;464,971848036133;;;;;;;;;
TFBXVJ;2000-01-01;87,63264;;;10,0;10,0;10,0;10,0;10,0;10,0;10,0;10,0;2024-05-22 11:12:44.000
TC0358;2009-06-15;;;;;;;;;;;;
TFDUGO;2024-06-14;196,453611;1,0;2981,32099518291;;;;;;;;;
TFDS54;2024-02-29;295,815909;1,0;1256,91131443433;;;;;;;;;
TEXSPK;2012-03-27;247,191136;1,0;2155,91462027871;7,4;6,4;8,4;9,4;7,0;9,0;8,0;7,0;2023-08-01 15:41:38.000
TFBSQB;2018-01-12;260,832776;;;7,25;7,75;8,25;8,5;5,25;7,5;9,0;8,25;2023-08-10 11:20:23.000
TFDPG2;2023-08-31;15,946524;;;;;;;;;;;
TFDODN;2023-07-03;42,510375;;;;;;;;;;;
TFCZ70;2021-09-24;775,205527;;;9,0;8,5;9,0;10,0;4,0;7,5;8,0;9,0;2024-07-23 13:42:12.000
TFDVMG;2024-08-30;406,846243;3,0;2674,27966074479;;;;;;;;;
TFBRNE;2017-12-29;192,465051;2,0;4365,42001428365;6,0;7,333333333333333;8,666666666666666;8,666666666666666;7,0;7,333333333333333;8,0;7,666666666666667;2023-06-16 15:14:09.000
TEZQDF;2016-08-08;321,38812;4,0;2809,39163654973;7,666666666666667;8,0;8,0;9,0;7,333333333333333;9,0;8,0;8,0;2022-03-31 00:00:00.000
TB4850;2017-09-06;230,615788;1,0;2451,84936355078;8,75;7,5;8,0;7,75;6,25;8,0;8,5;9,0;2024-08-20 15:26:20.000
T22186;1991-06-01;;;;;;;;;;;;
TEYVRA;2012-08-17;;;;;;;;;;;;
TDC27R;2022-06-29;1155,276271;;;10,0;10,0;10,0;10,0;8,0;9,0;8,0;8,0;2023-08-14 15:53:30.000
TFCX47;2021-05-18;;2,0;3404,30051197089;;;;;;;;;
TFDUVK;2024-07-12;50,069742;1,0;52,1992969374597;;;;;;;;;
TFBLGX;2017-09-15;;;;8,0;5,0;8,0;8,0;5,0;7,0;7,0;6,0;2024-07-17 12:04:18.000
TD0066;2013-03-13;105,287547;1,0;345,9900729519;;;;;;;;;
TEXKBT;2011-12-15;387,778678;;;7,333333333333333;9,0;9,0;8,666666666666666;3,6666666666666665;9,333333333333334;8,333333333333334;2,3333333333333335;2024-06-07 17:05:36.000
T84493;2010-02-26;797,156299;;;3,0;8,0;8,0;9,0;7,0;9,0;8,0;8,0;2020-01-23 11:43:00.000
TFDSLI;2024-03-28;274,589704;1,0;10079,5972187759;;;;;;;;;
TFACVD;2024-06-28;61,149882;2,0;20017,730433264;;;;;;;;;
TDCH7C;2021-10-21;;;;;;;;;;;;
TFEEG9;2025-02-19;;1,0;191,321752671396;;;;;;;;;
TFDMXR;2023-05-05;38,208041;;;;;;;;;;;
T07748;2009-12-15;178,764007;;;8,75;8,375;8,25;8,875;7,75;8,5;8,875;8,5;2025-02-11 08:52:18.000
TFCSAB;2020-10-16;1251,366808;;;;;;;;;;;
TB4511;2016-02-05;135,033916;1,0;854,993123059625;8,666666666666666;8,0;7,666666666666667;9,0;6,666666666666667;8,666666666666666;8,0;7,666666666666667;2024-03-18 15:46:45.000
TDCH1P;2022-11-30;;;;;;;;;;;;
TA3307;2003-04-07;188,446256;4,0;753,911372647994;6,666666666666667;5,0;6,0;6,0;8,0;8,0;5,666666666666667;7,666666666666667;2024-03-11 09:35:09.000
TEXVJJ;2012-04-19;;;;;;;;;;;;
TFBXYX;2013-01-18;55,246123;;;6,0;5,0;5,0;8,0;3,0;5,0;3,0;8,0;2024-08-23 08:43:10.000
TDCF8A;2017-11-07;;;;;;;;;;;;
T51800;2010-12-17;98,261255;;;;;;;;;;;
T57306;2009-05-12;;;;;;;;;;;;
TFDCEK;2022-04-29;663,373543;;;;;;;;;;;
TDCFGS;2024-04-02;;1,0;120,209301435666;;;;;;;;;
TFDGNY;2022-11-08;;;;;;;;;;;;
T03644;1998-05-29;24,330291;;;10,0;7,5;7,0;8,5;9,0;10,0;9,0;9,5;2023-07-12 10:39:40.000
TFDDLM;2022-06-29;170,696658;;;8,0;6,0;8,0;8,0;7,0;8,0;7,0;8,0;2024-11-08 16:25:57.000
TFDC78;2022-04-22;919,363664;;;;;;;;;;;
TEVVT0;2010-03-08;;1,0;295,800219836306;9,0;8,25;8,25;9,0;7,25;9,0;8,0;8,0;2022-09-30 13:12:21.490
TFDDJ5;2022-06-27;38,489547;;;;;;;;;;;
TFEEFW;2025-02-19;;1,0;139,601695473879;;;;;;;;;
TEVZN2;2006-04-04;;;;;;;;;;;;
TFDUMF;2024-06-27;274,084669;1,0;29137,0405134861;;;;;;;;;
TFCJMH;2019-08-28;;;;;;;;;;;;
TFDHQV;2022-12-29;752,247409;2,0;653,821732575192;;;;;;;;;
T16834;2007-10-31;705,923725;1,0;0,00420385736791976;8,8;8,8;9,0;9,6;7,4;9,2;8,0;8,6;2024-06-20 15:28:37.000
TFCZR8;2021-10-26;451,832065;;;9,0;9,0;9,0;9,0;9,0;9,0;9,0;9,0;2024-09-20 17:22:11.000
TFEC17;2024-10-28;1105,891416;1,0;2286,08706367634;;;;;;;;;
TDCGGW;2019-09-23;;;;;;;;;;;;
TA2869;2003-01-02;14,31672;;;;;;;;;;;
TB4358;2015-01-25;216,66058;3,0;4968,37086884965;9,5;7,5;8,75;9,25;6,5;8,25;8,75;8,0;2024-03-28 09:53:07.000
TB2968;2012-04-20;222,1994;3,0;2182,609114565;9,5;7,5;8,5;9,5;8,5;9,5;9,0;9,0;2024-10-31 11:08:53.000
TEZUUO;2016-09-28;504,231972;1,0;10810,5933649114;8,0;9,333333333333334;8,666666666666666;9,666666666666666;8,0;9,0;8,0;9,333333333333334;2024-11-11 11:14:37.000
TFBWYD;2018-04-27;35,022012;;;;;;;;;;;
TFDRJV;2024-01-17;504,044199;1,0;1698,71990837322;;;;;;;;;
TFCNTF;2018-05-09;196,458172;;;9,0;8,0;8,0;9,0;8,0;8,0;8,0;8,0;2024-11-22 09:33:34.000
TEZLMG;2013-01-18;208,821605;;;;;;;;;;;
TFDBIX;2021-06-24;98,704792;;;10,0;8,5;8,5;10,0;8,5;7,5;6,5;9,0;2024-10-02 11:47:59.000
T21048;2011-04-15;813,637833;;;9,2;8,8;8,8;8,2;8,0;9,2;8,6;9,4;2024-12-12 15:59:51.000
TDCDC7;2022-03-07;;;;;;;;;;;;
TEXVCH;2001-12-19;291,883757;;;8,5;8,0;8,0;9,0;7,0;9,0;8,0;8,0;2021-08-02 16:30:00.000
T37041;2012-06-14;309,914688;4,0;46735,5435163743;8,5;7,833333333333333;7,833333333333333;7,5;6,5;8,333333333333334;7,0;8,166666666666666;2024-05-02 17:30:38.000
TFBWP2;2014-05-28;311,362199;;;;;;;;;;;
TFDFN2;2022-09-28;520,481197;1,0;0,00840771473583952;;;;;;;;;
TFBZNE;2018-06-20;2918,139755;3,0;147419,684690432;8,0;8,0;8,0;9,0;7,0;9,0;8,0;8,0;2021-06-22 14:56:00.000
T37094;2004-06-30;1210,321693;;;8,0;7,6;7,8;8,4;6,2;9,0;8,0;8,4;2023-07-11 10:29:59.000
TEZBXW;2012-12-24;811,192829;1,0;7498,07146699694;7,4;7,6;7,8;8,0;6,8;7,8;7,2;7,2;2023-09-13 17:47:59.000
TFDTW8;2024-05-14;25,310257;1,0;105,727012803182;;;;;;;;;
T35575;2009-12-29;731,665274;;;9,5;8,5;8,5;9,0;7,0;8,5;8,0;8,0;2022-03-31 00:00:00.000
TEZJSN;2015-02-12;292,25847;;;5,0;8,0;8,0;9,0;7,0;9,0;8,0;8,0;2020-03-09 14:34:00.000
TFCQB8;2020-06-29;942,47917;1,0;6701,57501921192;7,0;8,0;8,0;7,0;5,0;7,0;4,0;7,0;2024-11-13 15:02:04.000
TFCSU9;2020-11-25;129,319354;;;2,0;8,0;8,0;9,0;7,0;9,0;8,0;8,0;2022-08-05 19:58:05.053
TDCC35;2014-08-22;;;;;;;;;;;;
TB1827;2009-11-20;289,263648;1,0;138,092510678796;10,0;8,0;8,0;9,0;7,0;9,0;8,0;8,0;2022-02-04 17:15:00.000
TFCFTB;2019-03-29;;;;10,0;9,0;9,0;9,0;7,0;10,0;10,0;10,0;2024-04-12 11:02:03.000
TDCC2L;2018-10-10;;;;;;;;;;;;
TFCXHA;2021-07-01;194,70639;2,0;4753,51592263264;7,0;7,0;8,0;9,0;6,0;9,0;8,0;8,0;2023-12-27 14:50:20.000
TFDRFO;2023-12-29;569,003089;;;;;;;;;;;
TFDVPI;2024-09-09;52,163984;1,0;701,812968287364;;;;;;;;;
TFCNRP;2010-06-29;1590,918465;3,0;135497,498952581;;;;;;;;;
TCBJA3;2011-09-21;42,174673;;;;;;;;;;;
TB2497;2015-02-24;101,021319;;;7,0;8,0;7,0;7,0;8,0;8,0;8,0;7,0;2022-05-20 00:00:00.000
TFED34;2024-12-09;73,622154;2,0;219,479189321723;;;;;;;;;
T15753;2006-10-31;169,404571;;;8,0;6,5;8,5;9,0;4,0;9,0;6,0;5,5;2024-01-04 09:29:44.000
TFDGKG;2010-03-02;1182,562051;8,0;30781,0346066437;;;;;;;;;
T10392;2000-08-01;424,306918;;;7,0;8,0;8,0;9,0;7,0;9,0;8,0;8,0;2019-05-15 11:53:00.000
TDCENQ;2024-03-15;;1,0;176,061750425847;;;;;;;;;
TEZMT4;2015-10-25;183,671482;;;7,666666666666667;7,666666666666667;8,0;8,333333333333334;7,333333333333333;8,666666666666666;8,0;8,0;2025-02-04 16:09:13.000
TDC0X0;2020-04-01;30,017804;;;;;;;;;;;
TFECKS;2024-11-13;433,226944;1,0;13967,1101159024;8,0;8,0;8,0;9,0;7,0;8,0;8,0;8,0;2025-03-14 11:28:52.000
TFCONR;2025-03-13;;1,0;256,435299443105;;;;;;;;;
TDCEYF;2020-07-30;;;;;;;;;;;;
TDC9X2;2021-07-27;;1,0;2045,63903380343;;;;;;;;;
T01899;1995-12-14;628,717296;;;8,0;6,5;7,5;8,5;7,5;8,5;8,0;8,5;2024-10-28 14:50:30.000
TDCEVC;2024-01-22;;;;;;;;;;;;
TFCEMY;2019-01-31;1076,954298;2,0;2009,58675301615;10,0;10,0;8,0;10,0;9,0;5,0;10,0;8,0;2024-12-17 10:39:06.000
TFDBFX;2023-03-09;590,589573;;;;;;;;;;;
TFBZT8;2018-06-28;157,312865;;;0,6;3,8;6,4;5,8;4,2;9,0;8,0;5,8;2025-03-10 10:03:00.000
TFDPFO;2025-02-28;;1,0;11418,6981486105;;;;;;;;;
TDCEO3;2021-04-30;;;;;;;;;;;;
TB1634;2010-01-28;364,931588;;;8,25;6,25;6,75;9,25;7,0;8,25;8,0;8,25;2025-03-20 10:58:47.000
TDCE8V;2018-02-22;;;;;;;;;;;;
TEXYF4;2010-12-27;128,077182;;;9,0;8,0;8,0;8,5;7,0;8,5;8,5;8,0;2022-11-03 18:05:49.710
TFDUAV;2024-05-29;527,57756;1,0;552,008510981544;;;;;;;;;
TDCDGS;2024-11-18;;1,0;124,938640974575;;;;;;;;;
T01351;1994-11-11;613,506632;2,0;6144,00900878998;9,0;8,0;8,0;9,0;8,0;8,0;9,0;9,0;2024-04-01 08:32:16.000
TFBLQ1;2017-10-10;139,212676;;;5,0;6,0;6,0;10,0;3,0;9,0;8,0;4,0;2022-11-25 18:12:07.393
TFBYIU;2017-03-28;299,220219;;;10,0;8,5;8,5;9,0;3,5;3,5;8,0;8,0;2023-05-26 13:00:16.537
TFDEC3;2022-07-28;361,67143;1,0;272,889197181143;6,5;6,0;7,0;9,5;5,0;9,0;4,5;6,0;2025-01-22 14:23:14.000
TFCRFY;2020-08-28;932,948853;;;4,0;7,666666666666667;8,333333333333334;9,333333333333334;6,666666666666667;9,333333333333334;8,0;8,666666666666666;2024-08-21 14:35:42.000
T51145;2009-11-04;211,220711;;;7,333333333333333;9,0;9,0;7,666666666666667;5,666666666666667;9,0;5,333333333333333;9,0;2024-05-17 09:10:14.000
T14319;2011-05-09;80,524055;;;6,4;7,0;7,8;8,2;5,6;6,8;7,4;6,6;2024-03-15 08:55:20.000
T13857;2005-06-27;166,563555;;;9,0;8,0;10,0;9,0;10,0;10,0;8,0;8,0;2024-09-24 14:54:18.000
TB3542;2014-04-28;196,738325;;;7,75;8,0;8,5;9,0;7,5;9,25;8,25;8,5;2024-11-13 08:58:57.000
T47857;2006-11-30;113,502692;7,0;171972,557471495;;;;;;;;;
TDCC2M;2018-10-09;;;;;;;;;;;;
TEZFID;2013-12-20;111,250751;1,0;104,293497440721;9,0;9,0;9,0;9,5;8,5;9,5;9,0;9,0;2024-10-04 09:23:18.000
TDCCK1;2022-02-07;;;;;;;;;;;;
TFDQUV;2023-11-30;;;;;;;;;;;;
TFDBSF;2022-05-13;2625,199089;1,0;262,375349903976;;;;;;;;;
TFCQSA;2020-07-31;113,136673;2,0;3423,32296656073;10,0;9,333333333333334;8,666666666666666;10,0;8,666666666666666;10,0;9,0;9,333333333333334;2024-01-23 13:45:55.000
TEWRJA;2011-07-29;832,208065;2,0;0,016815429471679;8,0;8,0;8,0;9,0;7,0;9,0;8,0;8,0;2021-11-18 11:16:00.000
TFD267;2022-03-28;;2,0;37,0233718392693;;;;;;;;;
TDCF41;2021-09-16;;;;;;;;;;;;
TEZEO4;2013-10-08;628,63071;;;9,0;8,0;8,0;9,0;7,0;9,0;8,0;8,0;2021-03-30 15:43:00.000
TDCHB0;2024-09-20;;1,0;685,502001699836;;;;;;;;;
TEZLK4;2023-02-28;;;;;;;;;;;;
TFCRID;2020-08-31;142,329171;3,0;2850,41708060326;3,5;2,5;8,0;4,5;3,5;5,5;9,0;3,5;2025-02-20 15:14:11.000
TDCFPB;2023-12-05;;;;;;;;;;;;
T43130;2010-07-26;518,735139;;;;;;;;;;;
T22532;2000-03-15;440,953603;1,0;882,599854394754;9,0;8,666666666666666;8,666666666666666;9,666666666666666;7,0;9,0;9,333333333333334;8,666666666666666;2024-10-24 10:03:59.000
T03415;1998-01-08;3937,070554;;;8,0;7,5;8,0;9,0;7,5;8,5;8,5;8,0;2022-03-16 00:00:00.000
TEZKDT;2015-03-23;370,315466;2,0;1725,84319611104;10,0;8,666666666666666;8,666666666666666;9,5;7,833333333333333;9,333333333333334;8,0;9,0;2024-12-20 10:00:52.000
TCAXST;2014-08-07;37,548207;;;7,0;7,0;6,0;2,0;7,0;7,0;7,0;7,0;2022-09-12 17:55:53.343
TFDFT4;2022-09-30;844,30786;3,0;3705,60778495917;8,5;9,5;9,0;9,5;7,5;8,5;6,5;8,0;2024-12-19 11:27:06.000
TFCPB7;2020-04-15;287,781158;;;9,0;10,0;10,0;10,0;7,0;9,0;8,0;8,0;2022-06-23 11:53:19.000
T46371;2007-01-02;47,590467;;;;;;;;;;;
TFCTW5;2014-11-18;;;;;;;;;;;;
T61235;2005-10-24;;;;8,0;7,333333333333333;8,333333333333334;9,333333333333334;7,333333333333333;9,0;8,0;8,0;2022-03-24 00:00:00.000
TFDMX1;2023-05-03;416,075882;1,0;2335,68837676043;;;;;;;;;
TEZHAN;2014-05-28;67,508063;;;;;;;;;;;
TDCE77;2023-04-04;;;;;;;;;;;;
TFCPHL;2023-10-04;450,647771;;;8,0;7,0;7,0;8,0;6,0;8,0;8,0;9,0;2024-07-25 15:39:39.000
T84754;2018-09-12;231,416392;;;10,0;7,0;7,0;10,0;8,0;10,0;10,0;8,0;2024-03-19 17:22:16.000
TFDMWG;2023-11-17;176,720842;;;;;;;;;;;
TDCF77;2024-06-28;;1,0;229,686155011032;;;;;;;;;
TEZUUX;2016-09-29;656,836544;;;8,0;7,5;7,75;9,25;6,5;9,5;7,75;8,0;2024-01-23 14:20:51.000
T36679;2000-02-21;;;;;;;;;;;;
T75306;2016-05-23;2140,850197;1,0;62858,6313104159;;;;;;;;;
TFBRJW;2017-12-21;901,690472;1,0;174,628235063387;;;;;;;;;
TC3240;2015-11-30;;;;;;;;;;;;
T57849;2007-04-18;;;;;;;;;;;;
TB1937;2011-06-06;1734,221857;;;7,333333333333333;8,0;8,0;9,0;7,333333333333333;9,0;6,0;8,0;2025-02-17 11:28:34.000
TFDCDJ;2022-04-29;244,714837;;;10,0;10,0;9,0;10,0;9,0;10,0;8,0;10,0;2023-12-27 15:38:33.000
TFEBFR;2024-09-25;1473,201277;1,0;8709,61054885931;;;;;;;;;
T24410;2009-11-10;126,164698;2,0;26092,9054815117;10,0;8,0;8,0;9,0;7,0;9,0;8,0;8,0;2019-04-05 16:37:00.000
T61024;2009-07-20;1703,992635;9,0;3611,57169949618;7,2;6,8;7,0;8,8;6,8;8,4;7,2;7,8;2024-11-12 17:07:56.000
TB4118;2014-05-28;112,798834;;;8,0;9,0;9,0;9,0;7,0;9,0;8,0;9,0;2024-10-22 09:50:46.000
T10869;2003-08-29;64,654565;2,0;10364,8835913351;9,666666666666666;8,0;8,0;9,0;4,666666666666667;9,0;8,333333333333334;9,0;2023-07-12 11:21:01.000
TFDAMI;2022-01-27;86,261212;;;10,0;9,0;10,0;8,0;8,0;5,0;10,0;7,0;2024-05-09 11:06:30.000
TEYVYZ;2012-08-31;356,594233;;;8,333333333333334;6,666666666666667;8,0;9,333333333333334;6,666666666666667;8,666666666666666;8,666666666666666;8,666666666666666;2024-07-18 11:14:28.000
TCARLC;2017-05-02;;;;;;;;;;;;
TFCVU9;2021-04-28;269,186329;1,0;172,505287092587;9,666666666666666;7,666666666666667;9,666666666666666;9,0;7,0;9,666666666666666;9,0;9,0;2024-09-03 10:19:17.000
TEZCEK;2013-04-02;;;;8,25;9,0;8,5;9,0;6,0;9,25;8,5;8,5;2025-02-06 16:57:18.000
TFDQIK;2023-11-06;46,670405;;;;;;;;;;;
T03201;1997-09-24;192,353314;;;;;;;;;;;
T62512;2009-08-27;1325,110977;;;8,0;8,5;9,0;8,5;7,0;7,5;6,5;7,0;2023-10-16 09:45:07.000
TDCFCW;2023-11-07;;;;;;;;;;;;
TFCPTO;2020-06-04;727,859421;;;10,0;8,666666666666666;9,0;9,5;8,0;9,5;8,666666666666666;8,833333333333334;2025-03-05 13:50:32.000
TDCGAY;2019-10-10;;;;;;;;;;;;
TFDQPJ;2023-11-24;510,865035;;;;;;;;;;;
TAA537;2011-03-28;128,434767;;;7,0;5,0;5,0;3,0;5,0;8,0;8,0;7,0;2024-11-12 11:22:48.000
TFCVLB;2021-04-08;47,280083;;;8,0;8,0;8,0;9,0;5,0;7,0;8,0;7,0;2022-05-31 00:00:00.000
TFDV91;2024-07-31;1420,003722;2,0;9184,25967655639;;;;;;;;;
TB0731;2006-01-05;697,645516;1,0;289,00258247238;9,0;9,0;9,0;9,0;5,5;7,0;8,0;5,5;2024-06-21 10:53:24.000
TFCN09;2020-01-06;757,830523;2,0;2523,64283968012;7,0;9,0;10,0;9,0;7,0;10,0;8,0;8,0;2024-01-02 13:46:13.000
T04876;1999-06-01;501,487522;;;;;;;;;;;
T16950;2002-10-15;;;;;;;;;;;;
TEZGBW;2014-02-04;130,540113;3,0;15400,8524866609;9,0;7,5;7,5;8,5;8,0;9,0;8,5;8,5;2024-01-15 09:12:21.000
TFBLJG;2017-09-25;;;;;;;;;;;;
TDC337;2022-06-01;0,0;;;;;;;;;;;
TFDFA0;2020-10-30;1703,402046;5,0;6938,52123589735;;;;;;;;;
TDCG1B;2022-10-14;;;;;;;;;;;;
TDCDHA;2021-11-29;;;;;;;;;;;;
TDCF5O;2024-04-02;;1,0;97,235220919984;;;;;;;;;
TDCDCB;2021-09-30;;;;;;;;;;;;
TFCOCQ;2020-02-19;349,233151;;;8,5;7,5;7,5;8,0;6,5;6,5;9,0;8,5;2023-09-26 11:13:34.000
T17432;2010-04-28;779,37883;2,0;4899,75971274783;7,0;7,0;7,5;8,5;7,0;9,0;8,0;7,5;2024-03-13 16:26:03.000
TB3620;2013-04-25;627,196254;;;8,5;8,0;8,0;9,0;7,0;9,0;8,0;8,0;2021-02-17 15:43:00.000
T15854;2010-02-09;343,595596;2,0;40108,0110369836;8,875;8,375;8,375;9,25;7,25;8,875;8,375;8,25;2024-11-05 10:47:15.000
TFBTIH;2018-02-08;1811,196101;1,0;3365,63763575813;7,75;7,75;9,0;9,25;7,5;9,0;7,75;7,0;2023-02-23 12:53:41.987
TDCD27;2023-01-19;;;;;;;;;;;;
TFCUXW;2021-08-26;99,685045;1,0;198,44729091002;9,0;6,333333333333333;6,0;8,666666666666666;7,333333333333333;7,666666666666667;8,666666666666666;7,666666666666667;2024-12-18 11:04:27.000
T15080;2006-04-13;276,967774;;;7,0;8,0;8,0;9,0;7,0;9,0;8,0;8,0;2019-08-01 16:56:00.000
TEZG24;2014-02-25;601,456217;1,0;106,971354584086;6,5;5,5;4,5;7,5;6,5;3,5;6,0;4,5;2023-07-04 10:30:23.000
T54615;2011-05-30;;1,0;236,088629782374;;;;;;;;;
TFCWEY;2021-05-20;656,497568;;;;;;;;;;;
TDCG8B;2021-08-17;;;;;;;;;;;;
TA8241;2010-07-26;793,320656;;;6,0;7,0;7,0;4,0;8,0;8,0;6,0;6,0;2024-05-13 15:44:50.000
TFDOSE;2023-07-31;92,170809;1,0;63,7472931271352;;;;;;;;;
TFCJNX;2019-08-29;646,281202;2,0;46825,3505213252;7,0;8,0;8,0;9,0;7,0;9,0;8,0;8,0;2020-03-05 15:45:00.000
TEXCHQ;2012-05-03;692,430542;1,0;7236,03662953976;8,25;7,75;8,0;8,75;7,0;8,75;8,0;8,75;2024-07-19 11:54:23.000
T46007;2011-04-05;1222,475901;;;;;;;;;;;
T52926;2012-11-06;1473,372361;4,0;47210,2094595009;8,8;8,2;8,2;8,4;6,8;9,0;8,8;8,6;2023-06-15 16:40:07.000
T57161;2011-02-28;133,739841;3,0;238,291451043164;6,666666666666667;6,333333333333333;6,666666666666667;9,0;5,666666666666667;7,333333333333333;8,0;8,0;2024-12-02 12:09:53.000
TFCSN0;2020-11-12;71,049716;;;;;;;;;;;
TB1207;2012-07-05;265,37315;;;9,5;6,5;8,0;9,0;6,75;9,25;8,0;8,25;2023-07-12 11:14:45.000
TEVNDC;2007-06-28;;;;;;;;;;;;
T08433;2015-12-17;1007,461855;;;5,0;7,0;7,0;9,0;6,5;8,5;8,5;8,0;2024-08-02 16:25:20.000
T16208;2007-05-31;309,331711;2,0;562,228088242957;7,5;8,0;8,0;9,0;7,0;9,0;8,0;8,0;2021-10-22 15:29:00.000
TEXKG9;2011-12-21;247,4788;1,0;82,4208275554348;;;;;;;;;
TFEDDN;2024-12-19;;1,0;177,755904945119;;;;;;;;;
TDCFV2;2024-08-23;;1,0;138,903855150805;;;;;;;;;
TDCHB5;2024-09-30;;1,0;163,878971773616;;;;;;;;;
T53360;2009-06-29;2201,085818;;;6,0;8,0;8,0;9,0;7,0;9,0;8,0;8,0;2021-10-26 16:25:00.000
TFEEFN;2025-02-19;;1,0;151,338865245111;;;;;;;;;
TFDHQN;2022-12-29;2129,537965;1,0;10526,6185958511;;;;;;;;;
T55554;2007-12-04;1324,113094;1,0;3032,42728920471;10,0;8,0;9,0;7,0;7,0;10,0;9,0;7,0;2022-11-22 19:26:53.500
T16751;2007-09-25;2235,927783;1,0;132,87131982784;2,6666666666666665;2,3333333333333335;2,3333333333333335;3,6666666666666665;1,6666666666666667;3,0;2,0;6,333333333333333;2024-11-14 17:00:30.000
TFBXIJ;2023-06-30;35,907409;;;9,0;9,0;9,0;9,0;8,0;9,0;8,0;9,0;2024-07-18 14:45:06.000
T01356;2011-12-05;699,314675;;;10,0;8,333333333333334;8,0;9,166666666666666;8,5;9,5;8,666666666666666;8,333333333333334;2025-02-04 16:05:02.000
TFCJNS;2019-08-29;266,835467;1,0;1907,52129998043;9,5;8,0;8,5;10,0;7,5;10,0;9,5;9,0;2024-04-03 15:44:06.000
T40217;2015-12-07;579,823737;;;9,666666666666666;8,0;8,333333333333334;9,333333333333334;7,333333333333333;9,333333333333334;8,666666666666666;7,0;2024-03-20 11:22:10.000
TFCOUZ;2020-03-17;2185,918075;3,0;2266,74091206917;7,0;7,666666666666667;7,333333333333333;6,333333333333333;4,333333333333333;7,333333333333333;8,0;7,333333333333333;2024-12-05 14:54:24.000
TFDIEI;2023-01-31;509,133574;;;9,0;10,0;10,0;9,0;8,0;8,0;6,0;9,0;2024-10-18 11:44:36.000
TEVVV1;2020-08-28;468,59789;;;;;;;;;;;
TD0317;2011-07-04;279,87881;2,0;149,497575717962;8,0;6,0;7,333333333333333;7,666666666666667;5,666666666666667;9,333333333333334;7,0;9,333333333333334;2024-10-31 15:10:10.000
TDCELY;2016-05-02;;1,0;1805,80476710624;;;;;;;;;
TD0407;2013-12-10;434,067442;;;;;;;;;;;
TFDQJO;2023-11-08;155,306255;2,0;2107,76784184392;;;;;;;;;
TFDXY6;2024-09-23;;1,0;3718,13948377294;;;;;;;;;
TEZNAS;2015-11-30;853,270631;;;8,0;7,6;7,8;8,6;7,2;8,6;7,8;8,2;2024-06-28 11:59:28.000
TDC024;2020-08-07;91,949604;;;;;;;;;;;
TFDPFL;2023-08-31;828,823668;1,0;1283,89167102164;8,0;8,0;8,0;9,0;9,0;9,0;7,0;8,0;2025-02-06 16:53:55.000
TEZSNN;2016-08-17;352,241954;3,0;3070,61933339226;6,0;8,0;8,0;9,0;7,0;8,75;8,25;8,25;2025-02-26 14:38:12.000
TDCC5X;2021-11-10;;;;;;;;;;;;
TEXFBJ;2011-10-25;;;;;;;;;;;;
TFDRP5;2023-09-06;596,175066;;;;;;;;;;;
TB1173;2015-03-25;212,872735;;;10,0;7,0;8,333333333333334;9,666666666666666;4,666666666666667;8,333333333333334;9,333333333333334;6,333333333333333;2023-09-06 16:29:06.000
TFBY63;2013-08-13;84,787729;;;10,0;10,0;9,0;9,333333333333334;6,0;8,666666666666666;8,0;9,333333333333334;2024-04-19 15:26:34.000
TB2139;2013-10-05;213,416717;;;8,0;7,333333333333333;8,666666666666666;9,333333333333334;7,666666666666667;9,0;8,333333333333334;8,333333333333334;2024-03-06 11:03:30.000
TFDQS3;2023-11-28;1836,787796;;;10,0;8,0;7,0;10,0;9,0;9,0;9,0;8,0;2024-11-08 17:03:00.000
TFCDRM;2018-12-21;142,217939;;;0,0;5,0;7,5;2,5;0,0;9,0;4,0;4,0;2023-07-19 09:44:51.000
TFCOGC;2020-01-31;609,7697;;;;;;;;;;;
TFDSHG;2024-03-20;537,76616;4,0;26027,2790641411;;;;;;;;;
TFECAR;2024-10-31;;1,0;3929,81631381981;;;;;;;;;
TEZNZ2;2016-03-11;304,758639;;;6,285714285714286;7,571428571428571;7,857142857142857;8,714285714285714;5,857142857142857;8,714285714285714;7,571428571428571;7,428571428571429;2024-10-23 13:49:05.000
TDCAEH;2023-04-12;;;;;;;;;;;;
TEVSAQ;2010-02-19;284,843005;;;7,0;8,0;8,0;9,0;7,0;9,0;8,0;8,0;2021-02-09 10:23:00.000
TEY678;2012-06-15;604,06908;1,0;0,00420385736791976;8,6;7,4;7,6;8,4;6,6;8,4;8,0;8,4;2025-01-16 15:48:40.000
TFDSGE;2024-03-25;30,88173;5,0;2107,77624955866;;;;;;;;;
TAAG42;2006-06-28;2120,210425;3,0;10734,7179432778;7,5;8,0;8,5;7,5;7,0;9,0;7,0;8,0;2022-05-13 00:00:00.000
TFDQKX;2023-11-13;448,08199;1,0;308,197395214301;;;;;;;;;
T16411;2010-04-30;309,087365;4,0;75970,180782514;7,5;8,0;8,0;9,0;7,0;9,0;8,0;8,0;2021-11-24 15:21:00.000
TFEBQ0;2024-10-01;36,179447;1,0;300,210066215254;;;;;;;;;
TB3111;2014-08-16;565,213399;5,0;79157,7976703129;8,0;7,333333333333333;7,666666666666667;9,333333333333334;7,0;8,0;6,333333333333333;6,666666666666667;2024-11-27 14:24:22.000
TFECJZ;2024-11-12;;1,0;214,522841484945;;;;;;;;;
TDCC6L;2024-01-12;;;;;;;;;;;;
TFDN39;2023-05-11;619,30301;;;9,0;10,0;8,0;10,0;9,0;10,0;8,0;10,0;2025-01-16 10:59:01.000
TDCEAU;2021-02-22;;;;;;;;;;;;
TFBZLC;2018-06-14;681,329188;;;;;;;;;;;
TFCYVO;2021-09-16;616,427596;3,0;4352,19047514681;0,0;3,0;8,0;3,0;2,0;0,0;8,0;5,0;2024-01-24 15:53:23.000
TAAHSW;2010-11-10;434,614013;;;8,2;8,0;8,4;9,2;7,6;9,2;8,2;8,4;2024-09-17 14:57:49.000
TFCQDN;2020-06-30;1411,017718;;;9,0;5,333333333333333;5,333333333333333;9,666666666666666;6,0;9,666666666666666;8,0;8,666666666666666;2023-03-17 13:18:48.257
TDCGHF;2019-02-15;;;;;;;;;;;;
TFCYEC;2021-08-17;224,668933;3,0;2692,19229698949;;;;;;;;;
T05995;2000-02-15;810,354633;4,0;446,155382457324;8,285714285714286;7,857142857142857;7,857142857142857;8,857142857142858;7,571428571428571;8,857142857142858;8,142857142857142;8,0;2025-01-30 08:51:32.000
TA2657;2015-06-15;59,321349;;;8,0;9,0;9,0;9,0;7,0;9,0;8,0;8,0;2023-09-19 10:02:55.000
TFCUWG;2021-03-08;58,082895;;;;;;;;;;;
TFCX58;2021-06-13;;;;;;;;;;;;
TEZNYE;2016-03-04;;;;;;;;;;;;
TFECWL;2024-11-29;233,398655;1,0;2310,52408655606;;;;;;;;;
TFDHAK;2022-12-05;94,776287;;;;;;;;;;;
TFEDSH;2025-01-16;;2,0;2939,21936364319;;;;;;;;;
T17987;2009-01-13;1617,378631;3,0;206,014234172276;10,0;9,333333333333334;8,666666666666666;9,666666666666666;9,0;10,0;8,666666666666666;9,333333333333334;2025-01-10 16:00:37.000
TFDCZV;2022-06-02;430,26185;;;;;;;;;;;
T53590;2015-03-26;1283,25042;;;8,0;8,333333333333334;9,0;8,333333333333334;7,333333333333333;9,0;8,0;8,333333333333334;2023-04-04 16:48:01.333
T34551;2010-08-25;197,343038;1,0;698,113573803595;7,0;7,2;7,6;9,0;7,0;8,6;8,0;7,2;2023-01-04 17:11:04.163
TDCEFW;2018-03-26;;;;;;;;;;;;
TFCQRA;2020-07-30;1488,192833;;;;;;;;;;;
TB1468;2014-05-05;;;;7,8;6,4;6,6;9,8;5,2;9,2;8,0;7,4;2024-10-29 10:03:15.000
TFEEKX;2025-02-26;;1,0;615,865104400245;;;;;;;;;
TFBYGY;2013-01-18;77,290989;;;;;;;;;;;
TFDRK7;2024-01-18;;;;;;;;;;;;
TFCPRS;2020-05-29;2534,568847;;;8,0;8,0;8,0;9,0;7,0;9,0;7,0;7,0;2024-01-23 11:30:51.000
TDCEGM;2023-06-29;;;;;;;;;;;;
T75004;2010-02-08;1907,786528;12,0;1024174,5378394;7,25;8,0;8,0;9,0;7,0;9,0;8,0;8,0;2021-11-24 16:02:00.000
TEZLG7;2015-07-03;68,181333;;;9,666666666666666;8,333333333333334;8,0;9,333333333333334;8,0;8,666666666666666;8,666666666666666;9,0;2025-01-23 10:42:39.000
TFCBAL;2018-10-01;99,133747;;;10,0;8,0;8,0;10,0;8,0;8,0;10,0;10,0;2022-04-05 00:00:00.000
TEZB36;2017-10-23;937,425095;;;10,0;6,0;6,0;8,0;9,0;7,0;10,0;10,0;2024-07-05 16:07:50.000
T05606;2014-09-04;345,844748;3,0;126,422602625451;9,0;7,25;7,75;9,25;5,5;9,0;8,0;8,0;2024-10-28 09:55:22.000
TDCDOZ;2022-01-27;;;;;;;;;;;;
TB1718;2009-10-20;169,440212;;;9,6;8,8;8,8;8,8;7,0;8,4;8,4;8,4;2023-07-18 14:12:21.000
T84290;2008-10-09;642,15156;1,0;9637,02352279609;6,833333333333333;7,0;7,5;7,5;5,666666666666667;8,833333333333334;7,666666666666667;7,833333333333333;2024-08-20 09:47:37.000
TEZG04;2013-01-10;3067,864787;4,0;43306,6588465159;;;;;;;;;
TA3867;2016-07-07;81,814936;;;;;;;;;;;
TFDV14;2024-07-29;83,450171;1,0;87,0030320864674;;;;;;;;;
TEVP67;2010-05-13;;;;;;;;;;;;
T55754;2001-03-21;354,313861;;;9,0;8,0;8,0;9,0;7,0;9,0;8,0;8,0;2019-07-16 17:31:00.000
TFDJPD;2023-04-18;625,530203;;;7,0;5,0;5,0;7,0;7,0;7,0;7,0;7,0;2024-12-11 10:21:27.000
TFDOKF;2023-07-21;53,323262;;;;;;;;;;;
TDCGWW;2022-02-25;;;;;;;;;;;;
TAAFTY;2007-12-04;;;;;;;;;;;;
T57154;2009-07-03;865,348421;2,0;27665,6820269994;8,333333333333334;7,5;7,5;8,666666666666666;6,833333333333333;9,0;8,0;8,166666666666666;2024-04-25 15:08:02.000
TFCOP7;2020-03-09;305,252009;1,0;3376,29021032844;8,0;8,666666666666666;8,0;7,666666666666667;7,333333333333333;8,666666666666666;6,333333333333333;8,0;2024-07-31 14:54:24.000
TB2562;2011-06-06;101,959063;;;5,0;8,0;8,0;9,0;7,0;9,0;8,0;8,0;2021-10-18 10:32:00.000
TFDBKI;2022-03-22;37,23131;1,0;292,798665675611;;;;;;;;;
TEZVOV;2021-12-30;4630,483599;3,0;36096,5600169362;;;;;;;;;
T61662;2006-09-29;2536,052149;1,0;962,536202245748;8,0;8,5;8,5;7,5;8,0;9,0;8,5;7,0;2024-11-26 16:53:07.000
TDCC1L;2024-04-19;;2,0;284,588532236064;;;;;;;;;
T28597;1995-05-29;77,753044;;;;;;;;;;;
TDCD0F;2022-06-07;;;;;;;;;;;;
T62525;2009-10-30;;;;;;;;;;;;
TEWOWF;2011-06-29;83,922104;;;10,0;8,0;8,0;9,0;7,0;9,0;8,0;8,0;2020-01-14 09:49:00.000
TFCATG;2018-09-19;164,817126;2,0;361,725111080024;9,5;8,5;8,25;7,75;7,5;9,25;8,75;8,0;2024-07-26 11:09:16.000
T36438;2012-12-26;495,667012;;;8,0;6,5;7,5;6,5;7,0;9,0;8,0;8,0;2024-04-05 11:27:35.000
TB2603;2020-03-04;55,49124;;;;;;;;;;;
TFBXE4;2006-03-10;257,017446;;;8,0;8,0;9,0;9,5;5,5;9,0;9,5;8,5;2023-03-21 12:24:52.130
T77293;2011-11-04;405,172404;1,0;1450,372830506;8,666666666666666;6,666666666666667;7,666666666666667;9,0;7,333333333333333;8,0;8,0;8,333333333333334;2025-02-26 11:06:10.000
T30443;1996-10-24;566,661316;1,0;342,589152341253;9,5;9,0;9,5;9,5;8,25;9,0;8,5;8,5;2025-03-20 17:37:33.000
TFDUZN;2024-07-26;121,695064;1,0;127,978029851581;;;;;;;;;
TEZNIQ;2015-12-09;572,12964;;;8,0;6,333333333333333;6,333333333333333;8,333333333333334;8,0;9,333333333333334;8,333333333333334;9,0;2025-03-13 14:18:47.000
TFECAO;2024-10-31;75,108918;2,0;972,348005342473;;;;;;;;;
TFDOVP;2024-09-26;320,686866;1,0;10040,1314058059;;;;;;;;;
TEZKFG;2015-03-30;182,645516;;;6,5;9,0;8,5;9,5;5,5;9,5;7,25;9,0;2024-10-22 14:13:33.000
T02235;1996-07-04;;;;;;;;;;;;
TB3017;2012-06-20;352,811963;;;8,6;7,6;8,4;9,0;7,2;9,0;8,2;7,8;2024-12-03 10:46:51.000
TDCDSH;2022-10-18;;;;;;;;;;;;
TFECOP;2024-11-21;;1,0;1013,21790667339;;;;;;;;;
TFDJ68;2023-03-20;686,161228;;;;;;;;;;;
TFDEAU;2022-07-27;;;;;;;;;;;;
TFCET3;2016-09-05;526,591288;;;8,0;6,0;6,0;9,0;6,0;6,0;8,0;7,0;2023-08-21 10:19:53.000
T79237;2010-04-14;1308,552046;2,0;3794,04853626547;8,333333333333334;9,0;8,666666666666666;9,0;6,333333333333333;9,333333333333334;8,0;8,0;2024-07-30 16:29:22.000
TFACV9;2016-12-12;;;;;;;;;;;;
TFC816;2023-12-27;936,085493;;;;;;;;;;;
T48228;2012-09-25;1518,126173;;;8,0;8,0;8,0;9,0;7,0;9,0;8,0;8,0;2022-03-08 13:40:00.000
TFCWNZ;2021-06-02;;;;;;;;;;;;
TCABE5;2013-09-03;;;;;;;;;;;;
TDCG1V;2023-10-19;;;;;;;;;;;;
TB2240;2013-12-09;256,937335;;;9,5;7,75;8,25;9,0;7,5;9,25;8,5;8,25;2024-10-18 13:53:34.000
TDCFDT;2018-12-19;;;;;;;;;;;;
TEYYSH;2012-09-25;57,444115;;;8,0;8,0;8,0;9,0;7,0;9,0;8,0;8,0;2019-10-29 14:32:00.000
T76474;2010-09-02;261,166876;1,0;254,08113931707;8,6;7,6;7,8;9,0;7,4;8,8;8,4;8,2;2024-12-03 08:06:23.000
TEXHUS;2011-11-15;293,701293;;;9,0;8,0;8,0;9,5;7,0;8,5;8,5;8,5;2024-04-09 08:37:41.000
TFDANE;2022-01-29;67,945167;;;;;;;;;;;
TB3895;2013-11-01;122,394781;;;8,75;8,5;8,0;9,0;6,5;7,25;8,25;8,25;2023-02-06 14:34:45.150
TFDHHW;2022-12-19;263,308713;;;;;;;;;;;
TDCFH9;2021-09-13;;;;;;;;;;;;
TFEEO1;2025-02-28;;1,0;8796,15536049267;;;;;;;;;
T06525;2000-07-19;549,485776;1,0;763,73999117419;;;;;;;;;
TFCDQO;2022-05-10;81,858386;1,0;63,7472931271352;;;;;;;;;
TDCG6G;2024-05-21;;1,0;412,289107501363;;;;;;;;;
T84547;2009-10-28;476,675422;1,0;76648,5236151163;9,75;8,5;8,5;9,0;8,25;9,5;9,0;9,0;2023-02-15 12:45:59.687
TFD804;2024-09-30;41,397601;1,0;401,237166481102;;;;;;;;;
TFCBX0;2018-10-31;127,276901;;;10,0;8,0;8,0;9,0;7,0;9,0;8,0;8,0;2019-09-27 14:24:00.000
TCBHXQ;2007-08-24;;;;;;;;;;;;
TFCXLB;2021-07-13;968,92108;;;;;;;;;;;
TEZOAB;2016-03-24;241,298502;;;;;;;;;;;
TFDVCT;2024-08-07;94,816232;3,0;6383,132823592;;;;;;;;;
T11906;2005-06-30;694,827874;2,0;8702,02679016758;8,0;8,0;8,0;9,0;7,0;9,0;8,0;8,0;2021-10-20 16:45:00.000
TFDHBQ;2022-03-17;31,755291;;;;;;;;;;;
TFBLKB;2016-02-15;311,207615;;;9,6;7,2;7,8;9,0;7,4;8,8;7,6;9,0;2024-11-19 09:50:56.000
TFCXXN;2021-07-30;75,625776;;;9,0;8,0;8,0;9,0;8,0;8,0;10,0;7,0;2024-11-12 10:40:31.000
TFCX50;2021-06-09;;;;;;;;;;;;
TFDSZ4;2024-09-26;1251,13101;2,0;13570,6863661075;;;;;;;;;
T15173;2009-03-16;443,4448;2,0;317,807413157366;7,833333333333333;8,166666666666666;8,166666666666666;9,0;6,833333333333333;8,0;8,166666666666666;8,333333333333334;2024-10-21 17:16:12.000
TB4442;2015-01-10;147,433521;2,0;1764,08989044438;9,75;8,25;8,5;9,25;5,5;9,0;8,0;8,25;2023-07-14 11:14:24.000
T77788;2012-11-07;413,605615;;;9,2;7,8;8,2;9,4;7,6;9,4;8,2;8,8;2024-12-03 11:28:27.000
TFDVRL;2024-09-16;353,323281;2,0;3387,14877390978;;;;;;;;;
TFDQTO;2023-11-29;544,195041;;;;;;;;;;;
T76419;2007-06-06;366,41073;;;10,0;8,0;8,0;9,0;7,0;9,0;8,0;8,0;2021-08-23 11:30:00.000
TFEDAQ;2024-12-13;;1,0;0,00420385736791976;;;;;;;;;
TAA394;2010-08-24;;;;;;;;;;;;
TDCEX3;2018-09-04;;;;;;;;;;;;
TFBKES;2017-06-26;268,09017;;;7,0;7,0;7,0;9,0;7,0;9,0;7,0;7,0;2022-07-11 17:01:06.383
T15045;2006-05-05;2579,920663;4,0;20418,0427511242;10,0;7,0;8,666666666666666;9,0;5,666666666666667;9,0;8,333333333333334;5,333333333333333;2023-08-21 11:31:15.000
TFCTO6;2020-12-23;223,275493;;;;;;;;;;;
TDC31V;2016-01-29;;;;;;;;;;;;
TEZEI2;1998-06-03;;1,0;0,790325185168915;7,8;7,0;7,8;9,0;7,4;9,2;8,2;7,8;2024-08-29 14:11:01.000
TFCEZH;2019-02-20;906,479115;;;8,0;8,0;10,0;9,0;7,0;10,0;9,0;9,0;2024-05-16 14:56:41.000
T54838;1997-06-27;300,145688;;;9,5;8,0;8,0;9,0;7,0;9,0;8,0;8,0;2021-08-26 14:25:00.000
T62310;2009-11-30;410,377532;1,0;172,35815208471;8,333333333333334;7,666666666666667;8,0;9,0;6,333333333333333;7,333333333333333;8,0;8,0;2024-01-09 14:14:31.000
T59920;2010-10-01;611,768606;1,0;0,00420385736791976;9,0;8,333333333333334;8,666666666666666;9,0;7,333333333333333;9,0;8,0;8,0;2024-07-15 17:00:48.000
TDCGZ5;2021-11-10;;;;;;;;;;;;
TFCHW3;2019-06-25;154,128972;;;7,0;8,0;6,666666666666667;8,666666666666666;6,333333333333333;8,333333333333334;8,0;6,333333333333333;2024-10-02 10:30:11.000
TA0900;2010-05-13;107,981947;;;4,0;8,0;8,0;9,0;7,0;9,0;8,0;8,0;2020-05-14 11:31:00.000
TDC135;2020-03-01;79,538598;;;8,0;7,333333333333333;8,333333333333334;9,0;7,333333333333333;8,333333333333334;7,333333333333333;7,666666666666667;2024-11-26 08:51:56.000
TFDVDY;2024-08-12;;2,0;2103,37481089444;;;;;;;;;
T60571;2010-02-24;601,747454;1,0;4487,85736012432;10,0;7,333333333333333;7,0;9,666666666666666;7,0;9,333333333333334;8,666666666666666;8,0;2024-03-11 10:21:08.000
TB5559;2021-08-13;251,241854;3,0;18044,137107032;8,0;6,666666666666667;7,0;9,0;7,333333333333333;8,666666666666666;8,666666666666666;7,0;2024-05-16 17:16:50.000
T79896;2009-11-16;411,941688;;;8,666666666666666;7,333333333333333;8,333333333333334;8,333333333333334;7,333333333333333;8,666666666666666;8,333333333333334;8,666666666666666;2024-10-17 15:19:10.000
TFCXTF;2021-07-26;283,116059;3,0;19941,1613751647;10,0;7,0;9,0;10,0;9,0;9,0;8,0;10,0;2022-10-11 17:41:52.703
TDCH9Y;2022-02-24;;;;;;;;;;;;
TFEDMO;2025-01-10;2150,558905;1,0;38723,2814392777;;;;;;;;;
TFEBQ4;2024-09-30;219,187021;1,0;8758,32905189613;;;;;;;;;
TFDF96;2022-08-31;1904,098455;1,0;0,00420385736791976;;;;;;;;;
T27369;1994-09-22;;;;;;;;;;;;
TFCN90;2020-01-14;;;;;;;;;;;;
TDCDCX;2023-12-04;;;;;;;;;;;;
T45940;2011-01-28;184,393795;1,0;180,454781375324;9,5;9,5;10,0;9,5;6,5;10,0;10,0;10,0;2024-11-29 10:36:37.000
TDC86R;2020-05-05;;;;;;;;;;;;
TFBWZ1;2018-04-27;40,125476;;;;;;;;;;;
T50945;2012-11-27;969,915954;2,0;578,429754538919;10,0;7,5;7,5;9,25;7,25;9,25;8,0;8,25;2024-07-02 13:45:08.000
T25303;2010-02-04;174,521989;;;9,0;8,0;8,0;9,4;7,4;9,4;8,0;8,0;2023-11-22 17:31:01.000
TFCR85;2020-09-30;719,840714;;;9,5;9,0;9,0;9,5;7,0;8,5;8,5;9,5;2024-08-15 14:48:44.000
TB2979;2012-08-25;707,767498;;;4,25;5,25;6,5;7,75;3,5;7,0;8,0;5,75;2024-07-30 16:39:55.000
TEZGGX;2014-03-27;131,631144;2,0;803,563132020494;10,0;7,333333333333333;8,666666666666666;9,666666666666666;8,333333333333334;9,0;8,0;8,0;2023-06-15 08:36:33.000
T61402;2010-03-25;569,704676;6,0;9963,5791631361;8,833333333333334;8,0;8,5;9,333333333333334;7,833333333333333;9,166666666666666;8,333333333333334;8,333333333333334;2024-09-06 11:41:43.000
TDCGY9;2021-04-17;;;;;;;;;;;;
T61412;2006-06-19;826,18413;4,0;29092,1895592277;8,142857142857142;7,714285714285714;8,142857142857142;8,571428571428571;7,857142857142857;8,714285714285714;8,0;8,428571428571429;2024-04-05 09:08:52.000
TFCBHL;2018-10-11;156,589357;1,0;1135,8192029514;9,0;6,5;6,5;9,5;7,0;9,5;7,5;6,0;2024-05-23 17:32:07.000
T16167;2012-07-02;301,878396;;;7,5;8,0;8,0;9,0;7,0;9,0;8,0;8,0;2020-06-09 10:33:00.000
TFDVE6;2024-08-12;16,575587;3,0;931,032495130557;;;;;;;;;
TFCFVQ;2019-03-29;230,808807;2,0;516,897894244678;9,0;10,0;10,0;9,0;7,0;10,0;9,0;10,0;2023-10-10 16:31:15.000
TB3272;2012-10-15;126,340663;1,0;87,8816382763626;10,0;8,333333333333334;8,0;9,0;7,666666666666667;9,333333333333334;8,666666666666666;8,666666666666666;2025-03-11 14:36:23.000
TDCFFC;2023-10-10;;;;;;;;;;;;
T03993;1998-02-26;796,673184;;;8,833333333333334;8,0;8,333333333333334;9,0;7,833333333333333;9,166666666666666;8,166666666666666;8,5;2024-07-25 09:49:45.000
TFCNSQ;2020-01-31;602,327929;;;5,5;4,0;6,0;5,5;5,0;6,5;3,5;4,5;2025-02-21 15:54:02.000
TDCHEU;2024-10-14;;1,0;850,810284978544;;;;;;;;;
TFCUC5;2021-01-29;242,998477;;;;;;;;;;;
TB2095;2010-09-10;264,850267;1,0;1484,16343602934;8,0;7,142857142857143;7,428571428571429;8,571428571428571;6,857142857142857;8,714285714285714;8,0;7,142857142857143;2025-03-07 14:38:55.000
TFCTSH;2021-06-29;106,774025;2,0;44,9812738367414;7,0;3,0;5,0;7,0;5,0;6,0;8,0;2,0;2024-05-07 11:02:11.000
TDCHCT;2024-09-23;;1,0;108,720159249141;;;;;;;;;
TFEEB7;2025-02-07;;1,0;60,1067526465167;;;;;;;;;
TFC146;2016-05-23;1197,931004;;;;;;;;;;;
TFCC97;2018-11-12;;;;;;;;;;;;
T84717;2004-11-23;;;;;;;;;;;;
TA8446;2010-07-29;1362,51511;;;10,0;7,8;8,4;9,0;8,0;9,6;9,2;9,2;2024-06-07 11:38:57.000
TB4131;2014-02-15;212,779857;;;9,333333333333334;8,0;8,0;9,0;7,0;9,0;8,0;8,0;2022-11-11 17:16:44.413
T61210;2010-01-08;985,969434;1,0;2956,00116225593;7,5;8,0;8,0;9,0;6,75;8,5;7,75;8,0;2024-12-11 09:24:05.000
T10402;2007-07-02;320,277098;;;10,0;8,25;8,25;9,75;8,5;9,75;8,25;8,25;2025-01-09 14:46:42.000
TFDDKK;2022-06-28;33,035958;;;;;;;;;;;
TFDIM0;2023-02-15;2061,811713;3,0;16846,8869363632;9,0;7,0;7,0;9,0;8,0;9,0;7,0;8,0;2024-07-10 17:28:04.000
TDCDAT;2024-08-09;;1,0;144,259569437534;;;;;;;;;
TFECM8;2024-11-18;;1,0;227,769196051261;;;;;;;;;
TDC07A;2020-07-01;99,865542;;;10,0;9,5;9,5;10,0;9,0;9,0;10,0;9,5;2024-12-06 11:23:31.000
TFCYFY;2021-08-20;83,666462;;;;;;;;;;;
TFCTJ9;2020-12-16;121,038754;;;10,0;9,5;10,0;10,0;9,0;10,0;10,0;7,5;2024-11-14 09:18:00.000
T54414;2009-12-11;179,400467;;;7,0;8,0;8,0;9,0;7,666666666666667;7,666666666666667;8,0;8,333333333333334;2023-09-14 14:31:13.000
T16971;2007-11-13;590,591969;;;;;;;;;;;
TFEEWN;2025-03-20;;1,0;615,865104400245;;;;;;;;;
TB3988;2014-11-28;557,576099;;;8,0;6,25;8,5;9,0;7,0;9,0;8,0;7,5;2023-02-03 14:02:27.497
TDCD2U;2021-06-30;;;;;;;;;;;;
T11577;2004-04-14;97,422892;;;5,333333333333333;7,666666666666667;9,0;9,0;5,666666666666667;9,0;7,666666666666667;8,333333333333334;2023-02-06 18:28:18.947
TFCQTT;2020-07-31;99,268189;;;;;;;;;;;
TFDNOP;2023-05-31;1504,987993;;;;;;;;;;;
TDCE7G;2018-09-25;;;;;;;;;;;;
T33320;2010-11-30;228,771183;;;9,5;7,0;7,75;9,75;8,5;9,75;9,0;9,5;2024-11-18 09:43:17.000
TFCSJ0;2020-10-30;566,216555;2,0;8034,19360098511;9,0;8,0;8,0;9,0;8,0;9,0;8,0;8,0;2025-03-21 15:30:03.000
TDCFS8;2021-10-02;;;;;;;;;;;;
TDCEPM;2022-08-19;;;;;;;;;;;;
TDCFNJ;2013-08-19;;;;;;;;;;;;
TFDEB8;2022-07-27;105,410542;2,0;1775,90272964823;;;;;;;;;
TFBKNV;2017-07-14;586,737762;;;7,0;8,0;8,0;9,0;7,0;9,0;8,0;8,0;2019-11-01 10:37:00.000
TFCLHO;2019-10-30;;;;;;;;;;;;
T03211;1997-09-30;498,283213;1,0;15136,5223430808;9,166666666666666;8,166666666666666;8,5;8,666666666666666;7,5;9,333333333333334;8,0;8,333333333333334;2023-02-09 12:33:36.523
TDCGRQ;2018-09-20;;;;;;;;;;;;
T59700;2011-05-02;144,333945;;;6,333333333333333;6,0;7,666666666666667;9,333333333333334;6,333333333333333;8,666666666666666;7,666666666666667;6,666666666666667;2023-05-30 18:50:37.663
TEXPO9;2012-02-28;95,636704;;;9,5;9,0;9,25;9,75;7,0;10,0;9,5;9,25;2025-02-25 14:43:49.000
TDCG2U;2021-06-08;;;;;;;;;;;;
TFDI94;2023-01-24;2299,994484;8,0;48084,0989214293;;;;;;;;;
TFCMON;2016-05-24;41,930983;;;10,0;8,5;9,25;9,75;7,0;9,75;8,5;9,5;2024-11-22 13:54:31.000
T60327;2009-05-07;6713,884355;3,0;14106,5646763684;;;;;;;;;
TFEEYQ;2025-03-24;;1,0;5656,07989566764;;;;;;;;;
TFDQ71;2023-10-17;507,858773;3,0;8676,83307296164;;;;;;;;;
T09965;2004-09-30;;;;;;;;;;;;
TB0849;2015-10-05;1107,446423;;;7,833333333333333;7,333333333333333;7,666666666666667;7,833333333333333;7,5;8,333333333333334;8,166666666666666;8,166666666666666;2025-02-24 17:07:32.000
TB2169;2019-03-29;;;;9,0;7,0;8,0;9,0;6,0;9,0;4,0;9,0;2022-06-02 17:41:41.000
TFDVA8;2024-07-31;528,450094;1,0;552,008510981544;;;;;;;;;
TDCD17;2023-12-28;;;;;;;;;;;;
T25256;2001-11-30;419,858953;2,0;7503,24221155948;7,75;6,75;6,75;8,75;6,25;9,0;5,0;7,75;2024-02-22 12:03:20.000
TDCA4G;2020-07-22;1688,872972;1,0;12545,6682318024;;;;;;;;;
TDCG4W;2022-06-30;;;;;;;;;;;;
TFCEVN;2014-07-30;78,981931;;;7,5;5,5;6,0;8,5;3,5;7,5;8,0;6,5;2023-05-25 13:52:39.077
TEZCBR;2013-03-22;2050,653296;1,0;28345,8325182699;7,0;8,0;8,666666666666666;8,666666666666666;7,333333333333333;9,666666666666666;8,666666666666666;8,0;2025-03-26 11:20:32.000
TDCFQT;2020-08-26;;;;;;;;;;;;
TFBKDK;2012-11-22;275,024786;3,0;14334,7920928727;8,714285714285714;8,857142857142858;9,0;9,571428571428571;7,571428571428571;9,142857142857142;8,428571428571429;9,142857142857142;2024-10-24 11:29:46.000
T77109;2010-05-27;665,563917;2,0;3122,36881759135;10,0;8,0;8,0;10,0;7,0;9,0;8,0;8,0;2025-02-11 13:57:50.000
TFDU29;2024-05-23;;1,0;3143,74122844986;;;;;;;;;
T01440;1996-06-19;273,288823;1,0;117,926606884885;3,75;5,75;6,25;7,25;6,25;9,0;7,25;6,75;2023-02-14 12:22:15.130
TEVVTC;2010-03-24;412,578687;2,0;15428,9258461638;3,5;5,0;5,0;7,5;2,5;9,0;8,0;8,0;2025-01-13 10:50:27.000
TFDH10;2022-11-30;24,859591;;;;;;;;;;;
TDC350;2020-02-28;;;;;;;;;;;;
TEXCU9;2011-10-04;838,320624;3,0;3644,14739024019;8,0;8,0;8,5;8,75;7,25;8,75;8,0;8,0;2024-10-15 09:35:33.000
T01702;2012-05-02;1839,326325;;;9,75;8,5;8,5;9,0;8,0;9,0;9,0;8,5;2024-08-08 15:53:01.000
TFEBUG;2024-10-09;484,877112;1,0;15206,4955489698;;;;;;;;;
T50702;2009-12-04;105,020322;;;8,0;8,0;8,0;9,0;7,0;9,0;8,0;8,0;2023-09-06 14:35:44.000
TFEE34;2025-01-31;;1,0;322,902488287285;;;;;;;;;
TFDV79;2024-07-31;67,734389;1,0;165,724465158133;;;;;;;;;
TEYYZJ;2019-01-24;784,935699;;;;;;;;;;;
T53658;2009-12-21;1193,844185;3,0;100165,435621145;8,0;8,0;8,0;9,0;7,0;9,0;8,0;8,0;2019-04-10 17:27:00.000
TB2492;2011-05-05;625,905422;1,0;0,00420385736791976;;;;;;;;;
TDCG7X;2019-11-14;;;;;;;;;;;;
TEXSRY;2012-04-09;414,224731;2,0;10246,9569844502;8,333333333333334;7,666666666666667;7,666666666666667;9,0;7,333333333333333;9,0;8,0;8,0;2022-05-24 00:00:00.000
T16235;2009-10-16;798,204773;4,0;150001,172607495;5,75;5,75;5,25;6,0;5,0;7,5;6,0;6,75;2023-11-13 15:41:30.000
TFDSNL;2024-03-28;;2,0;1072,10974454058;;;;;;;;;
T58381;2011-01-31;157,161936;2,0;248,84733689401;9,25;8,5;8,75;8,0;7,25;9,0;8,0;8,75;2024-10-29 09:32:44.000
TFCYMM;2020-10-16;223,767649;2,0;7404,77946428806;8,0;7,0;8,0;8,0;7,333333333333333;8,666666666666666;7,333333333333333;8,666666666666666;2024-11-08 16:05:56.000
TDCH86;2022-06-30;;;;;;;;;;;;
T54086;2008-09-28;;;;;;;;;;;;
TFCWO1;2025-01-07;14,399198;2,0;407,774164688217;;;;;;;;;
T57693;2009-01-06;1122,123335;;;;;;;;;;;
TDC9TY;2022-11-10;;;;;;;;;;;;
TFBMVI;2012-10-31;47,977178;1,0;25,4963949364333;;;;;;;;;
TFCKOY;2019-09-30;724,74218;;;8,0;8,0;8,0;10,0;2,0;10,0;2,0;8,0;2024-11-22 10:53:35.000
TFDQ76;2023-10-17;35,462576;;;;;;;;;;;
TB4144;2017-05-29;113,171549;1,0;89,2436880635686;7,333333333333333;8,0;8,333333333333334;9,0;7,333333333333333;9,0;8,0;8,0;2022-07-12 18:23:09.860
TFCWG7;2021-05-24;35,777278;;;;;;;;;;;
TFCXXC;2021-07-29;730,138674;;;;;;;;;;;
TFDHZH;2023-10-30;951,532745;1,0;88,8359138988804;8,0;8,0;8,0;9,0;9,0;9,0;7,0;9,0;2025-01-17 11:39:06.000
T53023;2008-04-03;1231,605961;1,0;4493,67970257888;7,0;7,25;7,25;8,75;7,75;9,0;7,75;7,0;2024-03-06 12:35:43.000
TDCFFE;2023-12-26;;;;;;;;;;;;
TFEBF4;2024-09-24;21,286091;1,0;132,820873539425;;;;;;;;;
T10391;2003-04-30;243,868147;2,0;0,016815429471679;8,0;8,0;8,0;9,0;7,0;9,0;8,0;8,0;2019-05-07 14:58:00.000
TFDFM2;2022-11-24;621,844997;;;9,0;8,0;9,0;8,0;8,0;8,0;8,0;8,0;2024-11-21 09:41:00.000
TFDRS9;2024-02-06;77,741583;;;;;;;;;;;
TFDUTV;2024-07-08;264,236457;1,0;275,48297717715;;;;;;;;;
TFDABC;2022-10-11;3060,500171;4,0;37773,0877622641;10,0;7,0;7,5;9,5;9,5;7,5;7,0;9,5;2024-07-17 16:15:07.000
TFCC64;2014-07-02;293,095437;;;8,0;6,0;9,0;7,0;7,0;5,0;8,0;7,0;2022-09-08 18:53:42.150
T54649;2010-04-15;239,217464;1,0;7883,03970546419;7,25;8,25;8,5;7,75;4,75;9,25;8,0;8,25;2024-09-10 11:08:13.000
TDCCP3;2019-03-14;;;;;;;;;;;;
TFBYIJ;2011-04-14;1072,074382;;;5,0;5,0;0,0;7,0;5,0;10,0;8,0;7,0;2022-11-04 18:29:51.407
TFDHKP;2023-03-24;2589,357845;2,0;8207,57749426759;;;;;;;;;
T59746;2009-03-31;337,461813;1,0;2459,290191092;;;;;;;;;
TEZDET;2013-06-21;34,825724;;;8,0;8,0;9,0;10,0;10,0;10,0;8,0;8,0;2024-05-23 09:18:14.000
TFCTWT;2021-01-12;668,120896;;;4,5;6,0;9,0;6,0;6,5;9,0;9,5;4,5;2024-12-03 16:19:28.000
TEZSO4;2016-08-24;3942,52037;2,0;22969,6832808746;7,4;8,0;8,4;8,4;6,4;9,0;6,4;8,4;2024-11-22 17:23:55.000
TFDA63;2019-03-26;226,262658;1,0;52,7500022526571;8,0;5,0;8,0;5,0;5,0;8,0;7,0;6,0;2024-02-09 11:02:56.000
TFCKLP;2019-09-30;934,31901;1,0;0,00420385736791976;10,0;9,0;9,5;8,0;7,5;9,0;9,5;9,0;2024-11-05 09:58:40.000
T27051;2016-06-02;388,646386;;;7,25;7,5;8,25;7,75;7,25;7,75;7,5;8,25;2025-01-30 11:41:20.000
TDCCKW;2020-10-14;;;;;;;;;;;;
TFCFVF;2019-03-29;1145,260157;1,0;655,860603398633;5,5;5,25;6,75;7,75;5,25;8,5;6,5;6,25;2024-12-12 15:27:43.000
TDC0IN;2020-04-01;241,516882;6,0;11532,2275206885;9,25;8,75;9,0;9,0;8,0;9,0;8,5;8,25;2025-02-26 09:40:59.000
T42091;2006-09-20;263,160565;2,0;15604,5125607071;8,0;8,625;8,375;9,25;7,625;9,0;8,125;8,125;2025-02-17 15:28:48.000
T33815;2003-05-23;980,721621;;;7,333333333333333;7,666666666666667;8,333333333333334;9,0;7,0;9,0;8,333333333333334;8,333333333333334;2022-11-03 18:33:00.570
TB4903;2016-01-25;1048,87584;;;5,0;8,0;8,0;9,0;7,0;9,0;8,0;8,0;2022-02-17 16:11:00.000
TFDBQY;2022-03-30;70,432396;;;;;;;;;;;
TFD818;2021-12-14;1668,962638;3,0;12875,944285913;;;;;;;;;
TFCDFK;2018-12-05;368,564086;;;;;;;;;;;
TDCG95;2022-07-12;;;;;;;;;;;;
TFEDWY;2025-01-28;;1,0;236,647742812307;;;;;;;;;
TFCYY4;2021-01-29;432,320601;;;;;;;;;;;
TEZEJW;2014-10-01;598,932613;;;;;;;;;;;
TEVVTO;2009-10-29;;;;;;;;;;;;
TDC8I0;2023-01-18;;;;;;;;;;;;
TFCHHI;2019-05-31;153,566262;;;;;;;;;;;
TEZDAJ;2013-06-17;68,976642;;;10,0;10,0;10,0;9,5;8,5;10,0;9,5;10,0;2024-11-18 14:38:05.000
TFDEJJ;2022-08-08;77,330372;;;8,0;9,0;9,0;9,0;8,0;9,0;8,0;10,0;2024-03-08 10:21:17.000
TFCEPO;2019-02-01;675,399231;;;;;;;;;;;
TDCCRT;2023-08-25;;;;;;;;;;;;
TB3345;2013-01-10;626,758445;1,0;552,739982163562;6,5;5,25;6,5;8,75;5,5;7,5;7,5;6,5;2025-03-12 10:24:55.000
T53290;2007-08-23;770,536968;;;4,0;8,0;8,0;9,0;7,0;9,0;8,0;8,0;2019-07-19 17:18:00.000
TB6412;2017-05-17;106,166757;;;7,666666666666667;7,333333333333333;7,333333333333333;9,333333333333334;6,0;8,666666666666666;8,666666666666666;7,333333333333333;2024-03-19 09:40:02.000
T15688;2009-10-27;223,269387;2,0;996,608466212738;7,0;7,0;5,0;10,0;4,0;8,0;6,0;8,0;2024-03-22 17:45:30.000
TFBOA1;2009-03-15;;;;;;;;;;;;
TA0729;2010-04-30;679,441805;1,0;11529,8859721346;8,25;8,0;8,0;9,0;7,0;8,75;8,0;8,0;2025-02-26 17:02:40.000
TEZLHN;2015-06-30;83,140484;;;;;;;;;;;
TFCPWG;2010-02-01;510,529992;7,0;26780,7280124786;;;;;;;;;
TFDOXA;2023-08-14;289,195175;2,0;6710,23496538983;7,0;8,0;8,0;3,0;5,0;7,0;3,0;8,0;2024-02-08 15:02:22.000
TFDQRQ;2023-11-27;274,929257;1,0;326,017546596913;;;;;;;;;
TFBLRG;2017-10-11;591,667943;;;10,0;8,6;8,8;8,8;7,4;9,2;8,6;9,2;2024-12-18 17:12:10.000
TDC327;2012-02-28;;;;;;;;;;;;
T92244;2016-10-28;592,719312;;;7,5;7,75;8,0;8,75;7,0;9,0;8,0;7,5;2022-03-16 00:00:00.000
TDCCH4;2020-06-26;;;;;;;;;;;;
TEYSWD;2011-02-10;124,46126;;;9,0;6,0;7,0;8,5;6,5;9,5;9,0;7,5;2023-03-30 19:50:20.653
TB5391;2016-01-28;382,489223;;;0,6666666666666666;1,6666666666666667;4,333333333333333;0,6666666666666666;3,3333333333333335;4,666666666666667;7,666666666666667;2,3333333333333335;2025-02-28 10:26:08.000
TFDUFI;2024-06-10;;3,0;2678,90810770687;;;;;;;;;
TFDIPZ;2023-02-27;81,515704;;;8,0;6,0;7,0;7,0;7,0;10,0;7,0;8,0;2025-03-07 15:46:57.000
TFCQOP;2020-07-27;381,946107;2,0;130,504548129701;9,25;7,25;7,5;8,25;7,0;8,75;8,5;8,5;2025-02-11 09:11:33.000
TDCADZ;2023-03-08;;;;;;;;;;;;
T04036;1998-11-03;;;;9,0;8,0;8,0;9,0;7,5;9,0;8,0;8,0;2022-12-05 11:43:02.150
TFDEKM;2022-08-10;;;;;;;;;;;;
TDCDYB;2021-09-15;;;;;;;;;;;;
TDCE31;2023-10-30;;;;;;;;;;;;
TFDJJI;2023-03-31;147,0421;3,0;4058,71498843496;;;;;;;;;
TDCCP8;2021-07-16;;;;;;;;;;;;
T02571;1997-01-13;604,094303;;;9,0;8,333333333333334;8,666666666666666;8,333333333333334;7,333333333333333;8,666666666666666;8,0;8,333333333333334;2024-11-11 10:36:29.000
TA6227;2003-03-31;;;;8,0;5,0;8,0;8,0;8,0;8,0;8,0;8,0;2024-05-08 08:42:27.000
TFDPAA;2023-08-25;;;;;;;;;;;;
TB4666;2015-04-15;104,206267;;;9,666666666666666;8,666666666666666;8,666666666666666;9,0;7,0;9,666666666666666;8,0;9,333333333333334;2023-08-02 15:26:34.000
TFBK72;2020-07-16;840,778047;2,0;39331,5123386978;;;;;;;;;
TFDSYX;2025-02-25;;1,0;214,69519963703;;;;;;;;;
TDCD0X;2020-10-30;;;;;;;;;;;;
TEWBQJ;2011-03-31;247,245066;;;6,666666666666667;7,333333333333333;7,0;6,0;6,0;9,0;8,0;7,333333333333333;2024-12-02 10:34:42.000
T42326;2013-01-08;94,579847;;;10,0;9,75;10,0;9,75;9,75;10,0;10,0;9,0;2024-08-30 15:49:06.000
TFBMEY;2014-08-21;;;;;;;;;;;;
TFCRDK;2020-08-21;77,746048;;;7,0;8,0;8,0;9,0;7,0;9,0;8,0;8,0;2022-02-25 14:29:00.000
T12552;2009-12-01;137,888569;1,0;4339,9656579209;9,25;6,75;6,75;9,25;7,5;9,25;8,25;8,75;2024-04-17 16:25:14.000
TFDEES;2022-07-29;104,104647;;;;;;;;;;;
TFDEY6;2022-08-30;56,720118;1,0;62,2549237615237;;;;;;;;;
TFEDHW;2024-12-30;;1,0;105,100638055362;;;;;;;;;
TFCZQV;2021-10-26;90,309689;;;;;;;;;;;
TDC539;2021-12-01;;;;;;;;;;;;
TEXCMY;2011-09-30;1173,546983;;;;;;;;;;;
TFDNCI;2023-05-19;162,783866;;;10,0;10,0;10,0;9,0;10,0;9,0;10,0;10,0;2024-07-11 11:40:23.000
TFDTY3;2024-05-16;393,521168;1,0;11125,3109429034;;;;;;;;;
TEZBGE;2012-12-21;2721,924378;2,0;0,016815429471679;8,666666666666666;8,0;8,0;9,0;7,0;9,0;8,0;8,0;2021-08-09 14:49:00.000
T09450;2002-09-10;1857,871041;;;9,666666666666666;8,333333333333334;10,0;8,666666666666666;7,666666666666667;10,0;10,0;9,666666666666666;2023-10-20 10:21:31.000
TDC80C;2022-05-11;;;;;;;;;;;;
T38667;2011-10-25;2153,595908;2,0;4734,3883716086;8,571428571428571;8,142857142857142;8,285714285714286;8,857142857142858;7,142857142857143;8,857142857142858;8,428571428571429;8,571428571428571;2025-02-21 14:00:12.000
TFBO96;2005-08-26;7511,734003;1,0;420,394144506712;8,0;8,0;8,0;9,0;7,0;9,0;8,0;8,0;2019-09-24 09:38:00.000
T58720;2009-01-30;1689,618456;3,0;5455,32468706263;8,666666666666666;7,5;8,0;9,333333333333334;6,166666666666667;8,666666666666666;8,666666666666666;8,5;2025-01-20 15:38:24.000
TFCCN2;2016-02-11;;;;;;;;;;;;
TEZHSZ;2014-08-05;94,585497;;;4,666666666666667;5,5;5,5;7,5;5,0;8,0;6,666666666666667;6,833333333333333;2024-08-16 15:22:40.000
T04028;2012-05-24;557,343169;;;8,5;8,0;8,0;9,0;7,0;9,0;8,0;8,0;2021-05-12 14:59:00.000
TFDO72;2023-06-29;300,522768;;;;;;;;;;;
TB0811;2014-05-05;256,379355;;;9,0;7,5;8,5;7,5;8,0;8,0;8,5;9,0;2025-01-15 14:51:00.000
TFCBUA;2018-10-31;25,584633;1,0;63,7472931271352;;;;;;;;;
T11382;2009-10-28;;;;9,5;8,0;8,333333333333334;9,166666666666666;7,333333333333333;9,0;8,333333333333334;8,166666666666666;2024-08-21 17:46:48.000
TDCEHX;2016-05-04;;;;;;;;;;;;
TFDSIP;2024-03-25;798,629324;1,0;15907,8713160909;;;;;;;;;
T10752;2003-07-18;343,706893;3,0;0,0126115721037593;9,75;9,0;8,75;9,0;8,0;9,25;9,0;8,75;2024-06-27 10:38:13.000
TEF131;2018-09-27;40,967465;;;;;;;;;;;
TB2667;2011-07-11;277,608027;;;9,333333333333334;8,666666666666666;8,333333333333334;8,666666666666666;7,333333333333333;9,0;7,666666666666667;7,0;2024-11-06 16:25:37.000
T02727;1998-01-01;358,468433;;;;;;;;;;;
T84703;2008-05-01;3764,929322;3,0;184455,193065923;;;;;;;;;
TB1486;2011-02-10;497,012513;;;8,333333333333334;6,0;7,0;7,333333333333333;6,666666666666667;8,0;7,333333333333333;7,0;2025-02-28 16:05:19.000
TDCCUO;2022-05-09;;;;;;;;;;;;
T15780;2006-11-06;457,370639;;;8,6;7,8;8,2;8,8;7,4;9,2;8,0;7,8;2024-04-01 15:41:21.000
T56320;2009-08-27;2379,447529;;;8,2;7,0;8,0;8,4;6,8;9,0;8,4;8,0;2024-11-22 17:03:09.000
T07614;2001-06-30;380,053203;;;8,2;8,4;8,2;7,8;6,8;8,8;8,0;8,6;2024-06-07 17:06:57.000
T11071;2003-10-21;1202,76314;;;10,0;8,666666666666666;10,0;10,0;9,0;10,0;9,666666666666666;9,333333333333334;2024-06-19 16:40:11.000
T49804;2012-04-16;342,107693;1,0;989,272735105718;7,0;7,333333333333333;8,0;5,333333333333333;6,666666666666667;5,333333333333333;7,0;5,0;2024-07-31 09:39:09.000
T76547;2009-11-27;1689,657192;1,0;31969,3011341173;;;;;;;;;
TFCVQO;2021-04-23;227,395402;1,0;343,097819082771;6,0;7,0;7,0;8,0;8,0;7,0;7,0;7,0;2023-08-03 14:23:28.000
TEZHEC;2014-06-05;88,007753;;;;;;;;;;;
TDCCUC;2021-02-04;;;;;;;;;;;;
TEZBGP;2012-12-26;;;;;;;;;;;;
TFCYKV;2021-08-30;307,214662;;;10,0;9,333333333333334;9,666666666666666;9,666666666666666;9,0;9,666666666666666;9,333333333333334;10,0;2024-08-30 15:55:11.000
TFEDH5;2024-12-27;1690,467175;1,0;26275,3276681352;;;;;;;;;
T04083;2009-06-29;158,177113;1,0;6300,33785273082;8,833333333333334;8,0;8,5;8,833333333333334;7,333333333333333;8,833333333333334;8,166666666666666;7,666666666666667;2025-02-13 17:20:51.000
TEXSL6;2012-03-22;152,842085;;;4,0;4,75;5,5;5,0;4,5;7,0;4,5;6,5;2024-07-22 16:03:32.000
TA3402;2013-01-29;;;;;;;;;;;;
TFEDJG;2024-12-31;833,725808;2,0;22186,2524217891;;;;;;;;;
TFBXIZ;2018-02-04;130,273514;1,0;31,9493159961902;;;;;;;;;
T22366;2005-01-26;;;;;;;;;;;;
TFDRSF;2024-02-05;;;;;;;;;;;;
TFDGHS;2022-11-01;;;;;;;;;;;;
TFCSJL;2020-11-03;;;;;;;;;;;;
T03085;1993-12-23;996,386982;;;10,0;8,5;8,5;9,0;7,5;9,0;8,5;9,0;2024-12-13 11:44:19.000
TD2861;2018-05-23;;1,0;120,209301435666;;;;;;;;;
TFBKZ9;2017-08-29;1552,92963;4,0;11941,7504900418;7,75;8,0;8,0;8,5;7,0;9,0;8,0;8,25;2023-09-12 09:17:57.000
TCAG13;2015-02-24;49,396293;;;;;;;;;;;
T08822;1994-11-30;804,182855;;;8,0;8,0;8,0;9,0;7,0;9,0;8,0;8,0;2020-06-10 16:12:00.000
T01724;1995-08-03;339,01745;;;8,75;8,0;8,0;9,25;7,25;9,25;8,5;8,5;2024-03-19 15:59:50.000
TFEDMH;2025-01-10;37,244074;1,0;433,678333789338;;;;;;;;;
TEZIW1;2014-11-06;772,563887;1,0;10481,5574487243;8,5;7,5;8,0;9,0;7,5;8,5;8,0;8,0;2023-08-21 10:59:42.000
T62321;2009-08-14;31,20187;;;;;;;;;;;
T52843;2008-03-10;542,133049;;;6,166666666666667;7,0;6,333333333333333;6,333333333333333;6,5;6,5;6,5;6,166666666666667;2024-12-04 11:49:04.000
TEZJN6;2011-11-28;;;;;;;;;;;;
TFDHBR;2022-12-06;;;;;;;;;;;;
TFAGPC;2016-12-16;366,75923;;;7,0;6,0;6,5;7,5;5,0;7,0;6,5;7,0;2022-04-05 00:00:00.000
TFDRLU;2024-01-24;169,003473;;;;;;;;;;;
TC7935;2014-08-07;68,85789;;;;;;;;;;;
TEXCTS;2011-10-03;273,683386;1,0;41239,660013426;8,0;8,0;8,5;9,0;7,0;9,25;7,0;8,5;2024-08-07 14:21:33.000
TFBZPK;2018-06-25;4032,946312;;;8,0;8,0;8,0;10,0;5,0;6,0;8,0;10,0;2024-01-15 14:45:10.000
TDCGRZ;2022-08-02;;;;;;;;;;;;
TFDQQG;2006-06-01;181,521397;1,0;191,670672832934;;;;;;;;;
TDCECD;2023-02-03;;;;;;;;;;;;
TFDOWW;2023-08-24;;3,0;570,450833254608;;;;;;;;;
TFDDR1;2022-06-30;465,320509;;;8,0;6,0;7,0;7,0;8,0;8,0;5,0;7,0;2024-11-18 09:36:53.000
TDCD2Z;2018-09-19;;;;;;;;;;;;
TFBYFK;2002-11-08;120,991336;;;;;;;;;;;
TDCG9B;2023-03-30;;;;;;;;;;;;
TDCG00;2023-09-25;;;;;;;;;;;;
TFECNB;2024-11-18;;1,0;0,00420385736791976;;;;;;;;;
TEYO45;2012-07-02;143,6757;;;8,0;8,0;8,0;9,0;7,0;9,0;8,0;8,0;2019-11-28 09:51:00.000
T13017;1995-01-25;1567,742226;3,0;17165,762129292;8,428571428571429;7,857142857142857;8,0;9,285714285714286;6,857142857142857;8,428571428571429;8,0;8,285714285714286;2024-05-15 15:33:14.000
TCASEN;2017-05-15;38,304887;1,0;72,9369253334078;;;;;;;;;
TFDCSM;2022-05-26;92,643485;1,0;307,713951616991;;;;;;;;;
TDCGOA;2024-05-27;;1,0;152,625245599695;;;;;;;;;
TC5093;2023-11-30;31,764392;3,0;109,405388000112;;;;;;;;;
T59103;2009-01-13;;;;7,0;8,0;8,0;9,0;7,0;9,0;8,0;8,0;2020-12-04 00:00:00.000
TFCVVU;2021-04-29;1879,481411;1,0;931,671481450481;10,0;6,0;8,0;10,0;9,0;9,0;9,0;9,0;2025-02-17 10:46:18.000
TFDJJQ;2023-03-31;1557,239088;;;;;;;;;;;
T01487;1995-02-07;852,942941;2,0;0,00840771473583952;9,0;7,75;8,75;9,75;6,75;8,5;7,0;7,75;2024-09-19 15:16:38.000
TEZHLC;2014-07-07;449,425195;3,0;6282,21081976035;8,5;8,0;8,5;9,0;6,0;9,0;8,0;8,0;2024-04-02 17:17:42.000
TFCD80;2018-11-30;379,840683;2,0;175,700218692206;7,8;8,0;8,4;9,4;7,8;9,0;8,4;8,4;2024-12-09 15:28:55.000
TFDRDW;2023-12-27;58,689082;;;;;;;;;;;
TDCH8V;2022-07-13;;;;;;;;;;;;
TDCDFV;2021-09-22;;;;;;;;;;;;
T76678;2016-05-23;3012,04163;;;;;;;;;;;
T62248;2009-08-14;195,923213;;;9,0;8,25;8,75;9,5;8,0;9,25;8,0;9,0;2024-10-10 12:02:46.000
TFDJON;2023-04-17;391,973826;1,0;728,242619559476;;;;;;;;;
TFCY00;2021-08-02;164,04112;;;;;;;;;;;
TDCE4M;2021-11-10;;;;;;;;;;;;
TFDSJE;2024-03-26;36,317582;1,0;199,443605106217;;;;;;;;;
TEZKBB;2015-03-12;64,955361;;;3,0;6,0;8,5;6,5;5,5;8,5;7,0;8,0;2023-06-19 11:54:22.000
TDCGTK;2022-01-06;;;;;;;;;;;;
TDC05I;2014-08-01;;;;9,0;9,0;9,0;9,0;8,0;8,0;9,0;8,0;2022-09-05 12:23:33.210
TDCD2X;2021-09-22;;;;;;;;;;;;
TCBNZS;2010-03-17;31,41258;;;;;;;;;;;
T25951;2004-05-19;248,015038;2,0;8473,408414928;6,4;8,0;8,0;7,8;5,8;8,6;7,6;8,6;2023-06-05 11:41:48.000
TFDQO2;2023-11-22;;;;;;;;;;;;
TDCF6N;2023-06-21;;;;;;;;;;;;
TB5330;2018-10-15;;;;;;;;;;;;
TFBLT8;2017-10-23;280,333127;1,0;2979,3704053642;8,0;6,333333333333333;8,0;9,0;7,666666666666667;9,0;8,0;8,0;2023-09-25 14:38:49.000
T08976;2011-02-02;525,330117;2,0;3651,40324805722;7,2;8,0;7,8;8,8;6,8;8,8;8,0;8,0;2024-09-09 14:52:03.000
TFECP9;2024-11-21;;1,0;210,718350566978;;;;;;;;;
TFEC18;2024-10-28;;1,0;1281,87381948504;;;;;;;;;
TFEDTN;2025-01-21;949,819533;1,0;4842,57464097202;;;;;;;;;
T35965;2009-12-18;;;;8,0;8,0;8,0;9,0;7,0;9,0;8,0;8,0;2019-10-03 16:05:00.000
TEZKPC;2015-04-29;108,26692;2,0;3106,16294743802;7,666666666666667;7,333333333333333;7,333333333333333;7,333333333333333;6,333333333333333;7,333333333333333;7,333333333333333;7,333333333333333;2024-04-10 16:47:50.000
TFDPUQ;2023-09-29;25,293704;;;;;;;;;;;
TCBSJ2;2017-09-28;36,617429;;;;;;;;;;;
TFDECT;2021-10-25;1040,450344;;;8,0;4,0;7,0;7,0;7,0;7,0;7,0;8,0;2024-05-14 08:53:13.000
TEZLNF;2015-07-15;1018,101504;1,0;4159,21660652982;;;;;;;;;
TFBTQW;2017-11-24;;;;7,5;3,5;7,0;10,0;5,0;9,5;8,0;8,0;2024-07-17 13:58:06.000
TEZJEY;2014-12-15;;;;;;;;;;;;
TFCZD9;2021-09-29;365,288317;1,0;517,990897160337;;;;;;;;;
TB1951;2012-05-25;322,957138;;;;;;;;;;;
TDCGBA;2012-11-19;;;;;;;;;;;;
TEZOJM;2016-04-29;4380,905623;2,0;146301,181175979;8,2;7,6;7,8;8,6;6,4;8,8;8,0;8,2;2023-03-03 18:15:36.287
TDCD7K;2017-11-23;;;;;;;;;;;;
TDCC4V;2021-07-16;;;;;;;;;;;;
TDCECX;2021-08-26;;;;;;;;;;;;
TFBXIC;2017-03-31;61,591589;;;;;;;;;;;
TFDUHB;2024-06-17;52,998963;1,0;63,7472931271352;;;;;;;;;
T30059;2011-03-17;296,131273;;;10,0;4,0;8,0;9,0;6,0;8,0;9,0;9,0;2024-12-05 09:36:56.000
TFDDH9;2022-06-24;118,14262;;;;;;;;;;;
TFDQT0;2023-11-29;;;;;;;;;;;;
TFDTCL;2024-05-27;;2,0;1206,3725411572;;;;;;;;;
T41089;2010-07-07;2569,469628;;;8,5;8,5;9,0;9,5;7,0;9,5;8,0;8,5;2023-10-20 17:20:12.000
T78102;2015-09-02;635,37983;;;8,6;8,8;8,8;9,4;7,8;9,4;8,8;8,4;2024-02-16 11:45:25.000
TEZLHI;2015-06-30;115,265052;;;8,8;8,8;9,0;9,4;8,0;9,4;6,8;8,8;2024-04-11 11:43:27.000
T49594;2001-04-30;1060,450447;4,0;209070,69911791;1,5;8,0;8,0;9,0;7,0;9,0;8,0;8,0;2022-01-20 11:53:00.000
TEXSIF;2010-08-03;1029,269877;;;8,666666666666666;7,0;7,0;9,0;6,0;9,0;8,0;8,333333333333334;2024-10-07 10:53:45.000
TFCHIZ;2019-05-31;41,910266;;;10,0;9,0;9,0;10,0;7,0;8,5;9,0;9,5;2024-07-10 15:13:29.000
TCAPIM;2016-12-13;71,976577;1,0;151,658358405073;;;;;;;;;
TEZFJN;2013-12-26;238,834348;;;;;;;;;;;
TFBZ62;2018-05-28;1799,943198;3,0;4289,09057605433;9,0;8,0;8,0;9,0;7,0;9,0;8,0;8,0;2019-09-03 15:34:00.000
TFCSL8;2020-11-09;39,29725;1,0;126,115721037593;;;;;;;;;
TFDFMF;2022-09-01;;1,0;740,690241225886;10,0;10,0;10,0;10,0;10,0;10,0;8,0;8,0;2024-12-17 16:58:00.000
TCBHHI;2017-01-27;;;;;;;;;;;;
T16755;2009-07-21;420,102396;1,0;0,00420385736791976;9,0;8,0;8,0;9,0;7,0;9,0;8,0;8,0;2020-10-06 00:00:00.000
TFCWF4;2021-05-20;227,687787;;;;;;;;;;;
TFDSG2;2024-03-18;243,820872;3,0;23532,8950717417;;;;;;;;;
T13062;2005-01-20;;;;;;;;;;;;
TEZIIF;2014-09-30;375,476315;1,0;230,543741914088;8,0;7,0;7,0;9,2;7,2;8,8;8,2;8,0;2024-04-18 17:19:58.000
TDCGJI;2019-01-31;;;;;;;;;;;;
TFDCQK;2022-05-24;126,806339;;;;;;;;;;;
TFCJWR;2019-09-06;305,635073;1,0;10091,0485262462;9,25;8,75;8,75;8,75;6,5;9,0;8,0;8,0;2024-05-10 14:07:37.000
TFD995;2021-10-29;370,535443;;;8,0;8,0;8,0;9,0;8,0;8,0;8,0;8,0;2023-02-10 14:21:49.727
TFCUK4;2021-02-12;96,629164;;;;;;;;;;;
TFCXLN;2021-07-14;115,325389;;;8,0;7,0;7,0;8,0;6,0;6,0;7,0;8,0;2022-06-23 14:13:53.000
TDCEUB;2013-08-05;;;;;;;;;;;;
TDCCJQ;2019-06-04;;;;;;;;;;;;
TFD960;2021-12-21;81,244525;3,0;617,399512339536;;;;;;;;;
TFCPR8;2020-05-29;805,464999;1,0;153,613152081156;7,75;7,5;7,75;8,25;7,25;8,5;8,0;6,5;2024-07-03 14:24:09.000
TA6052;2010-06-18;445,473763;;;9,0;7,25;8,5;9,25;6,5;8,75;8,0;8,25;2025-02-26 11:10:25.000
TEZEN7;2013-10-08;;;;5,333333333333333;8,0;8,0;9,0;7,0;9,0;8,0;8,0;2021-08-03 10:22:00.000
TFECXV;2024-12-02;233,105292;1,0;717,165455395007;;;;;;;;;
TDCD30;2021-11-26;;;;;;;;;;;;
TB2633;2011-07-20;245,557268;1,0;769,19659803775;8,8;7,4;8,2;9,4;6,6;9,4;7,6;8,4;2025-03-10 11:39:56.000
TFCJMB;2019-08-28;239,918878;3,0;3654,38798678844;8,5;7,5;8,5;9,5;8,5;9,0;9,0;9,0;2024-09-10 14:10:43.000
TFDRQJ;2024-01-31;450,847509;3,0;4445,74311701249;;;;;;;;;
TFDNYX;2023-06-27;29,896458;;;;;;;;;;;
TDCE8A;2024-04-16;;1,0;188,156248073353;;;;;;;;;
T16579;2007-07-09;725,794273;;;7,5;8,0;8,5;9,5;8,5;8,5;8,0;8,5;2025-03-20 15:39:12.000
TFDOA9;2023-06-30;2298,214221;;;;;;;;;;;
TFCM37;2021-12-14;333,276961;;;8,666666666666666;8,0;8,0;9,333333333333334;7,666666666666667;9,333333333333334;8,666666666666666;8,666666666666666;2025-02-19 15:42:45.000
T94426;2010-01-27;2140,376296;4,0;24121,2291142394;7,5;6,5;7,5;9,5;6,0;8,0;7,5;7,0;2024-09-30 10:20:05.000
TFCZN5;2021-10-19;2690,793768;;;8,0;7,0;7,0;8,0;6,0;7,0;8,0;8,0;2024-11-26 11:47:10.000
TDCACM;2022-06-30;;1,0;847,064648063728;;;;;;;;;
TB3946;2013-10-05;118,524181;;;10,0;8,0;8,0;9,0;7,0;9,0;8,0;8,0;2022-02-23 15:01:00.000
TFBWCW;2021-11-22;72,024407;;;8,0;8,0;10,0;9,0;7,0;9,0;9,0;10,0;2024-02-15 11:08:46.000
TFEDZ8;2025-01-31;;1,0;214,274813900238;;;;;;;;;
TFCUJX;2021-02-12;1042,931296;;;9,0;8,0;8,0;8,333333333333334;7,0;8,666666666666666;7,666666666666667;8,333333333333334;2024-07-25 09:14:54.000
TFECYE;2024-12-03;;1,0;853,303172397721;;;;;;;;;
TB4992;2015-10-15;236,572373;;;10,0;10,0;10,0;10,0;7,0;9,0;8,0;8,0;2024-04-04 16:11:41.000
TDCFN1;2022-03-08;;;;;;;;;;;;
TD2666;2020-06-01;;;;;;;;;;;;
TDCD8Q;2023-05-24;;;;;;;;;;;;
TDCDO8;2023-04-28;;;;;;;;;;;;
TFEBZ2;2024-10-23;274,011101;2,0;26045,8811329941;;;;;;;;;
TDCF3D;2024-03-26;;1,0;124,724244248811;;;;;;;;;
TDCCU4;2018-01-24;;;;;;;;;;;;
T61523;2010-03-01;1911,160796;2,0;3061,63569019702;6,0;7,0;7,333333333333333;6,833333333333333;5,833333333333333;5,0;8,0;8,0;2024-07-29 16:32:54.000
TEZANX;2011-02-25;671,179615;;;9,6;8,0;8,2;9,4;7,6;9,4;8,4;8,0;2023-02-07 14:48:40.267
TDCD0C;2024-05-03;;1,0;176,482136162639;;;;;;;;;
TFDUN3;2024-06-28;27,495854;1,0;172,194201647361;;;;;;;;;
T09755;2015-06-17;325,972604;;;8,833333333333334;7,833333333333333;8,0;9,166666666666666;7,333333333333333;9,166666666666666;8,333333333333334;8,166666666666666;2025-01-20 11:42:05.000
TFDF90;2021-04-14;850,579106;2,0;9188,00951732858;8,0;6,0;5,0;9,0;7,0;10,0;9,0;8,0;2023-09-04 16:01:15.000
TEZLQM;2016-02-24;213,842031;;;6,666666666666667;7,333333333333333;7,333333333333333;8,5;6,333333333333333;8,5;7,5;7,833333333333333;2022-11-09 10:07:01.493
TFDVRS;2024-09-17;;1,0;1390,98493746939;;;;;;;;;
TDCD53;2021-08-25;;;;;;;;;;;;
TFED77;2024-12-11;;1,0;126,325913905989;;;;;;;;;
T12690;2012-02-27;2707,50856;3,0;63296,0006309743;;;;;;;;;
TEZHA0;2014-05-30;70,042201;2,0;276,39101036862;10,0;8,8;8,8;8,6;8,2;9,6;9,2;8,6;2025-01-09 17:36:05.000
TFCQWN;2020-08-04;142,861625;;;8,666666666666666;9,0;8,666666666666666;9,0;7,666666666666667;9,0;8,333333333333334;9,333333333333334;2024-04-24 11:40:20.000
TFDSLK;2024-03-28;864,977844;2,0;6819,02659021423;;;;;;;;;
TDCEEN;2024-02-09;;;;;;;;;;;;
TDCC34;2024-04-17;;1,0;120,209301435666;;;;;;;;;
T35130;2010-02-23;115,633966;;;7,5;8,0;8,0;9,0;7,0;9,0;8,0;7,5;2023-02-09 12:57:33.190
T07814;2004-10-28;;;;7,0;7,0;6,5;9,0;6,0;6,0;8,0;8,0;2024-08-21 14:01:07.000
T78516;2008-07-18;530,065983;;;;;;;;;;;
TDCFYY;2015-03-25;;;;;;;;;;;;
TA2866;2011-07-12;296,621049;;;;;;;;;;;
TEVVM1;2010-10-01;248,890111;1,0;1325,45520881826;8,833333333333334;8,666666666666666;8,833333333333334;9,166666666666666;8,166666666666666;9,5;8,0;8,166666666666666;2025-01-30 14:57:28.000
TB1475;2008-12-25;866,243119;1,0;2597,08002404031;7,0;8,0;8,0;9,0;7,0;9,0;8,0;8,0;2019-08-21 11:28:00.000
TEYJ64;2012-06-27;276,940946;3,0;40102,3904796827;8,857142857142858;7,714285714285714;8,285714285714286;9,428571428571429;6,714285714285714;8,857142857142858;7,857142857142857;8,0;2024-06-06 14:34:38.000
TFCVXW;2021-04-30;1007,180729;;;;;;;;;;;
TDCGDC;2020-06-22;;;;;;;;;;;;
TFCWES;2021-05-20;100,050053;;;8,0;8,0;8,0;10,0;9,0;9,0;10,0;8,0;2022-05-05 00:00:00.000
TFCXE3;2021-06-29;224,957692;2,0;4615,85220540537;10,0;9,5;8,5;10,0;9,5;10,0;10,0;10,0;2024-08-15 16:32:38.000
TDCA7K;2021-09-02;;;;;;;;;;;;
TDCFYX;2022-05-11;;;;;;;;;;;;
T53295;2009-05-25;3283,171616;1,0;9260,57229935624;9,25;8,0;8,0;9,0;7,0;9,0;8,0;8,0;2021-11-24 10:34:00.000
TFDQGV;2023-10-31;;;;;;;;;;;;
TFDIZY;2023-03-15;127,511724;;;;;;;;;;;
TFBXJW;2007-07-28;271,266151;1,0;147,942148491832;9,333333333333334;7,666666666666667;9,0;8,333333333333334;6,666666666666667;7,666666666666667;9,333333333333334;7,0;2024-10-18 09:18:16.000
TEZZI2;2016-10-25;86,489205;;;9,0;6,0;9,0;10,0;4,0;9,0;8,0;10,0;2023-06-29 15:23:02.000
TFBMYR;2019-02-05;350,22686;;;;;;;;;;;
TFEBU3;2024-10-08;121,699568;1,0;254,30394375757;;;;;;;;;
TEZHM6;2014-07-16;883,715816;;;8,666666666666666;7,333333333333333;7,5;9,0;7,666666666666667;9,166666666666666;8,166666666666666;8,833333333333334;2024-01-08 15:05:20.000
T27075;2010-09-29;228,819818;1,0;1314,65549924007;8,875;8,0;8,125;9,375;6,875;9,375;6,125;8,0;2025-02-24 10:32:37.000
T17078;2010-10-27;257,211779;;;8,333333333333334;6,666666666666667;7,833333333333333;8,666666666666666;7,5;8,666666666666666;8,0;7,833333333333333;2025-01-31 16:08:29.000
TFDQCC;2023-10-23;420,207673;1,0;1904,65426925551;;;;;;;;;
TFC753;2018-08-09;25,307521;;;;;;;;;;;
T59077;2008-07-17;152,846381;;;8,0;8,0;8,0;9,0;7,0;9,0;8,0;8,0;2020-07-20 15:29:00.000
TDCGCN;2021-10-08;;;;;;;;;;;;
TA3811;2006-06-09;;;;10,0;10,0;9,333333333333334;9,333333333333334;8,666666666666666;9,666666666666666;10,0;8,0;2025-03-21 11:38:42.000
TFCTOW;2020-12-28;1449,484171;4,0;4452,74253953008;10,0;8,5;8,5;9,5;8,0;9,0;8,0;9,0;2022-03-28 00:00:00.000
TFECIN;2024-11-07;433,226944;1,0;10313,6890163086;;;;;;;;;
T58447;2008-12-22;;4,0;0,016815429471679;8,75;7,5;8,5;9,75;6,5;6,25;6,0;7,75;2024-09-09 15:40:09.000
T60689;2009-06-22;259,441168;;;8,0;6,666666666666667;7,0;4,666666666666667;6,666666666666667;7,333333333333333;6,0;8,0;2024-07-05 17:33:13.000
TFCGOG;2024-12-30;1388,867994;2,0;20951,0456229454;;;;;;;;;
TEXPOA;2012-02-23;44,024087;;;;;;;;;;;
T74657;2010-12-22;390,329667;1,0;10258,8286776572;;;;;;;;;
TEZBY6;2013-02-21;505,334707;1,0;1408,18291796155;;;;;;;;;
TFEDB7;2024-12-16;54,362707;3,0;218,545932986045;;;;;;;;;
TAAJUR;2010-12-17;405,237662;;;9,0;9,0;9,0;9,0;8,5;9,5;8,0;8,0;2024-10-28 16:05:19.000
TEZOY2;2012-09-19;178,447589;;;6,0;8,0;7,0;7,0;0,0;7,0;5,0;8,0;2023-11-30 10:50:31.000
TFDS65;2024-02-29;2317,832492;2,0;3243,23392077642;;;;;;;;;
T50168;2002-10-30;582,62663;;;7,6;8,2;8,2;9,0;7,0;9,0;8,0;8,2;2024-10-18 09:54:48.000
T06209;1995-09-19;494,157926;;;8,0;8,0;8,0;9,0;7,0;9,0;8,0;8,0;2019-06-14 15:33:00.000
T14333;2005-11-24;1177,485267;1,0;119,864585131496;9,5;8,0;9,0;9,5;8,0;9,5;9,0;8,0;2024-12-16 16:51:30.000
TB3971;2014-01-10;451,720075;1,0;300,134396782631;9,5;8,5;8,75;9,5;6,5;9,25;8,75;8,5;2024-04-30 17:30:44.000
T94555;2010-02-10;2094,549372;2,0;0,00840771473583952;10,0;8,0;8,0;9,0;7,0;9,0;10,0;10,0;2023-09-26 10:06:19.000
TDCFZQ;2018-12-20;;;;;;;;;;;;
TDC1N3;2020-05-01;;;;6,0;4,0;5,5;8,5;6,5;6,5;8,0;8,0;2024-05-13 14:45:38.000
TDCG7S;2021-05-06;;;;;;;;;;;;
T61384;2009-12-29;681,575547;4,0;223536,533852656;7,5;8,0;7,25;8,75;6,75;9,25;8,25;8,25;2023-08-08 09:40:53.000
TEZBID;2012-12-19;498,859452;;;;;;;;;;;
TEZORG;2016-06-07;1103,403258;;;7,0;8,0;8,0;9,0;7,0;9,0;8,0;8,0;2021-10-26 14:05:00.000
TFDSHA;2012-11-29;574,913173;;;;;;;;;;;
TFCYEG;2021-08-18;901,840555;1,0;1529,01439028767;;;;;;;;;
T98762;2010-03-30;350,738702;1,0;75,1986005973487;8,0;8,0;8,0;9,0;7,0;9,0;8,0;8,0;2022-01-17 15:32:00.000
TFCYIA;2021-08-26;54,526616;;;8,5;8,0;9,0;9,5;7,5;8,5;8,0;8,0;2023-03-09 20:05:57.877
TFEE37;2025-01-31;;1,0;544,43736386192;;;;;;;;;
TFBXXB;2007-07-05;150,710504;1,0;354,317914397749;9,666666666666666;7,666666666666667;9,666666666666666;9,0;7,0;9,0;9,333333333333334;9,333333333333334;2024-05-14 09:34:55.000
TFDHWF;2023-01-10;;;;;;;;;;;;
T36368;2010-05-31;1610,687051;;;8,0;6,0;7,0;8,333333333333334;5,666666666666667;8,333333333333334;8,0;5,0;2024-04-22 15:40:42.000
TDCFZS;2021-05-10;;;;;;;;;;;;
TFDEB2;2022-07-27;1041,305406;1,0;5945,49445616208;;;;;;;;;
TDC333;2017-04-25;;;;;;;;;;;;
TFDVGH;2024-08-19;47,723589;1,0;298,221641680228;;;;;;;;;
TDCDIV;2023-08-03;;;;;;;;;;;;
TDCCTZ;2024-08-13;;1,0;121,567147365504;;;;;;;;;
T05049;1999-07-20;640,229334;2,0;7990,45246507191;7,0;7,333333333333333;5,0;8,333333333333334;3,6666666666666665;5,666666666666667;5,666666666666667;4,333333333333333;2024-05-07 11:04:26.000
TDCGJX;2024-02-09;;;;;;;;;;;;
T54282;2011-02-23;1206,641868;2,0;0,00840771473583952;8,0;8,0;9,0;10,0;8,0;9,0;8,0;8,0;2022-10-19 13:50:08.853
TEXPSB;2012-03-21;2144,614048;1,0;15445,0980854582;10,0;10,0;10,0;10,0;7,0;9,0;10,0;7,0;2023-01-17 17:43:14.100
TFDS53;2024-02-29;2894,541938;3,0;9124,93904523768;;;;;;;;;
TFDET7;2022-08-25;230,617819;11,0;104539,296981024;7,5;5,0;6,0;9,0;7,0;9,5;4,5;8,0;2024-01-19 10:58:10.000
TDCCPB;2017-10-23;;;;;;;;;;;;
TFDFHJ;2022-09-19;275,257576;;;;;;;;;;;
T50477;2000-01-01;;1,0;161,848508664911;;;;;;;;;
TEZHAA;2014-05-30;189,119787;;;9,0;7,0;8,0;8,0;5,0;8,0;5,0;4,0;2024-11-26 10:17:18.000
T27897;2010-12-20;91,338259;;;8,5;8,0;8,0;8,5;7,0;8,5;8,0;8,0;2024-05-09 13:55:29.000
TEYYQD;2019-12-20;1227,756317;;;;;;;;;;;
TDCD0L;2018-02-19;;;;;;;;;;;;
TDC41P;2017-11-29;405,637203;1,0;364,798130815973;;;;;;;;;
TDC86W;2021-07-07;;;;;;;;;;;;
T01670;1995-06-20;207,503636;2,0;2934,85996355266;8,0;8,0;7,0;7,0;7,0;9,5;8,0;9,0;2024-10-31 13:58:19.000
TB1772;2009-09-05;498,45541;;;9,0;6,6;7,6;9,4;7,2;9,2;8,4;9,0;2025-03-11 10:20:27.000
TB3154;2016-12-10;110,46519;;;9,333333333333334;9,666666666666666;9,333333333333334;9,333333333333334;6,0;9,333333333333334;10,0;10,0;2025-01-22 08:55:02.000
TFDRFG;2023-12-29;615,816459;;;;;;;;;;;
TA2501;2013-01-18;30,242167;;;9,0;7,333333333333333;7,333333333333333;9,333333333333334;7,666666666666667;9,333333333333334;8,0;8,0;2024-04-26 11:30:34.000
T74865;2010-07-26;1416,893339;2,0;73082,8412226483;9,666666666666666;9,0;9,333333333333334;8,333333333333334;7,333333333333333;9,333333333333334;9,0;9,333333333333334;2024-01-24 16:07:52.000
TDCHB6;2024-09-05;;1,0;93,7502231619786;;;;;;;;;
TEZNLC;2019-09-19;;;;;;;;;;;;
TB3795;2013-08-05;576,656627;;;;;;;;;;;
TFCFXL;2019-04-03;110,351348;3,0;684,703268799931;7,0;5,0;7,0;8,0;7,0;9,0;8,0;8,0;2024-10-21 09:57:43.000
TEZHDA;2011-06-30;210,911838;3,0;29310,8742195069;8,333333333333334;8,0;8,0;9,333333333333334;7,666666666666667;9,0;8,333333333333334;7,333333333333333;2023-06-05 17:43:10.000
TD3049;2020-10-28;;;;;;;;;;;;
TDCH4X;2013-08-28;;;;;;;;;;;;
TFCEAC;2019-01-17;2202,273142;;;8,0;7,0;8,0;9,0;7,0;8,0;7,0;8,0;2024-05-17 11:28:07.000
TFC881;2018-08-15;;;;;;;;;;;;
TFEC76;2024-10-31;;1,0;0,00420385736791976;;;;;;;;;
TFDTSC;2024-05-02;3,022573;2,0;76,1402646477627;;;;;;;;;
TFDNMF;2023-05-31;;;;;;;;;;;;
T78391;2010-02-10;995,288044;2,0;68145,7932950471;9,5;9,25;9,25;9,75;8,5;9,75;9,0;7,5;2024-12-11 15:22:01.000
T01008;1994-03-01;3024,915438;;;;;;;;;;;
TFDBY6;2022-04-11;206,498324;;;;;;;;;;;
TEZOAL;2016-03-30;725,152945;;;;;;;;;;;
TFCXON;2021-07-13;;;;;;;;;;;;
TFDGKV;2022-10-31;771,173319;1,0;96,0917717159099;;;;;;;;;
TEZMJJ;2015-09-29;;2,0;0,00840771473583952;;;;;;;;;
TEWTU7;2011-08-23;152,665891;;;5,0;10,0;10,0;9,0;6,0;8,0;8,0;8,0;2023-10-18 11:41:05.000
T09401;2002-08-08;;2,0;0,00840771473583952;6,0;8,0;8,0;8,0;7,0;9,0;8,0;8,0;2025-01-27 17:02:01.000
TFDFMU;2022-09-27;106,055111;1,0;24,2814801571045;9,0;9,0;9,0;9,0;8,0;9,0;8,0;8,0;2024-03-20 17:25:37.000
TA3711;2002-01-01;;;;8,0;3,0;4,0;9,0;6,0;8,0;7,0;4,0;2024-02-20 14:18:47.000
TC2394;2011-06-08;48,298763;;;;;;;;;;;
TFCWBH;2021-05-13;160,373278;;;8,5;6,5;8,5;8,5;7,0;8,5;9,0;8,5;2024-09-23 14:14:44.000
T37019;2012-02-13;334,80662;;;;;;;;;;;
T19295;2013-08-19;967,233851;;;10,0;8,0;8,0;9,0;7,0;9,0;8,0;8,0;2021-09-10 10:44:00.000
TFDUA2;2024-05-29;;1,0;2121,03941955444;;;;;;;;;
TDCD0G;2013-08-19;;;;;;;;;;;;
TDCGES;2023-02-09;;;;;;;;;;;;
TFBYJP;2018-07-25;134,903826;3,0;332,764737672424;;;;;;;;;
T73755;2002-04-08;8132,951422;7,0;45493,5937303124;;;;;;;;;
TEYVQ7;2012-08-06;263,528806;;;9,5;8,0;8,0;9,25;7,0;9,0;8,5;8,5;2024-11-26 10:07:53.000
TFCUT6;2021-02-26;613,592562;2,0;324,407469225;8,5;9,5;10,0;7,5;7,0;10,0;9,0;9,0;2024-12-09 09:30:34.000
TDCFXL;2017-05-18;;;;;;;;;;;;
TFDRCM;2023-12-22;36,316623;1,0;405,840390298974;;;;;;;;;
TFCQF7;2020-07-01;2192,370708;2,0;14988,9122993211;8,0;8,5;8,5;9,0;7,0;9,0;8,5;9,0;2024-11-29 14:34:56.000
T11318;2005-09-06;536,087443;;;5,333333333333333;8,0;8,0;9,0;7,0;9,0;8,0;7,333333333333333;2025-02-25 10:37:58.000
T08909;2002-03-28;3116,041509;1,0;605,95240872669;8,333333333333334;6,333333333333333;6,333333333333333;7,666666666666667;5,333333333333333;8,333333333333334;8,0;8,0;2024-11-13 15:10:33.000
TFDRUK;2024-02-28;;1,0;17,3283000705652;;;;;;;;;
TDCEWF;2020-11-19;;;;;;;;;;;;
T17272;2010-03-23;861,89119;;;7,5;7,833333333333333;8,166666666666666;8,0;6,833333333333333;9,166666666666666;7,666666666666667;7,166666666666667;2025-03-13 10:57:45.000
TDCET6;2023-06-15;;;;;;;;;;;;
TDCC11;2024-08-06;;1,0;109,426407286951;;;;;;;;;
TFCJY0;2019-09-10;48,924049;;;8,75;8,5;8,5;8,0;7,5;8,25;8,75;8,5;2024-11-28 14:35:00.000
TDCE6K;2019-10-02;;;;;;;;;;;;
TFBQYA;2017-11-30;15238,825013;2,0;68830,4335059865;;;;;;;;;
TDCA2E;2022-12-14;;1,0;246,863116216352;;;;;;;;;
TFDNPM;2008-10-29;871,552712;;;;;;;;;;;
TFBYZE;2018-05-24;132,099975;;;8,5;7,5;8,0;9,0;7,5;8,5;8,0;8,0;2022-05-17 00:00:00.000
TB1950;2010-07-20;279,815536;;;;;;;;;;;
TFDVTD;2024-09-20;452,705692;1,0;578,093445949486;;;;;;;;;
T55219;2005-09-28;883,850536;;;7,0;7,285714285714286;8,0;7,714285714285714;5,857142857142857;8,714285714285714;8,0;7,571428571428571;2024-03-14 10:45:14.000
TDCDIB;2022-01-18;;;;;;;;;;;;
T12953;2001-07-12;2372,023172;1,0;0,00420385736791976;7,0;8,0;8,0;9,0;7,0;9,0;8,0;7,5;2023-08-28 14:42:48.000
TFBZYE;2024-09-11;209,824178;1,0;1338,26436221831;;;;;;;;;
TFEBZC;2024-10-24;60,866599;2,0;126,24183675863;;;;;;;;;
T06375;1998-05-01;80,095193;;;;;;;;;;;
TB5783;2013-10-05;168,191843;2,0;19964,9678194393;8,0;6,5;8,0;8,0;7,5;8,0;9,0;7,0;2024-10-24 17:34:47.000
TFBZBB;2018-05-30;490,484035;;;8,0;8,0;8,0;8,0;7,0;9,0;7,0;8,0;2025-02-24 11:37:33.000
TFEENB;2025-02-27;;1,0;615,865104400245;;;;;;;;;
T81031;2011-12-07;;1,0;2987,90843967844;;;;;;;;;
TDC08X;2014-09-01;;;;;;;;;;;;
TFBJN5;2017-03-14;839,449198;;;7,428571428571429;7,0;7,285714285714286;7,142857142857143;6,285714285714286;8,714285714285714;8,0;7,285714285714286;2025-03-21 10:49:30.000
TCAWXR;2015-11-26;49,98742;;;8,0;7,0;8,0;8,0;5,0;6,0;7,0;7,0;2022-07-27 17:50:39.080
TFCPEQ;2020-04-30;6,549025;;;;;;;;;;;
TFDVNL;2024-09-04;530,020655;1,0;552,008510981544;;;;;;;;;
TFCRWB;2020-09-30;334,555836;;;8,0;8,0;8,5;9,0;5,5;7,5;8,0;5,5;2024-10-30 15:55:52.000
TFDOSO;2023-07-31;1675,908979;4,0;79048,304001308;8,0;8,0;7,0;9,0;8,0;9,0;7,0;8,0;2024-11-25 10:46:40.000
TEXSKJ;2010-09-23;181,188053;;;9,0;8,0;8,0;7,0;8,5;9,5;8,0;9,0;2022-05-03 00:00:00.000
TDCHAZ;2024-08-30;;1,0;1146,79547453904;;;;;;;;;
TDCDQP;2021-08-12;;;;;;;;;;;;
TFDRQE;2024-01-31;;1,0;849,746709064461;;;;;;;;;
T51682;2010-12-30;269,931561;;;8,0;8,333333333333334;8,333333333333334;9,0;5,333333333333333;8,666666666666666;7,666666666666667;8,333333333333334;2023-11-09 17:17:38.000
TFEDGE;2024-12-27;886,817164;1,0;5904,50684682486;;;;;;;;;
T54313;2013-05-28;338,403025;;;;;;;;;;;
TDCCX6;2024-02-14;;;;;;;;;;;;
TEVVP0;2010-10-01;826,68079;1,0;0,00420385736791976;9,666666666666666;8,666666666666666;9,0;9,333333333333334;8,0;9,0;7,0;7,333333333333333;2024-07-12 16:20:06.000
TFDEXX;2022-08-30;479,435706;3,0;8230,08074275807;10,0;8,0;8,0;8,5;6,5;9,0;9,0;7,5;2024-07-30 15:12:02.000
TFBOJF;2015-04-30;390,152995;;;;;;;;;;;
T26793;1994-05-19;109,988571;;;;;;;;;;;
TEYVW8;2012-08-31;214,78875;;;5,0;8,0;8,0;9,0;7,0;9,0;8,0;8,0;2019-02-22 15:24:00.000
TDCCBI;2019-04-03;;;;;;;;;;;;
TFDSLF;2020-12-15;42838,389977;1,0;3573278,7627318;;;;;;;;;
TB6503;2017-02-27;290,488646;1,0;1284,787092641;6,0;6,0;6,0;8,5;3,5;5,0;6,5;6,5;2024-10-24 09:34:08.000
TEZHQD;2014-07-25;;;;;;;;;;;;
TB4922;2007-03-20;340,671276;;;9,0;8,666666666666666;9,0;9,333333333333334;7,5;9,666666666666666;8,666666666666666;9,333333333333334;2025-01-29 08:33:45.000
TFCZG2;2021-09-30;556,119025;2,0;705,974787081605;6,0;5,0;6,0;7,0;7,0;7,0;7,0;8,0;2024-09-16 15:26:27.000
TFEDTT;2025-01-24;;2,0;82,0004418186428;;;;;;;;;
TFECAS;2024-10-31;912,585586;2,0;8848,29580342698;;;;;;;;;
TFDQA3;2023-10-19;556,190313;1,0;1546,06103191459;;;;;;;;;
T35463;1999-04-14;367,83219;4,0;3314,06891742586;8,285714285714286;7,142857142857143;8,0;9,142857142857142;7,142857142857143;8,857142857142858;8,142857142857142;8,0;2024-08-14 14:57:58.000
TDCD2O;2019-03-14;;;;;;;;;;;;
TFCSLQ;2020-11-10;889,262067;;;8,0;10,0;10,0;9,5;8,0;9,5;8,0;9,0;2024-12-13 13:29:41.000
T98763;2010-03-23;230,668958;1,0;663,532643095087;8,5;8,0;8,75;9,75;7,5;9,0;8,25;7,75;2024-09-06 10:36:19.000
TFCH83;2019-05-23;190,333495;;;;;;;;;;;
T57362;2010-01-26;299,765271;7,0;5448,57749598712;8,25;7,5;7,75;8,0;7,0;8,5;7,75;8,25;2022-09-12 14:06:27.620
TFBQS6;2023-02-17;473,450976;1,0;178,88674257709;;;;;;;;;
T23615;2010-04-30;405,358997;;;9,5;9,0;9,0;9,5;7,5;9,5;9,0;8,0;2022-10-31 14:30:59.120
TDC06P;2020-07-01;57,23099;;;8,333333333333334;7,0;8,666666666666666;8,0;7,333333333333333;9,333333333333334;9,0;8,666666666666666;2024-10-03 13:56:05.000
T36994;2012-05-31;618,971804;1,0;3875,02323688634;10,0;8,2;8,6;9,4;8,0;9,4;8,6;8,4;2024-05-28 14:55:10.000
TA3331;2014-06-17;808,548021;;;;;;;;;;;
T19463;1990-02-12;168,40957;;;9,5;7,875;9,0;9,25;7,25;9,0;8,5;8,25;2024-11-11 14:31:43.000
TFCG64;2022-07-01;109,392557;;;;;;;;;;;
T60887;2013-11-22;1906,5414;1,0;1423,34202763027;8,0;9,0;9,0;9,5;7,0;9,0;8,0;9,0;2024-07-05 09:52:44.000
TFCMI7;2019-11-29;1341,241894;;;3,0;8,5;9,0;7,25;5,5;8,75;5,0;7,75;2022-11-08 18:42:21.157
TDCEQ3;2020-06-15;;;;;;;;;;;;
TFD151;2021-11-15;69,871989;;;;;;;;;;;
TB5243;2015-10-05;85,161418;;;;;;;;;;;
TDC550;2022-01-09;;2,0;1357,13968180027;;;;;;;;;
TEXSQH;2004-05-03;1069,002754;;;9,0;8,0;8,0;9,0;7,75;9,25;8,5;8,5;2025-01-31 16:50:56.000
TFEDAZ;2024-12-19;18,344104;1,0;201,890250094346;;;;;;;;;
TFDHZT;2023-01-17;31,097434;;;;;;;;;;;
TEZFHJ;2013-12-18;;;;;;;;;;;;
T15011;2008-09-24;325,053972;1,0;0,00420385736791976;6,75;8,0;8,0;9,0;6,5;9,25;8,0;8,5;2023-01-16 14:06:40.163
TFDIUJ;2023-03-03;418,210602;1,0;148,740881391737;9,0;9,0;9,0;9,0;8,0;9,0;9,0;9,0;2024-12-10 10:38:30.000
T10881;2003-08-06;547,479896;1,0;401,771056366827;9,2;8,0;8,0;9,4;7,0;9,0;8,0;9,2;2024-12-17 11:02:38.000
TB6291;2016-11-05;64,242997;;;7,75;6,0;6,75;8,5;6,75;8,75;7,25;7,75;2025-01-22 10:40:00.000
TEWKLQ;2005-02-16;;;;;;;;;;;;
T09440;2006-08-31;1630,042272;7,0;19478,5436872546;5,333333333333333;6,333333333333333;7,0;8,0;6,666666666666667;8,0;4,666666666666667;8,333333333333334;2023-05-08 12:28:15.197
TFDDVZ;2022-07-13;;;;;;;;;;;;
TDCFJF;2019-10-25;;;;;;;;;;;;
T51025;2012-09-20;312,513422;;;8,333333333333334;8,0;8,0;9,166666666666666;7,0;9,166666666666666;8,166666666666666;8,666666666666666;2024-10-18 13:46:49.000
T16863;2007-10-11;174,145799;;;8,0;8,0;8,0;8,5;7,5;8,5;8,0;8,0;2022-08-26 17:43:52.660
TFBLX3;2017-10-31;1135,749885;3,0;1290,7103276724;6,25;3,75;8,75;8,5;3,75;7,5;8,0;8,5;2024-01-23 15:15:33.000
TDCCTW;2023-12-08;;;;;;;;;;;;
TFDF74;2022-08-31;545,070913;2,0;3293,16733859257;;;;;;;;;
T98826;2010-04-05;501,439881;5,0;30096,116941118;9,5;7,666666666666667;8,166666666666666;8,833333333333334;7,833333333333333;8,833333333333334;8,333333333333334;8,333333333333334;2024-11-26 09:26:46.000
TDCC1K;2021-12-20;;;;;;;;;;;;
TEZHEF;2014-06-04;267,29848;3,0;11924,4179861139;8,0;7,5;8,333333333333334;8,833333333333334;7,166666666666667;8,833333333333334;8,0;8,333333333333334;2025-02-06 14:25:43.000
T05720;1999-05-07;4373,632183;2,0;3453,25863487769;7,75;7,75;7,75;8,25;7,0;9,25;8,0;8,25;2023-01-09 13:53:17.707
TDCHE7;2024-09-13;;1,0;92,9767134062813;;;;;;;;;
T05793;2004-08-12;388,412904;;;8,0;8,0;8,0;9,0;7,0;9,0;8,0;8,0;2021-12-14 10:59:00.000
T76842;2010-07-28;1036,787436;1,0;51,9428616380166;7,714285714285714;7,571428571428571;8,285714285714286;8,571428571428571;6,857142857142857;8,571428571428571;8,0;8,0;2024-10-28 11:00:39.000
T16230;2011-04-29;551,344166;;;9,75;8,0;8,0;9,0;8,25;8,5;8,5;9,25;2024-10-18 15:14:57.000
TFDRTO;2024-02-09;;3,0;132524,707583997;;;;;;;;;
TDCGP4;2021-07-06;;;;;;;;;;;;
TFCBQ1;2018-11-08;40,237134;1,0;299,751845762151;;;;;;;;;
TFCPR5;2020-05-29;400,04327;;;8,0;4,0;10,0;9,0;7,0;6,0;9,0;9,0;2023-10-20 10:08:54.000
TFDQHM;2023-10-31;375,87593;;;8,5;8,0;8,5;8,0;8,0;8,5;7,5;8,0;2025-02-10 16:12:38.000
TDCCI9;2022-08-09;;;;;;;;;;;;
TFCNJV;2019-01-31;263,589375;1,0;8276,83184054671;9,0;7,5;8,0;9,0;7,0;9,5;8,0;9,0;2023-05-18 18:48:46.683
TDCC5C;2023-03-24;;;;;;;;;;;;
TFCDS5;2018-12-26;;;;;;;;;;;;
TDCDMD;2024-06-12;;1,0;120,209301435666;;;;;;;;;
TEWTY5;2011-08-31;166,798134;;;8,428571428571429;8,571428571428571;9,0;9,142857142857142;7,857142857142857;9,0;8,142857142857142;8,285714285714286;2024-06-24 17:45:36.000
TAA750;2022-02-22;737,053904;2,0;53675,07367804;;;;;;;;;
TEZDPI;2013-08-09;191,698125;;;10,0;8,0;8,0;9,0;7,0;9,0;8,0;8,0;2019-08-20 16:42:00.000
T23546;2008-11-07;784,950744;;;;;;;;;;;
T55031;2000-02-24;526,135493;1,0;2258,63167120646;9,0;8,0;9,0;8,0;8,0;8,0;9,0;9,0;2023-10-20 11:35:35.000
T06468;2000-06-30;1419,897082;3,0;323,45739745985;7,666666666666667;7,666666666666667;8,0;9,333333333333334;7,666666666666667;8,333333333333334;8,333333333333334;8,333333333333334;2025-01-28 10:58:47.000
TFCOK9;2020-02-28;226,056368;1,0;1084,42284277121;7,75;7,75;8,25;9,0;6,75;8,75;6,5;8,0;2023-08-02 09:30:44.000
TFCSN6;2020-11-20;173,387773;;;;;;;;;;;
TFEBR2;2024-10-01;904,54934;2,0;6077,22232678584;;;;;;;;;
TA8056;2010-07-14;144,44141;;;10,0;8,0;8,0;8,0;8,0;8,0;8,0;8,5;2023-04-10 20:38:44.377
TA2977;2012-08-30;59,726114;;;10,0;10,0;10,0;10,0;10,0;10,0;10,0;9,0;2024-05-20 14:58:36.000
TFDPXM;2023-09-29;112,710793;6,0;1997,09709277606;;;;;;;;;
TC0264;2020-03-31;64,593992;;;;;;;;;;;
T49525;2020-02-01;;;;7,5;7,0;8,5;8,5;4,0;9,0;8,0;6,0;2023-11-23 09:21:25.000
TB3708;2014-04-05;127,422007;;;8,166666666666666;7,833333333333333;8,333333333333334;7,5;6,0;8,833333333333334;7,833333333333333;8,666666666666666;2025-03-12 13:55:15.000
TEXVI3;2012-04-27;599,326918;2,0;6469,94668209691;8,0;8,0;8,0;9,333333333333334;7,0;9,0;8,0;8,0;2024-03-19 14:14:14.000
T10216;2001-11-20;369,137108;;;9,0;8,666666666666666;8,666666666666666;9,333333333333334;8,0;9,333333333333334;8,333333333333334;8,0;2024-09-23 11:34:59.000
TFD168;2021-11-16;229,977837;;;;;;;;;;;
TFCSFO;2020-10-28;246,636754;;;10,0;9,0;9,5;9,0;7,0;9,5;9,0;9,0;2024-10-02 11:01:56.000
TDC0GU;2017-05-01;2370,940787;4,0;95814,5651572119;;;;;;;;;
TFDDMR;2022-06-30;1231,754996;;;;;;;;;;;
TFBKIP;2017-06-30;1000,220513;1,0;0,00420385736791976;8,0;8,5;8,5;9,0;7,0;9,0;7,75;7,0;2023-02-03 17:56:59.100
TEZIQB;2010-07-26;;;;9,5;9,5;9,5;9,75;8,5;9,75;8,5;9,5;2024-11-13 11:28:50.000
TFDUTN;2024-07-05;;2,0;1061,66736283866;;;;;;;;;
TAACCT;2010-09-30;1028,902063;2,0;0,00840771473583952;10,0;9,0;9,0;9,5;10,0;9,5;10,0;10,0;2023-10-10 13:46:45.000
TEXHXC;2011-07-12;141,422686;;;;;;;;;;;
T53664;1991-07-26;156,911678;;;;;;;;;;;
TEZHA1;2014-05-30;653,517014;3,0;391,48001353016;8,25;7,0;9,5;9,75;7,5;9,75;9,25;8,75;2024-12-04 13:53:19.000
TFCPF7;2020-04-29;422,970675;;;3,75;6,5;8,5;8,0;5,25;9,5;6,25;8,0;2024-10-01 16:56:28.000
TFCAHA;2018-08-31;39,028478;;;;;;;;;;;
T52361;2007-11-28;214,579668;1,0;5589,86914212291;5,833333333333333;7,0;7,0;7,333333333333333;5,333333333333333;7,833333333333333;6,5;7,0;2024-04-05 09:34:39.000
T45525;2012-10-31;2220,497176;2,0;0,00840771473583952;8,0;7,833333333333333;8,333333333333334;8,833333333333334;7,0;8,833333333333334;8,0;8,666666666666666;2024-03-04 09:04:40.000
TFCMVL;2019-12-19;1386,301941;4,0;4123,75706963142;8,8;8,6;8,4;9,0;7,6;9,2;7,4;8,4;2024-12-18 16:21:39.000
TFEBPU;2024-09-30;2664,314907;3,0;455157,61510985;;;;;;;;;
TFDVIH;2024-08-26;30,579758;1,0;76,4933886666679;;;;;;;;;
TFC829;2014-02-28;495,009893;;;10,0;8,0;8,0;9,0;7,0;9,0;8,0;8,0;2024-02-27 13:50:49.000
TB0547;2015-04-20;553,834925;;;9,0;9,0;9,0;9,0;7,5;9,5;8,5;8,5;2023-09-25 10:39:04.000
TEYTB9;2018-10-05;284,748278;;;7,333333333333333;8,333333333333334;8,666666666666666;9,0;7,666666666666667;9,333333333333334;8,333333333333334;8,333333333333334;2022-03-16 00:00:00.000
TDCEEI;2022-11-23;;;;;;;;;;;;
TDCDE8;2021-06-22;;;;;;;;;;;;
TAAONB;2011-01-11;181,154423;;;;;;;;;;;
T08085;2001-09-28;1092,17555;;;8,333333333333334;7,166666666666667;7,833333333333333;8,666666666666666;7,333333333333333;9,0;8,0;8,333333333333334;2024-03-05 09:20:05.000
TEZCYO;2013-05-31;239,823616;2,0;1076,5616294932;9,0;8,5;8,5;9,0;6,5;8,5;7,5;8,5;2025-03-18 14:49:27.000
TFCZVN;2021-10-29;;;;;;;;;;;;
T50142;2007-01-02;2644,861114;3,0;1033,15680216943;8,8;7,6;7,4;9,0;7,6;8,8;8,2;7,4;2024-09-30 11:00:19.000
TFCMDJ;2019-11-28;157,835676;1,0;96,6466808884753;8,0;10,0;10,0;9,0;7,0;9,0;8,0;9,0;2024-08-20 17:22:23.000
TFDRB9;2023-12-20;409,236154;1,0;344,329549291572;;;;;;;;;
TA8618;2010-08-02;;;;;;;;;;;;
TEWLRU;2012-08-31;9475,103081;3,0;9326,9638187678;6,5;7,75;7,75;9,0;7,0;9,0;8,0;8,0;2024-03-13 11:08:34.000
TFDDWN;2022-07-14;2591,063253;;;9,0;0,0;6,0;10,0;10,0;10,0;10,0;10,0;2024-11-05 16:21:23.000
TDCFEZ;2022-03-02;;;;;;;;;;;;
TFAYKN;2014-10-31;;;;;;;;;;;;
TFDBB1;2022-02-25;835,724357;2,0;1869,37970208129;;;;;;;;;
TFDVL8;2024-08-30;1479,849912;3,0;15047,9849030551;;;;;;;;;
TFCMRT;2019-12-16;82,614204;;;9,0;9,0;9,0;10,0;8,0;9,0;10,0;8,0;2024-08-19 14:13:17.000
TFEDLO;2025-01-07;892,024902;1,0;5908,4458611786;;;;;;;;;
TDCA1L;2022-10-11;;;;;;;;;;;;
TEZHE3;2014-06-11;1958,912054;1,0;3661,47569031075;6,0;7,0;7,333333333333333;8,333333333333334;3,6666666666666665;8,333333333333334;8,0;5,333333333333333;2024-12-03 11:43:29.000
TDCC3U;2022-06-24;;;;;;;;;;;;
TFDTJV;2024-04-15;452,717003;1,0;6238,42764527346;;;;;;;;;
TFCRVQ;2020-09-30;60,493426;;;;;;;;;;;
TFCOCB;2020-02-18;1806,122186;;;8,0;8,0;8,0;7,0;7,0;9,0;7,0;8,0;2023-12-13 09:30:01.000
T76115;2010-09-14;516,963949;2,0;8522,32870311848;;;;;;;;;
TDC1OG;2025-01-07;20,22967;1,0;483,443597310772;;;;;;;;;
TEYZ15;2012-10-05;980,297966;;;8,0;8,0;8,0;8,5;7,5;9,0;7,5;6,5;2022-03-30 00:00:00.000
TFCPDT;2020-04-24;271,180329;;;8,0;7,0;9,0;8,0;6,0;8,0;7,0;8,0;2022-10-11 13:11:05.733
TDCH5Q;2023-12-05;;;;;;;;;;;;
TFBKRU;2017-07-26;1026,673114;2,0;3009,34811225483;;;;;;;;;
TEVVV4;2009-03-25;620,338341;3,0;77510,0705518125;6,75;6,5;6,5;6,75;7,5;4,5;6,25;6,0;2024-12-10 10:13:08.000
T84300;2010-04-22;1620,484174;;;7,0;7,0;8,5;8,166666666666666;6,0;8,166666666666666;7,333333333333333;7,5;2024-09-17 17:12:16.000
TEZAX4;2012-11-13;189,330414;;;7,0;6,5;6,0;5,5;5,0;8,0;7,5;5,0;2024-04-05 10:08:29.000
T03960;1999-07-06;505,977473;;;4,666666666666667;3,0;3,0;9,333333333333334;3,0;6,333333333333333;7,666666666666667;6,0;2024-10-22 15:15:00.000
TB2620;2011-10-15;;;;8,333333333333334;8,0;8,333333333333334;9,333333333333334;6,0;8,0;8,0;8,333333333333334;2024-11-18 15:51:21.000
TFDDIF;2022-06-27;3116,209115;4,0;6003,86921957301;10,0;8,0;10,0;10,0;9,0;10,0;10,0;10,0;2024-08-15 10:04:21.000
TDCG69;2016-01-07;;;;;;;;;;;;
TDCENC;2020-11-20;;;;;;;;;;;;
TFDJGW;2023-03-31;508,495092;1,0;0,00420385736791976;2,0;1,0;5,0;9,0;4,0;2,0;0,0;7,0;2024-11-12 15:37:51.000
T74087;2010-04-30;;;;;;;;;;;;
TFDBT8;2022-03-31;1499,11505;3,0;19104,9048443939;10,0;10,0;8,0;10,0;7,0;10,0;7,0;10,0;2024-08-14 15:04:13.000
TFDUTT;2024-07-08;;1,0;909,849257853609;;;;;;;;;
TDCEVY;2022-06-21;;1,0;202,289616544299;;;;;;;;;
TFCSM7;2020-11-11;398,749621;1,0;259,63863875746;;;;;;;;;
TDCH0J;2023-11-09;;;;;;;;;;;;
TFEEVR;2025-03-18;;1,0;480,168792421163;;;;;;;;;
T05953;2000-03-02;486,963531;;;8,75;8,0;8,5;9,25;7,25;9,0;7,5;8,75;2025-03-17 16:16:44.000
TDC423;2017-10-20;;;;;;;;;;;;
TB4577;2016-05-20;61,733577;;;9,0;6,0;9,0;8,0;7,5;9,0;8,0;8,0;2023-02-01 19:08:56.990
TDCGX1;2023-07-13;;;;;;;;;;;;
TDCGI6;2018-04-13;;;;;;;;;;;;
T61860;2009-05-13;415,660511;1,0;167,981936564706;9,0;9,0;9,0;7,0;9,0;10,0;8,0;9,0;2023-09-11 14:51:22.000
TDCGGA;2017-04-01;;;;;;;;;;;;
TDCFEK;2017-02-01;;;;;;;;;;;;
TFDVFF;2024-08-15;198,008784;6,0;20048,2588454699;;;;;;;;;
TDCGSG;2023-05-15;;;;;;;;;;;;
TFECIZ;2024-11-08;34,247424;1,0;36,4558510946002;;;;;;;;;
T78664;2009-12-15;247,5145;;;9,0;8,0;9,0;9,0;8,0;9,0;8,0;8,0;2022-05-17 00:00:00.000
TDCD8J;2024-05-28;;1,0;138,756720142927;;;;;;;;;
T06336;1997-04-26;228,792686;;;9,666666666666666;7,666666666666667;9,0;9,333333333333334;7,666666666666667;8,666666666666666;9,333333333333334;8,333333333333334;2023-11-06 14:53:39.000
T39600;2012-12-14;;;;10,0;8,0;8,0;9,0;7,0;9,0;8,0;8,0;2019-06-17 17:53:00.000
TFCUXK;2021-03-10;;1,0;72,1255808613993;7,0;5,0;5,0;1,0;5,0;5,0;9,0;5,0;2022-08-10 17:37:11.017
TC2130;2013-01-22;27,441325;;;;;;;;;;;
TAAHTU;2010-11-12;1004,519569;2,0;0,00840771473583952;8,0;8,0;8,0;9,0;7,5;8,0;8,0;8,5;2022-11-22 12:41:26.283
TDCE2W;2022-10-06;;;;;;;;;;;;
TB3747;2013-10-01;400,931081;3,0;20977,9166792411;10,0;9,0;9,0;10,0;7,0;9,0;8,0;10,0;2024-07-17 11:51:29.000
TDCEG8;2022-03-18;;;;;;;;;;;;
TEZFKA;2013-12-27;1383,786328;3,0;273,456717925812;10,0;9,0;10,0;9,5;8,5;9,5;10,0;8,5;2024-07-30 17:05:23.000
TFCAWJ;2018-11-28;;;;;;;;;;;;
TDCEP4;2021-05-19;;;;;;;;;;;;
TDCEE8;2022-01-27;;;;;;;;;;;;
TDCGVC;2023-03-06;;;;;;;;;;;;
TDCG9A;2023-08-02;;1,0;254,329166901778;;;;;;;;;
T89918;2009-11-27;143,655219;1,0;22129,4667164633;8,0;7,833333333333333;7,833333333333333;9,0;7,166666666666667;8,833333333333334;8,166666666666666;7,666666666666667;2024-09-16 13:52:29.000
TDCEF5;2022-05-06;;;;;;;;;;;;
TFDDJO;2022-06-28;219,583223;;;;;;;;;;;
TFDRZG;2024-02-26;;;;;;;;;;;;
T13724;2010-04-30;167,238484;;;;;;;;;;;
TDCEFN;2024-05-06;;1,0;120,087389571996;;;;;;;;;
TFDUHU;2024-06-18;664,262335;2,0;3754,30106485179;;;;;;;;;
TFDFAF;2020-12-10;526,088598;;;10,0;9,5;9,5;10,0;8,5;8,5;8,0;8,0;2024-03-04 11:16:20.000
TFCKTT;2019-10-09;19,828255;1,0;0,0;;;;;;;;;
TFCUOV;2021-02-26;97,6085;;;;;;;;;;;
TFDQXH;2023-11-30;654,063426;3,0;8042,13048369575;;;;;;;;;
TEZGTE;2013-11-04;91,575811;;;8,0;8,0;8,0;9,0;7,0;9,0;8,0;8,0;2021-08-23 15:40:00.000
TFBZI2;2018-06-11;26,440097;1,0;63,7472931271352;;;;;;;;;
TB2230;2013-05-05;360,128433;;;9,2;8,0;8,0;9,4;7,4;8,2;8,0;8,0;2024-07-10 15:50:13.000
TDCF79;2021-08-31;;;;;;;;;;;;
TDCHCH;2024-08-29;;1,0;121,567147365504;;;;;;;;;
TFDCXV;2022-05-31;517,32604;;;;;;;;;;;
TDC1KD;2009-07-01;843,751881;9,0;32882,7110591615;4,0;1,6666666666666667;7,333333333333333;7,0;3,0;8,333333333333334;7,666666666666667;1,3333333333333333;2024-11-08 17:15:52.000
T15232;2006-06-20;545,381617;;;8,0;6,0;8,0;7,5;5,5;7,5;8,0;7,0;2024-10-08 10:41:05.000
TEZJQC;2015-10-26;;;;;;;;;;;;
TFDO10;2023-06-28;;;;;;;;;;;;
TFDID7;2023-01-31;269,557783;7,0;81585,0796914055;8,5;8,0;8,0;9,5;7,5;7,5;8,0;8,0;2025-03-10 11:28:57.000
TDC9XM;2022-06-03;;;;;;;;;;;;
TFDRN5;2024-05-24;;1,0;1085,73024241264;;;;;;;;;
T54544;2008-07-31;;2,0;9709,9604481295;10,0;5,0;5,0;7,0;5,0;10,0;10,0;10,0;2024-12-09 13:46:30.000
TFEDDS;2024-12-20;1023,594227;1,0;8364,63360553308;;;;;;;;;
TB4886;2015-11-10;164,479153;;;10,0;8,0;8,0;9,0;7,0;9,0;8,0;8,0;2019-05-29 10:45:00.000
TFDUJX;2024-06-23;190,604469;1,0;2512,7422375251;;;;;;;;;
TFDTS5;2024-04-30;1466,611385;2,0;8765,10566997322;;;;;;;;;
T50372;2012-09-13;;2,0;102374,100243677;10,0;10,0;10,0;10,0;10,0;10,0;8,0;8,0;2023-12-06 16:20:35.000
TEZBIK;2012-12-26;279,070895;;;9,0;8,0;8,0;9,0;7,0;9,0;8,0;8,0;2020-10-06 00:00:00.000
TFDQIQ;2023-11-06;275,423961;1,0;6244,06501800384;8,0;2,0;2,0;10,0;8,0;8,0;8,0;8,0;2024-11-04 17:06:59.000
TB2845;2019-07-30;71,798542;;;7,666666666666667;7,0;8,0;9,333333333333334;7,0;7,666666666666667;7,666666666666667;7,0;2024-01-26 15:05:37.000
T76590;2011-12-20;2046,781518;6,0;107792,489839905;;;;;;;;;
TEZFAB;2013-11-11;1630,261792;2,0;0,00840771473583952;4,0;7,571428571428571;7,571428571428571;8,857142857142858;6,714285714285714;6,571428571428571;8,0;5,285714285714286;2024-08-26 14:35:42.000
T08886;2002-03-26;358,81644;1,0;813,904621145577;9,166666666666666;8,5;9,0;9,5;5,333333333333333;9,333333333333334;8,0;8,0;2024-11-25 14:29:00.000
TFECPW;2024-11-25;1186,060027;1,0;10565,3235106375;;;;;;;;;
T28230;2010-04-01;;;;;;;;;;;;
TDC0IM;2018-11-01;182,819217;;;8,0;7,5;8,0;8,5;7,0;8,0;8,0;6,5;2024-10-29 14:34:45.000
TDCE9V;2022-03-23;;;;;;;;;;;;
TDCE5J;2020-03-06;;;;;;;;;;;;
TFCUDS;2021-01-29;72,326572;;;9,0;3,5;7,5;9,0;7,5;9,5;0,0;9,0;2023-07-19 16:04:17.000
TDCH18;2023-10-06;;;;;;;;;;;;
T80292;2007-10-25;;;;;;;;;;;;
T79240;2007-10-22;1147,900518;1,0;2442,82368178186;8,0;8,0;8,0;8,333333333333334;7,333333333333333;8,666666666666666;8,333333333333334;8,333333333333334;2024-11-29 08:42:01.000
TFBXVW;2017-03-20;;;;;;;;;;;;
T84857;2009-12-15;950,257515;;;8,0;6,0;6,0;8,0;4,0;9,0;7,0;9,0;2023-10-24 14:47:24.000
TFBMX1;2016-11-24;;;;;;;;;;;;
TFBKQI;2009-07-09;174,061167;;;10,0;9,142857142857142;8,857142857142858;9,0;6,857142857142857;9,428571428571429;8,285714285714286;8,0;2025-02-27 16:25:11.000
TFDDFT;2022-06-23;427,055829;;;4,0;5,0;5,0;6,5;1,5;5,0;0,5;8,0;2024-08-19 17:14:05.000
TFDHXG;2023-01-12;162,855773;;;;;;;;;;;
TFBEAM;2017-02-15;842,43154;1,0;9372,74802936181;10,0;10,0;9,0;10,0;8,5;10,0;10,0;9,0;2025-02-25 11:26:26.000
TA6068;2010-06-21;139,855362;;;8,5;8,333333333333334;8,5;9,0;7,833333333333333;9,0;8,0;7,833333333333333;2024-11-06 10:46:19.000
T16616;2007-08-14;3912,602811;;;1,0;6,5;8,5;7,5;4,5;9,0;4,0;4,0;2022-09-02 16:54:37.563
TFDNLF;2023-05-31;1025,945754;1,0;508,649926088819;7,0;9,0;9,0;9,0;5,0;9,0;5,0;5,0;2024-02-26 10:37:27.000
TA3138;2013-01-18;1805,118258;1,0;36,6996748219395;;;;;;;;;
TEZMIN;2015-09-29;667,809906;;;;;;;;;;;
TFDPZA;2023-10-05;57,955616;;;;;;;;;;;
TDCE43;2024-01-17;;;;;;;;;;;;
TFCZLP;2021-10-15;95,929438;;;6,0;10,0;10,0;10,0;8,0;8,0;8,0;8,0;2023-02-07 17:37:51.210
TEWGR8;2011-06-30;451,261132;1,0;4088,81881104664;10,0;10,0;10,0;10,0;8,0;10,0;10,0;7,0;2022-04-05 00:00:00.000
TCBHPC;2016-11-01;;;;;;;;;;;;
T17217;2008-01-29;937,465798;2,0;0,00840771473583952;10,0;10,0;10,0;10,0;8,0;10,0;10,0;8,0;2022-11-25 14:57:58.780
TDCF87;2019-01-03;;;;;;;;;;;;
TFDU92;2024-05-28;;2,0;939,343521146934;;;;;;;;;
TFCYDY;2021-08-17;104,231254;2,0;603,173659006495;9,666666666666666;9,0;8,666666666666666;9,333333333333334;8,666666666666666;9,666666666666666;9,333333333333334;9,0;2024-09-24 15:56:47.000
TEZJXQ;2015-02-26;184,983301;1,0;8494,45292491181;9,5;8,0;8,0;9,25;7,75;9,25;8,0;8,5;2023-05-22 17:43:07.320
TFDQ22;2023-10-10;;;;;;;;;;;;
T59726;2013-09-19;;;;10,0;8,0;8,0;10,0;5,0;10,0;10,0;10,0;2022-06-10 13:05:03.000
TFDXW3;2024-09-23;;1,0;1450,57461565966;;;;;;;;;
TFCEYE;2022-07-04;47,29485;;;;;;;;;;;
TFEEVG;2025-03-17;;1,0;3014,53567224685;;;;;;;;;
TFDJAH;2013-08-30;394,386763;1,0;2124,79766804136;;;;;;;;;
TDCCXB;2016-01-15;;;;;;;;;;;;
TFCAZ6;2018-09-27;;;;9,0;7,5;9,0;8,0;7,5;9,5;7,5;8,5;2022-04-07 00:00:00.000
TFCV09;2021-02-12;;;;;;;;;;;;
T03546;1998-04-09;310,360332;1,0;1119,56288650965;;;;;;;;;
TD0472;2014-05-22;472,820828;;;8,0;6,25;7,25;8,75;7,25;8,5;8,75;7,5;2025-02-18 14:09:18.000
TEZSRE;2016-08-31;420,193329;;;9,666666666666666;8,666666666666666;8,666666666666666;9,666666666666666;8,666666666666666;9,666666666666666;8,333333333333334;9,333333333333334;2024-12-16 08:20:19.000
TEZSQA;2016-08-30;391,381496;1,0;29869,0287699603;9,142857142857142;9,428571428571429;9,142857142857142;9,571428571428571;8,0;9,714285714285714;8,571428571428571;8,714285714285714;2025-03-19 09:52:14.000
TDC0I1;2017-11-01;50,213903;;;7,0;7,0;7,0;10,0;7,0;8,0;6,0;7,0;2023-12-11 15:34:57.000
TFBKHT;2017-06-29;160,32946;2,0;89,2478919209365;8,25;8,0;8,0;9,5;6,0;9,5;9,0;8,5;2024-11-06 15:56:59.000
TDCE6Q;2020-12-02;;;;;;;;;;;;
TFBJPF;2017-03-24;1439,468921;1,0;3675,66370892748;8,4;8,6;8,8;9,4;7,4;9,0;6,2;6,4;2024-12-05 09:15:55.000
TB3181;2014-09-15;328,178879;;;8,4;8,2;8,4;8,6;5,6;8,8;7,6;8,2;2024-11-18 09:20:34.000
TEZUPG;2016-09-22;420,242805;1,0;30161,7601739181;10,0;8,5;9,0;10,0;7,0;10,0;9,0;10,0;2025-01-27 15:41:52.000
TB3925;2014-04-15;366,415739;1,0;3054,07295079213;6,333333333333333;7,0;7,666666666666667;8,666666666666666;5,0;5,333333333333333;5,666666666666667;7,333333333333333;2024-10-16 16:09:36.000
TDC087;2017-11-01;68,277057;;;;;;;;;;;
TA6145;2010-06-29;275,755837;;;9,0;6,333333333333333;6,333333333333333;7,666666666666667;6,333333333333333;7,0;8,0;8,0;2024-03-20 11:32:11.000
TFDNZA;2022-06-30;;;;;;;;;;;;
TDCDCU;2023-09-04;;;;;;;;;;;;
T30299;2023-10-03;833,945535;;;;;;;;;;;
TDCE4X;2022-08-30;;;;;;;;;;;;
TFDANW;2022-01-31;224,082263;2,0;11791,500423855;;;;;;;;;
TDCCQZ;2018-10-11;;;;;;;;;;;;
TB5152;2017-06-06;425,331229;;;9,5;8,5;9,0;8,5;8,5;9,0;9,0;9,0;2023-09-25 10:14:41.000
T48579;2011-05-25;378,468303;1,0;0,00420385736791976;8,428571428571429;8,0;8,142857142857142;9,428571428571429;7,285714285714286;8,857142857142858;8,0;7,857142857142857;2024-05-06 11:45:47.000
TB4894;2016-02-05;252,611305;1,0;2210,0350800333;8,0;8,5;9,5;10,0;6,0;9,5;8,0;9,5;2023-05-24 17:59:18.120
T49737;2013-07-11;474,386224;;;;;;;;;;;
TDCA0R;2020-04-23;;2,0;4716,77000537965;;;;;;;;;
TDCD48;2022-11-08;;;;;;;;;;;;
T50242;2013-05-13;428,149059;;;9,2;8,2;8,2;8,6;7,4;8,8;8,4;8,4;2023-06-15 16:15:04.000
TDCDEQ;2021-09-16;;;;;;;;;;;;
TEZK40;2013-06-18;648,980322;;;7,75;6,75;7,5;7,75;5,75;9,0;7,25;8,0;2024-04-05 15:54:08.000
TDCFNM;2021-08-20;;;;;;;;;;;;
TDCGG7;2016-10-01;;;;;;;;;;;;
T15561;2006-09-29;251,182651;1,0;7402,06797628575;;;;;;;;;
TA6139;2010-06-25;595,573137;2,0;0,00840771473583952;8,0;8,0;8,0;9,0;7,0;9,0;8,0;8,0;2020-01-09 09:24:00.000
TCAGBS;2015-04-27;796,732213;7,0;799,99405711513;;;;;;;;;
T33882;2013-03-19;667,458783;;;7,666666666666667;4,666666666666667;6,666666666666667;7,333333333333333;6,666666666666667;8,333333333333334;8,0;7,666666666666667;2024-04-16 10:58:47.000
TCAPKI;2016-09-21;;;;;;;;;;;;
TB4473;2014-12-21;;;;9,0;8,0;8,0;9,0;8,0;9,0;9,0;8,0;2024-07-29 13:43:16.000
TDCFHL;2022-04-29;;;;;;;;;;;;
TEZKSD;2015-05-06;513,064744;;;8,0;8,0;8,0;9,0;7,0;9,0;8,0;8,0;2021-03-15 11:36:00.000
TDCE2M;2021-10-08;;;;;;;;;;;;
T06178;2011-09-19;1135,435766;1,0;0,00420385736791976;7,5;8,0;8,0;9,0;7,0;9,0;8,0;8,0;2021-11-22 09:21:00.000
TDCA2P;2024-02-01;;;;;;;;;;;;
T03456;1995-02-14;819,435579;1,0;559,104622218592;9,2;8,4;8,4;8,6;6,6;9,2;8,0;8,0;2024-05-21 15:02:29.000
TFDEO6;2022-08-16;606,024179;1,0;3301,2219293095;;;;;;;;;
TEZOW1;2016-06-29;;;;;;;;;;;;
TEZJCR;2015-01-05;;;;8,4;8,0;8,4;9,2;7,6;9,0;7,2;8,4;2024-12-03 16:48:45.000
TFECJ3;2024-11-08;;1,0;2098,69591764395;;;;;;;;;
T06016;2011-09-30;286,781472;3,0;32518,1399366434;8,0;6,4;6,2;8,8;6,4;9,2;7,8;8,6;2023-02-01 17:18:49.783
TFBZWP;2018-06-29;763,083542;;;;;;;;;;;
T33271;2013-03-19;3482,608765;2,0;4019,12726360126;10,0;8,25;8,0;9,25;7,25;8,75;8,0;8,25;2024-03-22 15:26:26.000
TFDOLO;2023-07-24;49,901727;;;;;;;;;;;
TA0717;2010-04-29;;;;;;;;;;;;
TEZJML;2013-12-20;;2,0;0,00840771473583952;9,166666666666666;8,166666666666666;8,166666666666666;8,666666666666666;7,333333333333333;9,333333333333334;7,666666666666667;8,5;2023-09-29 14:58:18.000
TFEEKL;2025-02-26;;1,0;615,865104400245;;;;;;;;;
T03969;2009-02-27;1624,130745;1,0;0,00840771473583952;9,2;8,4;8,2;9,4;7,8;9,4;8,8;8,6;2024-12-05 16:14:15.000
TEZKIR;2015-05-27;5789,956102;;;9,0;8,5;8,5;9,0;8,5;8,0;8,0;8,5;2023-03-16 13:05:15.223
TDC0FD;2016-04-01;139,726897;2,0;422,050464309672;8,333333333333334;7,666666666666667;8,333333333333334;9,0;7,333333333333333;7,666666666666667;8,666666666666666;7,666666666666667;2024-12-16 17:21:40.000
TFEBXH;2024-10-17;230,637014;3,0;7782,65159151827;;;;;;;;;
TFECO0;2024-11-19;157,849939;2,0;2805,83937707384;;;;;;;;;
TFDJJ2;2023-03-31;575,348962;1,0;30639,9825803779;;;;;;;;;
TFEESE;2025-03-07;;1,0;124,480420521472;;;;;;;;;
T60204;2009-05-15;217,506144;1,0;0,00420385736791976;10,0;9,333333333333334;9,333333333333334;9,333333333333334;8,0;9,666666666666666;8,0;9,0;2024-04-24 14:13:02.000
T49368;2006-03-31;;;;;;;;;;;;
TFDH35;2022-11-30;375,672133;;;7,0;8,0;8,0;7,0;5,0;9,0;6,0;8,0;2023-11-06 13:59:04.000
TFCMVZ;2019-12-23;474,63487;1,0;103,856296274458;8,0;8,0;8,0;9,0;7,0;9,0;8,0;8,0;2021-09-08 11:04:00.000
T60994;2009-07-13;3013,734998;4,0;63948,5065561934;9,333333333333334;7,0;8,0;8,666666666666666;7,0;8,333333333333334;8,0;8,666666666666666;2025-01-30 17:03:00.000
TFECKM;2024-11-12;;1,0;446,14277088522;;;;;;;;;
TDCFNQ;2021-09-30;;;;;;;;;;;;
TFDNTR;2024-04-30;736,06244;4,0;93762,3639020571;;;;;;;;;
TDC1O6;2025-01-07;13,339182;1,0;407,774164688217;;;;;;;;;
TFDSPL;2024-04-02;54,291288;1,0;63,7472931271352;;;;;;;;;
TDC1J8;2009-05-01;212,962455;1,0;0,786121327800995;10,0;8,0;8,0;10,0;8,0;9,0;10,0;9,0;2023-12-21 11:47:11.000
TFCTRB;2023-04-28;213,579569;6,0;999,509127796602;8,0;9,0;9,0;10,0;8,0;9,0;8,0;6,0;2024-07-19 10:15:59.000
TFDHMZ;2022-12-23;405,555516;;;7,5;4,5;9,0;4,5;3,0;4,0;4,5;3,0;2025-02-24 14:28:51.000
TFEBVQ;2024-10-10;367,99963;1,0;8941,78118357478;;;;;;;;;
T08115;2010-09-29;1197,465467;1,0;0,00420385736791976;7,0;7,166666666666667;7,333333333333333;7,166666666666667;5,666666666666667;8,333333333333334;5,333333333333333;7,333333333333333;2024-02-22 14:37:31.000
TFEBZJ;2024-10-24;60,866599;1,0;63,1209183793152;;;;;;;;;
TFDP11;2023-08-22;1704,707248;3,0;11044,2857959941;;;;;;;;;
TEZOHM;2016-04-28;4431,325687;;;;;;;;;;;
TFEBNH;2024-09-30;1189,638035;3,0;3255,53440743495;;;;;;;;;
T05618;2003-06-12;193,717487;;;10,0;8,8;9,0;9,6;7,8;9,4;9,2;8,2;2025-02-07 15:48:48.000
TDCD4L;2024-03-26;;1,0;145,957927814174;;;;;;;;;
TFCIN4;2019-07-22;681,26305;;;6,75;7,0;6,75;8,5;5,25;9,0;7,25;8,25;2024-11-22 11:49:00.000
TFEEPI;2025-02-28;;1,0;615,865104400245;;;;;;;;;
TEXFJR;2011-11-08;79,670635;;;;;;;;;;;
TFECT0;2024-11-27;237,236282;1,0;14913,6800678648;;;;;;;;;
TFDUQJ;2024-06-28;1607,526337;3,0;62599,8838894205;;;;;;;;;
T31587;2012-02-15;718,707947;;;10,0;10,0;10,0;9,5;9,0;10,0;9,0;8,5;2023-03-30 18:36:52.410
T02413;2006-06-28;117,362319;;;7,5;7,0;8,0;7,0;7,5;9,0;7,5;7,25;2024-03-07 09:51:21.000
TFBU74;2013-08-06;386,51899;4,0;4067,82895120861;7,25;5,0;7,25;8,5;4,0;6,75;6,0;7,25;2024-05-08 14:55:23.000
T60147;2011-02-17;503,913202;;;6,2;8,2;7,8;8,6;6,0;9,2;8,4;8,8;2024-09-19 10:37:40.000
TDCF1A;2012-10-16;;;;;;;;;;;;
TFDUBX;2024-05-31;;2,0;2642,51111061542;;;;;;;;;
TEZOCJ;2016-04-06;860,935707;2,0;2957,43047376102;7,333333333333333;5,333333333333333;5,333333333333333;6,666666666666667;6,666666666666667;8,0;8,0;5,666666666666667;2024-09-17 15:39:53.000
TFDPRX;2023-09-22;1285,916199;;;10,0;8,0;8,0;9,0;8,0;10,0;10,0;8,0;2024-01-24 09:49:38.000
TFDQD3;2023-10-25;55,537482;;;;;;;;;;;
TFBUEW;2018-03-21;65,108141;;;8,0;7,75;7,75;8,5;7,0;9,0;8,0;8,0;2023-09-19 09:02:06.000
TFCKO6;2019-09-30;111,407868;1,0;7893,28450586981;7,6;7,2;7,6;9,4;7,6;8,6;8,8;8,2;2023-09-25 11:06:38.000
T35384;2008-03-15;565,133272;;;9,0;7,5;9,0;8,5;7,0;8,0;9,0;9,0;2024-05-08 10:13:24.000
TFBXX4;2016-01-25;99,668602;1,0;323,285039307765;8,0;7,0;9,0;9,0;7,0;9,0;8,0;8,0;2024-05-31 15:35:43.000
TFDDM5;2022-04-04;647,714928;;;;;;;;;;;
T11510;2004-03-01;490,25868;1,0;0,00420385736791976;8,5;8,0;8,25;9,0;7,0;9,0;8,0;8,25;2022-10-18 14:04:41.803
TFCFPB;2019-03-22;422,919153;;;5,0;8,0;8,0;9,0;7,0;9,0;8,0;8,0;2021-12-28 10:02:00.000
TDC1KP;2014-05-01;701,453471;;;7,5;5,5;6,5;9,5;6,5;9,5;7,0;6,5;2023-06-12 09:33:32.000
TFECTK;2024-11-28;;1,0;279,400972244051;;;;;;;;;
TFCADA;2009-11-27;120,756103;;;5,25;7,75;8,0;9,0;7,0;8,75;7,75;6,0;2024-06-25 10:07:34.000
T09860;2002-12-18;2294,843186;6,0;54351,6508905477;9,333333333333334;8,0;8,333333333333334;9,0;7,333333333333333;8,666666666666666;8,333333333333334;8,333333333333334;2022-09-20 19:51:41.230
T10041;2012-08-27;612,756204;3,0;11507,3154619262;;;;;;;;;
TCBQC0;2015-04-27;58,734354;;;;;;;;;;;
TCBO15;2014-01-29;;1,0;10,0934615403753;;;;;;;;;
T49652;2017-07-04;;;;;;;;;;;;
TFECOK;2024-11-21;;1,0;202,377897549025;;;;;;;;;
TDCDEH;2020-08-24;;;;;;;;;;;;
TB5023;2016-07-15;451,652038;;;9,0;6,6;7,4;6,2;8,0;9,2;8,6;9,2;2024-01-18 15:13:45.000
TEZCAC;2013-05-31;1633,325113;;;;;;;;;;;
TDCERR;2022-03-16;;;;;;;;;;;;
TDCGQ4;2021-09-27;;;;;;;;;;;;
TDCGIN;2019-10-18;;;;;;;;;;;;
TB1601;2012-03-05;38,001532;1,0;89,2436880635686;;;;;;;;;
TFCXHM;2021-07-02;;;;;;;;;;;;
TFCAB2;2018-08-24;985,055707;1,0;20011,6180246511;5,333333333333333;7,666666666666667;8,0;7,666666666666667;7,0;8,666666666666666;6,333333333333333;7,333333333333333;2023-09-19 09:38:11.000
T73776;2010-06-09;;;;8,0;9,0;9,0;10,0;8,0;0,0;9,0;9,0;2023-10-19 11:28:23.000
TDCH7Z;2024-08-05;;1,0;227,886904057562;;;;;;;;;
TCBEPW;2017-07-31;55,604744;;;9,0;8,5;9,5;9,5;8,5;9,5;9,0;9,0;2023-09-28 11:12:42.000
TFDHI0;2022-12-19;32,058015;;;;;;;;;;;
TFDQ87;2023-10-18;44,056425;;;;;;;;;;;
TFDANK;2022-01-29;527,845046;;;;;;;;;;;
TFCQRP;2020-07-31;385,177461;;;6,333333333333333;6,666666666666667;7,666666666666667;6,0;4,666666666666667;8,666666666666666;7,0;6,0;2024-05-08 13:34:24.000
TDCD7H;2024-07-15;;1,0;109,422203429583;;;;;;;;;
TFDOI7;2023-07-17;396,183402;;;;;;;;;;;
TEYT77;2012-07-26;909,587317;;;;;;;;;;;
TFDDBY;2022-06-15;20,612321;;;;;;;;;;;
TB4410;2013-07-27;393,507012;1,0;3634,79801145393;10,0;9,0;10,0;10,0;8,0;10,0;10,0;10,0;2024-06-25 11:26:35.000
T84923;2009-10-20;641,38753;;;2,0;8,0;8,0;9,0;7,0;9,0;8,0;8,0;2019-05-31 15:44:00.000
TFEEKW;2025-02-26;;1,0;1581,71815010928;;;;;;;;;
T15135;2006-05-24;1459,097698;;;9,0;7,0;8,0;9,0;7,0;9,0;7,0;9,0;2024-11-13 15:57:55.000
TFCWY4;2021-06-22;24,437022;;;;;;;;;;;
T00145;2005-04-12;222,549913;1,0;24,3403341602554;9,4;8,2;8,0;9,0;7,8;9,0;8,0;7,8;2024-08-07 16:36:44.000
TDCH94;2024-03-04;;1,0;93,5778650098939;;;;;;;;;
TDCFJY;2024-07-31;;1,0;20,3634850902033;;;;;;;;;
TFEBO4;2024-09-30;32,241016;2,0;291,348334883679;;;;;;;;;
TEZIAA;2015-05-29;171,795212;;;;;;;;;;;
T16428;2007-06-21;196,186679;;;8,0;9,0;8,0;9,0;7,0;9,0;8,0;8,0;2023-06-20 14:28:55.000
TDCHDN;2024-10-03;;1,0;76,5312233829792;;;;;;;;;
TFCRTY;2019-12-18;5233,638172;2,0;77390,8155259994;8,0;7,0;7,0;7,0;8,0;8,0;0,0;8,0;2022-08-23 12:57:51.450
TFBLBM;2004-08-16;279,661441;;;8,0;6,5;6,5;8,5;6,0;8,0;6,5;8,0;2023-12-04 13:42:59.000
TFDUKD;2024-06-24;35,956117;2,0;150,111338893679;;;;;;;;;
TFBJDW;2017-02-23;5006,30867;1,0;0,00420385736791976;9,5;9,0;9,0;9,5;7,0;9,0;8,0;9,0;2023-12-06 10:11:19.000
TFBTAN;2018-01-31;511,682119;;;7,75;7,375;7,625;8,625;6,75;8,875;6,875;7,75;2024-10-30 10:49:47.000
TFDRBD;2023-12-20;105,198619;;;;;;;;;;;
TEZGMI;2011-04-18;320,340659;;;7,333333333333333;7,666666666666667;8,333333333333334;7,333333333333333;7,0;8,666666666666666;8,0;8,333333333333334;2024-11-25 16:30:56.000
TFCQ30;2011-08-31;985,165566;;;;;;;;;;;
TFBYGQ;2006-08-09;144,310044;1,0;72,8570520434174;7,0;5,0;5,0;9,0;4,0;5,0;8,0;7,0;2023-03-20 13:43:42.880
T76576;2009-12-21;;;;;;;;;;;;
TDCHBV;2024-09-05;;1,0;121,567147365504;;;;;;;;;
TEZLCT;2018-05-29;2150,21904;;;9,0;7,0;7,0;8,0;6,0;8,0;7,0;7,0;2023-10-18 09:10:46.000
T16268;2004-09-15;379,139677;;;8,666666666666666;7,666666666666667;7,666666666666667;9,0;7,333333333333333;9,0;8,666666666666666;9,0;2024-08-02 10:35:59.000
TFDVCD;2024-08-06;52,015961;1,0;701,674240994223;;;;;;;;;
TFDQ60;2023-10-17;;;;;;;;;;;;
TDCFSJ;2022-08-30;;;;;;;;;;;;
TFCZYE;2021-11-03;148,425592;1,0;153,924237526382;;;;;;;;;
T54318;2009-05-27;318,204421;1,0;6005,17661921443;8,5;6,5;7,0;9,0;3,5;8,5;7,5;7,5;2023-08-07 10:29:52.000
T27211;2010-07-30;126,257057;1,0;2331,41725767462;9,5;7,5;8,5;9,0;7,5;9,0;8,0;7,5;2022-09-26 11:57:20.687
TFCQFV;2020-07-13;354,316754;;;7,5;8,0;8,0;8,5;7,5;10,0;8,0;7,5;2023-03-21 18:19:16.237
TFDJMG;2023-04-10;251,73862;;;;;;;;;;;
TFDAKQ;2022-01-25;;1,0;1148,64517178092;;;;;;;;;
TFBK96;2022-11-30;804,416621;;;;;;;;;;;
TFDIJR;2023-02-09;203,79104;;;9,0;8,0;8,0;9,0;6,0;8,0;8,0;8,0;2024-01-30 10:33:39.000
TFBW51;2018-03-29;;;;;;;;;;;;
TDC83Y;2021-01-28;;;;;;;;;;;;
TFCZSD;2019-05-28;741,875642;;;9,5;7,5;7,5;8,5;5,0;8,5;10,0;10,0;2025-03-05 17:28:50.000
TFECZE;2024-12-04;549,475161;1,0;6851,98483197872;;;;;;;;;
T45963;2010-07-26;;2,0;6942,02304908482;10,0;8,333333333333334;8,333333333333334;9,5;7,833333333333333;9,5;9,0;9,0;2024-09-16 16:38:35.000
TDC81D;2022-07-12;;1,0;615,348029943991;;;;;;;;;
TFCURD;2022-06-24;186,142264;;;;;;;;;;;
T07621;2008-07-31;426,481846;2,0;9643,21160084167;8,25;7,75;7,75;9,25;8,25;8,25;9,0;8,0;2024-11-21 09:49:10.000
TFEE06;2025-01-31;;1,0;431,277931232256;;;;;;;;;
TEZLRS;2015-07-31;637,924985;2,0;0,016815429471679;8,0;9,0;8,0;9,0;9,0;9,0;8,0;8,0;2024-10-17 12:02:42.000
TDCD04;2022-08-17;;;;;;;;;;;;
TFCVXA;2021-04-30;;;;8,5;6,5;7,5;10,0;6,0;9,5;9,0;8,5;2024-12-17 16:46:21.000
T74282;2000-12-13;1092,308264;;;;;;;;;;;
TFDTU8;2024-05-08;354,763791;4,0;22868,7570731856;;;;;;;;;
TEZGO9;2014-03-31;198,192166;;;5,0;8,0;8,0;9,0;7,0;9,0;8,0;8,0;2020-07-29 15:32:00.000
TEZI61;2007-03-25;1107,40967;2,0;45230,2935317875;7,6;8,2;8,2;9,0;7,0;8,8;8,0;8,2;2023-06-26 14:01:02.000
TDCDTP;2023-11-01;;;;;;;;;;;;
TFDEBE;2022-07-27;3443,699557;2,0;5151,34376078835;;;;;;;;;
TDCCY9;2024-08-02;;1,0;108,556208811792;;;;;;;;;
TC2674;2017-07-19;;;;;;;;;;;;
TDCH3V;2023-01-04;;;;;;;;;;;;
TEZIW7;2014-11-07;;;;;;;;;;;;
TDCGZE;2022-04-26;;;;;;;;;;;;
TCA225;2012-01-24;;;;;;;;;;;;
TFCCCK;2018-11-14;;;;;;;;;;;;
TEZFYX;2000-11-30;372,059993;;;;;;;;;;;
TEZBVZ;2013-02-07;495,189241;1,0;5462,12652828393;10,0;9,5;10,0;10,0;7,5;10,0;6,0;9,0;2023-03-28 12:37:40.587
T58138;2008-11-21;168,794545;;;10,0;8,0;8,0;9,0;7,0;9,0;8,0;8,0;2020-10-30 00:00:00.000
T47528;2007-08-20;;;;;;;;;;;;
TEWTRA;2009-12-18;;2,0;23906,3909834519;7,8;7,6;7,8;8,8;7,2;8,8;8,2;8,0;2024-10-15 15:50:42.000
TFDAC6;2022-01-06;1221,666774;;;9,5;7,5;9,0;7,5;6,5;8,0;8,5;4,0;2025-03-05 17:58:48.000
TFBXIN;2020-11-03;54,278508;;;;;;;;;;;
TB5912;2016-06-15;166,015331;;;9,5;9,0;9,0;8,5;7,0;9,0;8,0;9,5;2024-07-03 16:39:30.000
TCBJYQ;2020-12-29;183,745309;;;;;;;;;;;
TFDSAR;2024-02-29;394,71072;;;;;;;;;;;
TEZHN1;2014-07-17;407,151682;;;8,0;8,666666666666666;8,666666666666666;9,0;7,333333333333333;9,0;8,666666666666666;8,666666666666666;2024-05-03 14:17:22.000
T54744;2008-09-16;481,422592;2,0;2305,58455414875;;;;;;;;;
T10084;2011-07-27;332,245492;;;8,625;8,25;8,375;8,75;8,25;9,125;7,75;8,375;2025-01-31 14:50:11.000
TFDRBX;2023-12-21;464,734214;2,0;2543,51026960091;9,5;8,0;9,0;7,0;6,5;6,5;7,0;8,0;2025-02-12 15:43:11.000
TFDUOX;2024-06-28;;1,0;282,928008575736;;;;;;;;;
T59293;2005-03-01;40,537796;;;10,0;8,0;8,0;9,0;7,0;9,0;8,0;8,0;2023-03-29 18:39:43.663
TD0111;2006-06-02;135,003693;;;10,0;10,0;9,333333333333334;10,0;10,0;10,0;8,666666666666666;10,0;2025-01-13 15:11:18.000
T14431;2005-10-14;431,640471;;;8,0;8,0;8,0;9,5;8,5;9,5;8,0;9,0;2022-06-20 17:44:52.000
TEZDM8;2013-07-26;786,938377;1,0;948,70971536266;;;;;;;;;
TDCDHI;2022-09-21;;;;;;;;;;;;
TFBKS0;2017-07-26;;;;;;;;;;;;
T07296;2009-03-04;518,177191;;;8,5;7,5;7,833333333333333;9,333333333333334;7,166666666666667;9,0;8,166666666666666;7,833333333333333;2024-11-12 10:58:46.000
TDCE0F;2015-02-05;;;;;;;;;;;;
TDC04T;2015-02-01;255,674077;;;;;;;;;;;
TCBOPS;2013-03-23;19,052707;1,0;66,219161259472;;;;;;;;;
T54252;2008-05-27;161,371149;1,0;393,367545488356;10,0;8,0;8,0;8,0;10,0;10,0;8,0;7,0;2024-09-24 11:15:02.000
TB6563;2023-03-30;127,507844;;;9,0;9,0;9,0;9,0;7,0;9,0;9,0;8,0;2024-05-13 15:50:07.000
T73807;2015-02-23;1415,145906;;;4,666666666666667;8,0;8,333333333333334;9,0;7,0;9,0;8,0;8,0;2024-03-08 11:03:53.000
T44286;2021-07-07;;1,0;283,772983906688;;;;;;;;;
TA2574;2003-09-22;57,189538;1,0;40,1342262915299;;;;;;;;;
TFEDUV;2025-01-23;35,432511;2,0;533,183637687999;;;;;;;;;
TDCCNZ;2021-05-31;;;;;;;;;;;;
TDCEV1;2022-12-06;;;;;;;;;;;;
TFDCGL;2022-04-29;1050,080173;2,0;8355,64575848046;8,0;7,5;8,0;7,0;7,0;7,5;8,0;8,5;2024-11-08 11:18:24.000
TFDGJ0;2022-10-31;151,094574;;;;;;;;;;;
TDC566;2023-01-04;;;;;;;;;;;;
TFCBR7;2019-02-27;75,67881;;;8,0;7,0;8,0;9,0;7,5;8,5;8,5;7,5;2023-07-13 11:16:37.000
T38369;2001-02-22;98,863514;;;7,166666666666667;8,333333333333334;8,333333333333334;9,0;7,166666666666667;9,0;8,166666666666666;8,333333333333334;2024-11-08 09:54:44.000
TEXYB7;2012-05-31;67,584293;;;;;;;;;;;
TB2500;2014-01-24;158,423565;;;9,0;8,0;9,0;10,0;6,0;9,0;9,0;8,0;2024-04-12 09:34:45.000
TEZPF5;2016-06-27;1327,143602;1,0;3074,10433115027;9,2;8,6;9,0;9,6;7,6;9,4;9,0;9,2;2024-12-04 11:00:23.000
T01667;1995-12-22;495,937339;3,0;3352,04236103028;8,0;7,0;7,25;8,5;5,25;6,5;7,0;7,75;2024-09-05 14:07:10.000
T75437;2010-03-03;1286,264047;1,0;2556,30260757149;7,428571428571429;7,571428571428571;8,142857142857142;8,428571428571429;6,428571428571429;8,571428571428571;8,0;7,714285714285714;2024-12-11 16:52:29.000
TDCCGO;2012-04-15;;;;;;;;;;;;
T23248;1991-11-27;252,077064;;;9,0;10,0;10,0;10,0;9,0;8,0;10,0;10,0;2024-09-23 09:40:19.000
TFCYA9;2021-08-09;438,132836;;;;;;;;;;;
TFBZWT;2018-06-29;508,588413;;;5,0;4,666666666666667;4,666666666666667;6,666666666666667;7,0;6,0;2,3333333333333335;7,0;2024-05-21 14:37:13.000
TDCA14;2022-11-30;;1,0;1033,43846061308;;;;;;;;;
T05279;1999-09-13;;;;;;;;;;;;
TFDDCO;2022-06-17;82,739073;;;;;;;;;;;
T58219;2009-10-21;2131,026124;;;;;;;;;;;
TC4460;2016-04-18;136,441445;;;;;;;;;;;
T84228;2009-12-04;298,418866;;;8,0;8,0;8,0;9,0;8,0;9,0;8,0;8,0;2024-09-23 11:09:47.000
T35861;2006-12-29;72,1598;;;10,0;9,0;9,0;9,333333333333334;8,0;9,333333333333334;9,333333333333334;10,0;2023-07-04 17:25:52.000
TFCJRW;2019-08-30;308,485017;3,0;8844,6636706611;8,833333333333334;7,833333333333333;8,0;8,333333333333334;7,166666666666667;8,666666666666666;8,166666666666666;8,0;2024-12-19 09:50:06.000
TEXVBP;1971-04-19;373,962022;11,0;60795,2183676609;9,0;8,0;8,0;9,0;7,0;9,0;8,0;8,0;2021-11-25 09:44:00.000
TFBZOR;2018-06-22;161,009658;;;7,75;8,75;8,5;9,0;7,75;9,75;8,5;9,0;2025-03-19 16:52:36.000
TFDVPW;2024-09-11;147,000934;1,0;1725,78434210789;;;;;;;;;
TFBFQ1;2017-06-01;983,458221;4,0;27687,5631045994;9,0;6,0;8,0;8,0;8,0;5,0;8,0;8,0;2024-11-25 15:59:40.000
TFBK21;2017-05-24;758,230172;2,0;1101,90668556439;;;;;;;;;
TFDJF4;2023-03-29;921,638325;2,0;1136,97105987021;;;;;;;;;
T14511;2008-06-30;1518,961017;2,0;0,00840771473583952;8,0;7,333333333333333;7,333333333333333;9,0;7,0;9,0;8,0;7,333333333333333;2024-12-13 17:30:27.000
T98567;2010-03-18;;;;9,0;8,666666666666666;9,0;9,0;7,0;9,333333333333334;8,333333333333334;8,666666666666666;2024-09-12 16:15:45.000
TA4245;2010-05-24;97,922411;;;;;;;;;;;
TEXVNK;2012-07-24;86,366138;1,0;85,6746131582047;8,142857142857142;8,0;8,0;8,714285714285714;7,142857142857143;8,857142857142858;8,142857142857142;8,142857142857142;2024-11-13 15:24:37.000
TFDMZJ;2023-05-09;33,368441;;;;;;;;;;;
TDCA3F;2021-02-10;343,246085;;;;;;;;;;;
TDCD73;2022-01-07;;;;;;;;;;;;
TC4332;2019-04-08;142,648791;;;;;;;;;;;
TB1015;2007-05-05;422,447991;;;8,8;7,2;8,4;8,2;5,8;8,8;6,8;8,4;2024-07-22 17:36:16.000
TDCEEP;2024-05-31;;1,0;90,0760518224167;;;;;;;;;
TFCIR5;2019-07-26;251,288201;;;8,8;8,4;8,4;9,0;7,2;9,4;8,8;8,6;2025-02-06 16:05:00.000
T55216;2009-04-23;3502,62263;2,0;49749,6251720255;6,5;7,25;8,25;8,75;7,5;8,5;7,0;7,75;2023-09-11 09:03:30.000
TFEDEG;2024-12-20;983,985263;1,0;53189,7677719152;;;;;;;;;
TFCHMR;2023-08-29;170,435003;;;7,5;8,5;8,0;7,0;6,5;8,5;8,5;7,5;2025-03-06 16:20:57.000
TFDTVN;2024-05-11;3298,247962;3,0;26717,203523792;;;;;;;;;
TFDCEX;2022-04-29;2269,849401;3,0;171,252537596947;8,0;6,0;6,0;7,0;8,0;6,0;8,0;8,0;2024-03-07 15:48:59.000
T05395;2012-05-22;975,7557;1,0;7736,48482990377;5,0;8,0;8,0;9,0;7,0;9,0;8,0;8,0;2019-06-11 09:41:00.000
TFDVOL;2024-09-05;740,93517;1,0;8595,01339700982;;;;;;;;;
TB4082;2014-09-12;418,074479;1,0;34800,7504102765;9,0;7,0;6,0;9,0;7,0;9,0;8,0;9,0;2023-11-21 15:53:33.000
TFDIQT;2023-02-27;604,719256;1,0;375,522170961536;;;;;;;;;
TEZJIW;2014-12-30;85,356921;;;8,0;7,333333333333333;7,666666666666667;9,166666666666666;7,0;9,166666666666666;8,333333333333334;8,166666666666666;2024-09-16 09:50:36.000
TFBZVR;2018-06-05;;;;;;;;;;;;
TFDSDN;2024-03-11;2932,924087;2,0;14691,2371590987;;;;;;;;;
TEZJZP;2015-03-05;69,390809;;;10,0;7,333333333333333;8,0;8,333333333333334;5,666666666666667;9,666666666666666;9,666666666666666;9,0;2024-11-07 17:31:54.000
T84505;2015-09-02;125,166942;;;7,8;7,8;8,2;8,6;6,6;8,2;7,2;8,0;2025-02-04 11:22:45.000
TFDAAM;2021-12-30;;2,0;79,8901054199471;;;;;;;;;
TDCDGO;2018-11-21;;;;;;;;;;;;
TEZDHO;2013-07-01;1258,670126;2,0;1368,91468628782;6,142857142857143;7,571428571428571;7,285714285714286;9,0;6,285714285714286;7,857142857142857;8,571428571428571;7,714285714285714;2025-02-25 17:37:17.000
TFDUX7;2024-07-18;125,8106;1,0;1941,90044553528;;;;;;;;;
TDCEAM;2020-11-12;;;;;;;;;;;;
TCAII5;2017-08-01;;;;;;;;;;;;
TDCCCJ;2021-03-03;;;;;;;;;;;;
TEYJDK;2012-08-29;1875,174378;2,0;11118,2947049563;10,0;8,285714285714286;8,428571428571429;9,142857142857142;7,285714285714286;9,142857142857142;8,142857142857142;8,571428571428571;2024-01-04 14:57:56.000
T14449;2007-11-13;616,431483;2,0;7929,61844510074;10,0;8,0;9,0;9,5;7,0;10,0;9,0;10,0;2023-02-03 18:37:30.153
TDC8B2;2022-06-20;;1,0;328,884577321834;;;;;;;;;
TFCKL6;2019-09-27;809,160868;;;0,0;8,0;8,0;9,0;7,0;9,0;8,0;8,0;2021-09-08 10:25:00.000
T92201;2010-01-27;203,232096;2,0;922,263248661077;7,0;7,666666666666667;8,0;8,666666666666666;7,333333333333333;8,666666666666666;7,333333333333333;7,333333333333333;2024-08-27 09:59:30.000
TCAWV5;2015-06-29;112,795744;;;8,25;8,5;8,75;9,0;7,25;8,75;8,5;8,0;2023-11-08 10:14:56.000
TFECOL;2024-11-21;;1,0;1825,65538159756;;;;;;;;;
T55737;2010-03-30;1085,907842;1,0;56109,7586919576;7,666666666666667;7,0;7,0;7,666666666666667;7,666666666666667;8,333333333333334;8,333333333333334;8,666666666666666;2024-11-27 11:02:54.000
TB0930;2006-11-28;596,986782;;;8,6;8,0;8,4;9,0;5,8;9,4;8,0;8,2;2024-10-08 09:42:19.000
TFCDXR;2010-01-13;1062,918696;;;9,0;8,0;8,0;9,0;7,0;9,0;8,0;8,0;2023-09-15 11:44:53.000
TB2086;2013-11-25;304,813727;;;9,4;8,2;8,4;9,2;7,4;8,6;8,4;8,2;2025-03-07 14:25:24.000
T05691;2006-03-31;2127,416124;4,0;45755,7378680612;9,0;8,0;8,0;9,0;7,0;9,0;8,0;8,0;2019-12-12 09:33:00.000
T62523;2009-08-24;;;;;;;;;;;;
T05353;1999-09-24;154,483378;;;8,666666666666666;8,333333333333334;8,333333333333334;9,333333333333334;6,666666666666667;9,166666666666666;8,166666666666666;8,5;2025-01-21 10:27:51.000
T60859;2018-03-06;0,0;1,0;0,00840771473583952;;;;;;;;;
TFCHSV;2019-06-19;116,575228;;;;;;;;;;;
TFBWPX;2018-04-19;76,74562;;;9,0;8,333333333333334;8,0;9,0;7,333333333333333;8,666666666666666;8,333333333333334;8,666666666666666;2025-02-25 14:26:02.000
TDCGL4;2018-08-21;;;;;;;;;;;;
TFCCNP;2008-09-23;482,598729;;;10,0;8,5;9,0;10,0;9,0;10,0;9,0;9,0;2025-02-17 15:52:23.000
TFDVPL;2024-09-10;699,136912;2,0;11012,143102559;10,0;9,0;8,0;9,0;10,0;8,0;10,0;10,0;2025-02-26 16:58:52.000
TEZCBY;2013-04-02;;;;;;;;;;;;
TFCOR5;2020-03-11;146,478946;1,0;1998,48856956485;;;;;;;;;
TFDOBC;2023-06-30;884,326346;1,0;219,084026729138;;;;;;;;;
TDC357;2021-01-25;;;;;;;;;;;;
TCBPMZ;2009-08-28;26,669878;;;;;;;;;;;
TFCU50;2021-05-19;136,90117;1,0;20,3971159491467;8,5;6,5;8,5;9,0;7,0;5,5;8,5;8,0;2025-01-31 15:53:58.000
TFDR60;2023-12-14;30,717909;;;;;;;;;;;
TB5728;2016-04-10;110,747539;1,0;265,675377937793;9,25;8,25;8,25;9,25;7,25;9,0;8,25;7,75;2024-04-01 15:14:31.000
TC7207;2014-02-17;52,119423;;;6,0;9,0;9,0;7,0;5,0;8,0;9,0;7,0;2022-12-13 11:57:41.837
TDCCIU;2021-05-20;;;;;;;;;;;;
TFCYT1;2021-09-10;54,588165;;;9,0;6,666666666666667;8,0;9,666666666666666;7,666666666666667;9,333333333333334;8,0;8,333333333333334;2024-11-12 15:32:19.000
TDCFLD;2021-02-26;;;;;;;;;;;;
T57886;2008-10-30;1089,886481;4,0;53492,6262682723;9,0;8,25;8,5;8,25;5,25;7,25;7,0;7,25;2025-02-26 16:30:20.000
TDC34C;2019-01-11;;;;;;;;;;;;
T24711;1992-12-09;492,649725;4,0;13126,7085817668;4,75;6,75;7,75;9,0;5,0;7,5;5,25;8,0;2024-08-15 10:25:39.000
TFDJPY;2023-04-20;26,815204;1,0;35,5394101883937;;;;;;;;;
TDCG35;2022-04-29;;;;;;;;;;;;
T47759;2012-12-10;680,282463;2,0;1989,75715781168;;;;;;;;;
T02817;1997-09-08;890,027855;2,0;4207,2204538141;7,0;7,285714285714286;7,285714285714286;9,0;6,714285714285714;8,285714285714286;7,428571428571429;7,428571428571429;2025-02-06 16:14:00.000
TB2268;2014-10-15;347,802582;;;9,666666666666666;9,0;9,333333333333334;9,0;6,333333333333333;6,0;7,666666666666667;8,333333333333334;2024-01-22 08:54:17.000
TFDFBK;2022-09-05;771,653796;5,0;6125,30184350274;9,5;7,5;10,0;9,5;8,0;8,5;9,5;7,5;2024-10-29 13:56:06.000
TDCFR7;2025-03-13;;1,0;139,601695473879;;;;;;;;;
TFCTMX;2020-12-22;181,8595;2,0;2064,95155455166;;;;;;;;;
TDCGCA;2024-02-01;;;;;;;;;;;;
TDC84F;2021-05-28;;;;;;;;;;;;
TA3885;2005-03-11;120,412512;;;8,666666666666666;6,333333333333333;6,333333333333333;7,333333333333333;6,0;9,0;8,333333333333334;8,0;2024-10-10 14:49:16.000
T12884;2004-11-30;;;;;;;;;;;;
TDCF89;2020-01-31;;;;;;;;;;;;
TDCDQU;2021-02-25;;;;;;;;;;;;
T50813;2011-03-17;46,899525;;;9,0;8,0;8,0;9,0;7,0;9,0;8,0;8,0;2022-02-18 11:09:00.000
TDC0IK;2021-03-29;277,104464;;;5,0;7,0;5,0;5,0;4,0;5,0;8,0;8,0;2022-05-06 00:00:00.000
TDCE7W;2022-02-24;;;;;;;;;;;;
TDCGY2;2023-12-26;;;;;;;;;;;;
TEWBQT;2011-03-31;318,075781;2,0;0,00840771473583952;7,0;8,0;8,0;8,0;8,0;8,0;8,0;7,0;2024-02-05 10:28:25.000
TFDSCN;2024-03-06;118,356546;1,0;131,1729614512;;;;;;;;;
TFDGSR;2022-11-18;56,424071;1,0;170,151126966552;;;;;;;;;
TFDQGP;2023-10-31;;1,0;543,777358255157;;;;;;;;;
T05519;1996-01-01;4547,769441;;;7,4;7,8;8,0;9,2;6,8;8,8;7,8;8,0;2025-02-24 15:02:17.000
TA2584;2017-10-26;71,190869;;;;;;;;;;;
T04065;1998-10-26;1406,41316;4,0;39024,2061612455;9,666666666666666;8,666666666666666;9,0;9,666666666666666;7,666666666666667;9,333333333333334;7,0;9,0;2023-05-31 19:39:30.227
TFCM79;2019-11-22;1976,269381;;;7,666666666666667;7,666666666666667;8,0;7,0;7,0;8,0;8,0;7,333333333333333;2023-02-01 12:46:17.557
T92213;2009-12-23;266,357751;2,0;393,901435374082;5,0;3,0;5,0;9,0;9,0;9,0;8,0;8,0;2022-09-06 19:44:18.517
TDCCYW;2022-01-07;;;;;;;;;;;;
TEZCO9;2013-04-29;720,6476;;;10,0;8,0;8,0;9,25;7,0;9,0;7,75;8,5;2025-02-24 09:14:53.000
TA3130;2010-10-04;311,268032;;;7,0;8,0;7,0;9,0;4,0;3,0;8,0;3,0;2024-03-20 09:56:43.000
TEZDDJ;2013-06-27;129,277689;;;;;;;;;;;
T49107;2012-12-18;175,806516;;;;;;;;;;;
TFDNKE;2011-04-19;1531,305492;2,0;901,063195954657;;;;;;;;;
TB1406;2008-10-17;269,94682;;;10,0;8,5;8,833333333333334;9,0;7,833333333333333;9,333333333333334;8,333333333333334;8,166666666666666;2025-02-13 14:39:42.000
TB2162;2018-02-06;114,298031;;;9,0;8,0;9,0;9,0;6,666666666666667;9,0;8,666666666666666;9,666666666666666;2024-05-22 14:20:20.000
TDCGB4;2018-05-15;;;;;;;;;;;;
T03306;1997-11-17;750,230549;3,0;51209,465089324;6,0;8,0;8,0;9,0;7,0;9,0;8,0;8,0;2019-04-03 17:06:00.000
TFCRR0;2020-09-24;74,103333;;;;;;;;;;;
TFDFM5;2022-09-27;49,462262;;;;;;;;;;;
TFDFE9;2013-12-01;201,740449;;;10,0;8,5;9,0;10,0;9,5;8,5;9,0;9,0;2024-12-12 13:31:16.000
T23398;1991-12-20;959,121996;3,0;5594,82128610231;6,0;7,0;8,0;4,0;3,5;7,0;4,0;7,5;2024-05-10 13:54:06.000
TDCFMR;2021-05-03;;;;;;;;;;;;
TDCH3H;2021-08-25;;;;;;;;;;;;
TDCG0K;2024-07-29;;1,0;121,567147365504;;;;;;;;;
T08368;2007-10-03;473,608825;1,0;945,867907781946;9,166666666666666;8,333333333333334;8,5;8,833333333333334;6,833333333333333;9,333333333333334;8,5;9,0;2024-05-14 10:21:15.000
TB5520;2017-02-10;116,113684;2,0;13897,1747447297;10,0;7,5;7,0;9,5;7,0;9,5;6,5;8,0;2022-07-05 17:41:07.270
TDC9VS;2022-05-02;;;;;;;;;;;;
T21883;2010-11-25;291,312952;2,0;5949,45869366002;8,166666666666666;8,333333333333334;8,0;8,833333333333334;6,833333333333333;9,0;8,0;8,333333333333334;2024-11-22 11:12:11.000
TFCH63;2019-05-22;591,378476;;;8,0;8,0;8,333333333333334;9,0;7,5;8,5;8,0;7,333333333333333;2024-05-06 16:44:13.000
TFEDVE;2025-01-28;;2,0;4895,16910050206;;;;;;;;;
T20560;2001-08-31;;;;2,0;5,25;6,25;7,5;6,0;7,75;8,0;5,5;2023-07-14 10:25:06.000
TDCEZZ;2022-08-25;;;;;;;;;;;;
T74473;2010-08-23;589,637746;2,0;14371,9710074346;9,5;6,0;7,0;9,5;6,0;9,0;9,0;8,5;2024-11-18 09:01:34.000
TDCCOR;2024-03-12;;1,0;120,209301435666;;;;;;;;;
TFDUKH;2024-06-24;86,29258;5,0;3221,04596158853;;;;;;;;;
TFDV54;2024-07-30;453,897358;2,0;5354,01172449577;;;;;;;;;
TFCWWB;2021-06-18;;1,0;120,209301435666;;;;;;;;;
TFDQM9;2020-12-10;;;;;;;;;;;;
TEZMHN;2015-09-30;;;;0,0;8,0;8,0;9,0;7,0;9,0;8,0;8,0;2019-10-08 11:01:00.000
T09163;2002-07-30;1503,8952;5,0;24141,9331117764;8,0;8,0;8,0;9,0;7,0;9,0;8,0;8,0;2019-10-14 14:43:00.000
TFEEID;2025-02-24;;3,0;16773,5212175782;;;;;;;;;
TFBYYI;2021-09-30;89,331296;;;9,0;8,0;8,0;6,0;8,0;9,0;9,0;8,0;2024-11-14 14:45:57.000
TFDSD6;2024-03-07;99,687618;1,0;956,827363940113;;;;;;;;;
TFDFIC;2022-09-21;78,797587;;;;;;;;;;;
TDCDGD;2024-07-12;;1,0;198,884492076284;;;;;;;;;
T03063;2003-09-19;;;;10,0;8,0;9,0;8,0;8,0;8,0;8,0;10,0;2024-10-28 16:59:53.000
TDCF4G;2022-07-06;;;;;;;;;;;;
TEZOQY;2013-02-06;53,424497;;;;;;;;;;;
TDC8F9;2024-09-25;;1,0;3477,52329960532;;;;;;;;;
TFCIAC;2019-06-28;129,655692;1,0;60,1067526465167;;;;;;;;;
TFDVQU;2024-09-13;87,417112;2,0;182,708048924529;;;;;;;;;
T46988;2010-05-27;496,502548;26,0;127793,291339548;8,0;8,25;8,5;9,75;8,0;8,5;8,0;9,25;2024-10-18 15:47:54.000
T15240;2006-05-31;;;;9,0;8,0;8,0;9,0;7,0;9,0;8,0;8,0;2019-05-16 15:32:00.000
T01134;1998-09-11;699,806588;1,0;476,137293205328;10,0;9,0;9,0;9,5;8,5;9,5;9,0;9,0;2024-10-30 14:43:26.000
TEZEGX;1994-12-08;5197,944998;2,0;9256,07417197257;8,4;7,0;8,0;9,2;7,4;8,8;7,2;7,2;2024-10-25 16:16:08.000
TFDCB1;2022-04-28;780,578963;1,0;11427,9088001036;;;;;;;;;
T43289;2010-02-25;489,539519;;;8,25;7,75;8,0;8,25;6,25;8,0;8,0;7,75;2023-12-12 10:19:08.000
TFCT08;2020-11-30;763,594697;;;7,666666666666667;8,0;8,666666666666666;8,333333333333334;6,666666666666667;9,0;6,666666666666667;7,666666666666667;2023-07-11 10:41:31.000
TFCEGZ;2019-01-28;343,137661;;;;;;;;;;;
T54924;2019-12-05;161,745343;;;;;;;;;;;
TFDPZY;2023-10-13;;;;;;;;;;;;
T13280;2005-03-16;;;;;;;;;;;;
TFC468;2018-07-31;1131,694017;1,0;0,00420385736791976;7,0;7,857142857142857;8,428571428571429;8,857142857142858;6,714285714285714;8,714285714285714;7,714285714285714;8,571428571428571;2024-10-16 09:25:50.000
TFECP0;2024-11-21;;1,0;120,70535660508;;;;;;;;;
T07472;2001-05-29;506,635105;;;8,0;7,666666666666667;8,0;9,0;7,666666666666667;9,0;8,0;8,166666666666666;2023-06-23 14:08:00.000
TAABM3;2010-09-08;97,940908;;;10,0;10,0;10,0;9,0;9,0;10,0;8,0;8,0;2024-04-04 17:09:07.000
TEVNT2;2009-06-18;294,85316;;;;;;;;;;;
TFDU05;2019-01-01;3014,382231;;;;;;;;;;;
TDCCOU;2024-07-05;;1,0;108,203084792887;;;;;;;;;
TEZLTQ;2015-11-10;954,675268;1,0;2744,79936809164;;;;;;;;;
TFCKV3;2019-10-10;238,043865;5,0;7307,11965377392;8,0;6,0;6,0;10,0;5,0;10,0;7,0;8,0;2023-02-16 20:15:02.700
TFBQUH;2017-11-22;194,227774;1,0;2628,25162642343;10,0;9,0;10,0;9,0;7,0;9,5;8,0;10,0;2023-04-28 18:32:25.473
T01259;2013-12-01;636,044604;3,0;12070,2077596333;8,0;6,666666666666667;9,0;9,0;6,333333333333333;7,333333333333333;9,0;7,333333333333333;2024-09-11 15:24:45.000
TCAJZX;2016-05-31;107,701074;;;;;;;;;;;
T35097;1998-08-31;;;;;;;;;;;;
TEZKN3;2015-04-22;158,849949;1,0;678,880926345362;7,8;7,8;7,8;8,2;6,2;9,0;7,0;7,4;2024-11-13 14:09:31.000
TFDNDE;2023-05-23;31,087805;1,0;36,4558510946002;;;;;;;;;
TDCA2Z;2022-08-24;0,0;1,0;382,12222702917;;;;;;;;;
TB6594;2017-06-25;487,267738;5,0;24782,7186826537;7,8;7,4;7,4;8,8;6,6;7,2;8,2;8,0;2024-03-13 15:59:42.000
TEVVOV;2010-10-01;797,385458;1,0;0,00420385736791976;8,0;7,25;8,25;9,0;6,0;9,0;8,25;8,0;2024-11-04 14:18:34.000
TFDSQQ;2024-04-10;21,124383;2,0;1026,06069093238;;;;;;;;;
TDC0BR;2016-10-01;221,302101;1,0;119,45260710944;7,0;5,0;7,0;8,0;8,0;9,0;8,0;8,0;2022-07-25 16:54:25.030
T16961;2007-12-06;1628,123415;2,0;0,016815429471679;9,0;8,8;9,0;8,4;7,8;9,2;8,2;9,2;2024-07-24 14:19:38.000
TFEBPL;2024-09-30;914,075255;1,0;56446,9627030105;;;;;;;;;
TB1092;2008-08-05;249,715425;;;9,5;8,0;8,25;9,25;7,25;9,25;8,0;8,0;2022-08-01 14:04:29.120
TEZFEZ;2021-05-31;623,100293;;;;;;;;;;;
TFDO36;2023-06-29;347,819101;;;;;;;;;;;
TDCCR7;2022-07-29;;;;;;;;;;;;
TFDQFM;2023-11-10;19,072779;;;;;;;;;;;
TFCZFQ;2021-09-30;494,206329;1,0;156,269989937681;8,0;8,0;8,0;4,0;5,0;6,0;7,0;8,0;2024-03-11 14:07:15.000
TFECTM;2024-11-28;44,935556;1,0;129,852950237673;;;;;;;;;
T09170;1998-04-28;5301,525422;1,0;46077,1690062697;6,571428571428571;7,571428571428571;7,857142857142857;9,285714285714286;6,857142857142857;8,142857142857142;7,714285714285714;7,571428571428571;2023-09-14 09:29:48.000
TDCGOR;2024-06-13;;1,0;238,203170038437;;;;;;;;;
TDCA83;2021-04-30;;;;;;;;;;;;
TFCPX1;2020-06-12;724,188221;2,0;2772,36406085309;;;;;;;;;
TDC9WG;2022-10-10;;;;;;;;;;;;
TFCDX2;2014-07-10;237,299949;;;;;;;;;;;
T57338;2001-05-21;;1,0;8738,22620596274;;;;;;;;;
TFDE41;2013-12-26;854,463508;1,0;1563,12869282834;;;;;;;;;
TDCDQH;2018-03-12;;;;;;;;;;;;
TDCFA0;2023-05-17;;;;;;;;;;;;
TDCFNX;2021-11-29;;;;;;;;;;;;
TFDRTI;2024-02-09;135,463159;;;;;;;;;;;
TCBLZO;2016-08-30;;;;;;;;;;;;
TB1570;2016-12-12;799,376396;3,0;8503,39032567601;7,8;7,8;7,8;8,6;6,6;8,6;7,6;8,4;2024-02-07 10:33:04.000
TFCRXB;2020-09-30;75,271036;;;9,0;8,0;8,0;9,0;7,0;9,0;8,0;8,0;2022-02-16 08:46:00.000
TFDBKB;2018-04-24;1103,455281;1,0;2622,31577981993;;;;;;;;;
T45321;2010-01-22;1765,207181;1,0;0,00420385736791976;;;;;;;;;
T13629;2007-01-24;1936,907686;7,0;164512,930280128;;;;;;;;;
TFEDXF;2025-01-29;;1,0;1150,97831262012;;;;;;;;;
TEZUUU;2016-09-29;196,232585;;;9,333333333333334;6,0;7,333333333333333;9,333333333333334;7,333333333333333;8,666666666666666;7,666666666666667;7,666666666666667;2023-11-10 10:36:47.000
TDC21L;2022-07-08;382,475351;;;8,0;5,666666666666667;8,0;7,0;8,0;8,0;7,666666666666667;7,0;2025-03-17 13:47:37.000
TDCACG;2023-03-24;;;;;;;;;;;;
TDCD8P;2019-05-08;;;;;;;;;;;;
TFDEEA;2022-07-29;55,610888;;;;;;;;;;;
TDCH23;2020-09-15;;;;;;;;;;;;
TFCAR4;2018-09-14;1002,855602;4,0;3143,2241539936;9,0;9,0;8,75;9,25;8,0;9,0;7,75;8,75;2024-11-29 16:36:59.000
TDCC24;2021-02-22;;;;;;;;;;;;
T48119;2011-10-28;3411,271021;3,0;1081,0303298753;9,166666666666666;8,0;8,5;8,833333333333334;6,666666666666667;9,333333333333334;8,166666666666666;8,666666666666666;2025-02-19 10:19:37.000
TFAYZB;2024-09-20;;1,0;0,00420385736791976;;;;;;;;;
TDCDQM;2021-07-19;;;;;;;;;;;;
T28477;2010-09-30;391,605874;1,0;2782,09599065983;9,5;6,0;9,0;9,5;6,0;9,0;8,0;8,0;2023-06-02 11:03:24.000
TDC0I8;2020-04-01;633,378374;;;;;;;;;;;
TEXPR8;2012-02-29;184,448746;;;;;;;;;;;
T11564;2005-01-07;285,457679;1,0;23606,5340412555;8,0;9,0;9,0;9,0;8,0;9,0;9,0;10,0;2023-10-19 11:57:07.000
TFCEVB;2017-06-30;423,840121;;;;;;;;;;;
TFDCXE;2022-05-31;957,173407;;;;;;;;;;;
TFDTJW;2024-04-15;468,186933;2,0;5568,58080841176;;;;;;;;;
TFDREF;2023-12-28;;2,0;6234,85436651073;;;;;;;;;
TA3873;2003-01-07;48,335952;;;;;;;;;;;
TFDGM1;2024-03-28;119,062757;1,0;1710,21745827448;;;;;;;;;
TFDPE8;2023-08-30;32,679385;1,0;35,3586443215731;;;;;;;;;
T55244;2013-04-10;180,3665;;;10,0;8,0;8,0;10,0;8,0;10,0;8,0;8,0;2024-07-31 14:59:29.000
TDCG4L;2022-07-28;;;;;;;;;;;;
TCAAUX;2019-09-25;;;;;;;;;;;;
TA8688;2009-11-19;7,299397;;;;;;;;;;;
TFCSFS;2020-10-28;1248,309221;;;8,0;8,0;9,0;9,0;5,0;9,0;2,0;8,0;2024-12-16 10:41:14.000
TDCFSS;2024-04-01;;1,0;243,302449025724;;;;;;;;;
TEZDC9;2013-06-25;543,544784;1,0;3388,49400826752;9,25;7,5;9,5;9,75;7,75;9,75;7,5;9,5;2024-11-18 09:09:31.000
T53716;2006-06-30;848,957224;;;6,666666666666667;4,666666666666667;5,666666666666667;3,3333333333333335;4,666666666666667;9,0;6,0;1,6666666666666667;2023-10-24 15:45:40.000
TDCFF9;2023-07-13;;;;;;;;;;;;
TFBJRZ;2017-03-31;383,601206;;;;;;;;;;;
TC3375;2016-10-20;;;;;;;;;;;;
TB2922;2012-05-15;375,67406;1,0;1978,68419750458;8,0;8,0;8,0;9,0;8,0;9,0;8,0;8,0;2023-06-19 13:59:27.000
TEWTWC;2011-08-30;3219,097747;2,0;3570,93721417786;8,75;8,0;6,75;8,75;7,0;8,5;8,0;8,0;2023-08-07 15:51:50.000
TD4347;2021-12-27;312,925832;5,0;39121,390935877;;;;;;;;;
TDCCOJ;2022-12-29;;;;;;;;;;;;
TFCFNQ;2019-03-21;242,20991;1,0;0,016815429471679;8,333333333333334;8,0;8,5;8,666666666666666;4,666666666666667;8,5;5,666666666666667;8,333333333333334;2025-01-14 16:39:06.000
TDCEA4;2022-12-05;;;;;;;;;;;;
TDCGPJ;2019-12-04;;;;;;;;;;;;
TFCD10;2019-05-30;122,522522;;;;;;;;;;;
TDCG57;2021-10-14;;;;;;;;;;;;
TEYYYD;2012-10-01;;1,0;445,852704726834;;;;;;;;;
TDC9YA;2022-02-22;;;;;;;;;;;;
TFDEG2;2022-08-01;;;;;;;;;;;;
TFCN06;2020-01-02;727,873291;;;6,0;8,0;8,0;9,0;7,0;9,0;8,0;8,0;2021-08-03 10:33:00.000
TFCDFH;2018-12-06;285,55947;1,0;984,085175113705;7,0;7,0;5,6;9,6;5,0;8,2;4,4;5,0;2024-11-25 14:13:55.000
TFED07;2024-12-05;703,757252;2,0;35037,6209575293;;;;;;;;;
TB4817;2017-12-21;263,92412;2,0;11504,8351860791;;;;;;;;;
TDCDO1;2022-08-30;;;;;;;;;;;;
TFEEEP;2025-02-17;;1,0;8553,84081794841;;;;;;;;;
TDCADV;2023-02-28;;;;;;;;;;;;
TFDURJ;2024-07-01;151,186567;2,0;3972,00202250688;;;;;;;;;
T25106;2015-09-02;101,819772;1,0;2942,70015754383;8,666666666666666;7,666666666666667;8,0;8,666666666666666;7,0;8,666666666666666;8,333333333333334;8,0;2022-07-25 17:28:20.940
TEZBGM;2012-12-18;;1,0;1132,19547790025;;;;;;;;;
TFCZG7;2021-09-30;448,538053;;;;;;;;;;;
T30589;2013-02-26;529,782281;;;10,0;8,0;8,0;10,0;8,0;9,0;10,0;10,0;2024-05-10 10:19:46.000
T54216;2008-04-30;641,76992;1,0;3989,73809674213;9,666666666666666;7,666666666666667;8,0;9,0;7,333333333333333;9,0;8,0;8,333333333333334;2024-08-13 15:35:19.000
TFDB49;2022-02-24;278,435093;;;;;;;;;;;
TFEBR0;2024-10-03;25,538433;1,0;342,639598629668;;;;;;;;;
TDCG11;2024-03-20;;1,0;120,209301435666;;;;;;;;;
T43917;2004-03-31;819,843989;;;10,0;7,0;7,0;9,0;8,0;8,0;8,0;8,0;2024-11-26 17:36:17.000
TEZCLG;2013-04-17;142,243361;;;8,0;7,0;6,5;6,0;7,5;6,5;7,5;8,0;2023-10-11 10:17:11.000
T52685;2005-09-30;1213,104695;1,0;0,00420385736791976;9,0;8,166666666666666;8,333333333333334;8,5;7,0;8,333333333333334;8,5;8,166666666666666;2024-07-29 15:57:00.000
T54551;2008-09-15;236,121134;;;7,666666666666667;8,666666666666666;9,0;9,0;7,333333333333333;9,333333333333334;7,333333333333333;8,666666666666666;2023-08-10 11:58:09.000
TFDVJ7;2024-08-27;802,498117;2,0;45524,4248202488;;;;;;;;;
TAAHWZ;2010-11-22;156,981279;;;8,5;6,25;7,875;9,375;6,875;8,375;8,125;7,0;2025-02-27 16:06:47.000
T05967;2000-02-25;1855,977269;3,0;752,704865583401;10,0;7,0;8,0;9,0;6,333333333333333;7,666666666666667;8,0;9,0;2023-11-08 10:20:43.000
TB3904;2013-09-05;328,399543;1,0;347,541296320662;10,0;8,0;9,0;10,0;10,0;9,0;9,0;10,0;2022-05-31 00:00:00.000
T59826;2010-06-28;271,396243;;;10,0;10,0;10,0;10,0;7,5;8,5;10,0;9,5;2024-02-23 10:37:15.000
T04247;1998-12-18;1569,015202;4,0;11154,5277516104;7,0;8,0;8,0;9,0;7,0;9,0;8,0;8,0;2019-08-20 15:43:00.000
TFBNZA;2014-04-08;;;;;;;;;;;;
TDCCPU;2023-12-04;;;;;;;;;;;;
TFCBU4;2018-10-30;159,238155;;;0,0;10,0;0,0;0,0;2,0;10,0;1,0;10,0;2022-08-11 19:30:10.837
TAAQPD;2011-03-21;575,377754;2,0;233,85217766264;8,0;8,0;8,0;9,0;7,0;9,0;8,0;8,0;2021-09-29 10:27:00.000
TFDAHX;2023-07-13;744,013164;;;8,0;8,0;8,0;10,0;8,0;9,0;8,0;8,0;2024-01-29 11:17:05.000
TFDUTE;2024-07-04;52,11049;1,0;63,7472931271352;;;;;;;;;
TDCDG9;2022-10-19;;;;;;;;;;;;
TFD749;2021-12-10;23,563698;;;;;;;;;;;
TAAGAG;2010-11-11;229,823513;;;9,75;7,5;9,5;9,0;5,5;9,25;8,0;9,0;2024-08-23 15:06:56.000
TFDF94;2022-08-31;1023,231673;;;5,0;10,0;10,0;9,0;7,0;9,0;5,0;8,0;2023-05-31 15:00:47.533
TDCGT5;2021-10-03;;;;;;;;;;;;
TFCVW1;2021-04-29;1026,997929;2,0;1234,97979054589;10,0;10,0;10,0;10,0;10,0;9,0;10,0;10,0;2024-11-01 17:03:47.000
TDCG26;2018-04-02;;;;;;;;;;;;
TFD324;2021-11-23;67,618249;;;;;;;;;;;
TFCRE3;2020-08-24;;;;7,0;8,0;8,0;9,0;7,0;9,0;8,0;8,0;2022-03-02 15:26:00.000
TDC502;2022-01-01;;3,0;16767,4718668258;;;;;;;;;
TFCHKM;2019-06-04;651,231697;;;9,5;8,75;8,75;9,5;7,75;9,25;8,75;9,0;2024-01-19 14:23:34.000
TAAFXM;2010-10-26;48,824499;;;8,5;6,0;7,5;7,0;6,5;7,0;8,0;9,0;2025-03-26 17:25:41.000
T76529;2011-03-01;3221,097208;2,0;6988,56815786243;8,5;7,5;9,0;9,5;8,5;9,0;9,0;9,0;2024-01-12 16:57:19.000
TDCHDF;2024-09-30;;1,0;330,212996250097;;;;;;;;;
TFBM93;2015-05-25;;;;;;;;;;;;
TB4737;2015-10-07;226,773514;1,0;939,919449606339;9,8;8,6;8,8;9,6;8,2;9,6;8,0;8,0;2024-05-08 16:40:22.000
TB5512;2013-05-04;298,095976;;;4,0;3,0;8,0;8,0;3,0;8,0;3,0;5,0;2022-05-13 00:00:00.000
TDCF5J;2023-09-20;;;;;;;;;;;;
TD0341;2010-10-28;;;;9,25;8,0;8,0;9,0;7,25;9,0;8,5;8,0;2024-05-28 17:43:50.000
TFDUA6;2024-05-29;;2,0;4995,40587558274;;;;;;;;;
TFCRIC;2020-08-31;118,858514;;;7,5;7,0;9,5;9,0;7,0;9,5;9,0;9,0;2023-08-09 16:20:41.000
TFDCPA;2022-05-23;226,324575;1,0;60,1067526465167;9,0;8,5;9,0;9,0;7,0;9,5;7,0;4,0;2025-01-14 17:02:34.000
TDC1OQ;2025-01-07;16,051323;2,0;407,774164688217;;;;;;;;;
TFCVVQ;2021-04-29;589,335968;3,0;8108,08059808367;9,0;9,0;8,0;10,0;5,0;9,0;9,0;9,0;2024-12-27 10:28:45.000
TDCD6A;2022-08-08;;;;;;;;;;;;
TDC80T;2023-10-09;;;;;;;;;;;;
TFCRKZ;2020-09-04;704,095746;1,0;4116,63993910753;8,666666666666666;8,333333333333334;8,666666666666666;8,666666666666666;6,666666666666667;9,333333333333334;8,0;8,0;2024-02-08 14:05:50.000
T81527;2009-11-18;748,679146;1,0;22,5663063509933;8,333333333333334;8,333333333333334;8,333333333333334;8,833333333333334;7,0;8,833333333333334;8,166666666666666;7,833333333333333;2024-10-17 11:04:02.000
T84622;2009-11-26;1146,378434;9,0;61476,049883825;8,4;7,4;7,4;8,8;7,0;8,8;7,8;8,0;2024-02-06 16:39:35.000
TFCDJX;2018-12-12;371,866216;1,0;4396,92792525621;4,5;3,5;9,0;7,5;7,5;9,0;9,0;7,0;2025-01-10 11:07:25.000
TFECHQ;2024-11-05;44,111075;2,0;215,271128096435;;;;;;;;;
TA8440;2010-07-19;1373,146683;1,0;30235,9120140308;;;;;;;;;
TFDO85;2023-07-07;38,514736;3,0;172,438025374701;;;;;;;;;
TCBNKR;2017-10-03;46,139715;;;;;;;;;;;
TDCG50;2022-11-04;;;;;;;;;;;;
TFBKR9;2012-09-13;415,847672;1,0;8275,18392845848;1,0;8,0;8,0;9,0;7,0;9,0;8,0;8,0;2019-10-14 16:01:00.000
TFCZUL;2021-10-28;778,194954;;;;;;;;;;;
TFDR80;2023-12-15;;;;;;;;;;;;
T07984;2014-03-13;843,551207;1,0;1051,25440813833;5,0;9,0;9,0;7,0;7,0;9,0;3,5;8,5;2024-11-11 09:59:02.000
TFDDO0;2022-06-30;292,686256;1,0;189,417405283729;8,5;8,5;8,5;7,5;8,5;8,5;10,0;8,5;2024-10-14 13:55:45.000
TB1833;2010-05-20;249,193334;;;8,333333333333334;7,666666666666667;8,0;8,0;7,666666666666667;7,666666666666667;8,0;6,333333333333333;2025-03-07 09:12:36.000
TB4748;2015-05-05;168,381527;1,0;215,073546800143;;;;;;;;;
TB3721;2014-03-27;373,153622;;;9,5;8,5;8,333333333333334;9,333333333333334;7,166666666666667;9,166666666666666;8,333333333333334;8,5;2025-01-24 17:19:29.000
TDCDFS;2021-03-29;;;;;;;;;;;;
T12582;2004-09-29;367,376716;;;9,0;8,0;8,0;6,5;7,0;8,5;7,5;8,5;2024-10-22 09:21:28.000
TFDPAC;2023-08-25;682,41977;;;;;;;;;;;
T07826;2001-08-29;806,745924;2,0;5670,10816770439;9,4;7,0;7,4;6,8;8,0;9,2;8,8;8,0;2025-02-07 10:50:10.000
T77314;2005-05-05;;;;;;;;;;;;
TFDSSW;2024-04-24;37,301818;1,0;587,005623569476;;;;;;;;;
TFDDMK;2021-02-26;145,954532;;;;;;;;;;;
TDC834;2020-11-10;;;;;;;;;;;;
TFDPWL;2023-09-29;175,293082;2,0;580,544294794983;1,0;1,0;5,0;5,0;1,0;9,0;1,0;8,0;2024-11-11 14:41:51.000
TFDK22;2023-04-25;165,574527;;;;;;;;;;;
TEZKI2;2015-03-25;2904,714702;1,0;13270,6696773312;8,5;8,0;8,0;9,0;7,0;8,75;8,0;8,0;2023-07-11 14:42:58.000
TB6166;2016-08-28;136,987207;;;9,5;8,0;9,0;9,5;7,5;8,5;9,5;9,5;2023-03-16 12:39:19.733
TEZMDD;2014-08-05;1159,023848;;;7,0;7,0;6,0;9,0;6,0;8,0;8,0;9,0;2022-04-28 00:00:00.000
TFCJM3;2019-08-28;333,016668;;;8,0;7,5;8,0;9,5;7,0;9,0;8,0;9,0;2023-02-10 18:36:53.673
TFDQTV;2023-11-30;32,104141;1,0;63,7472931271352;;;;;;;;;
TCARW7;2017-02-24;;;;;;;;;;;;
TB0223;2013-12-05;679,861071;;;7,666666666666667;6,0;8,0;8,333333333333334;7,333333333333333;9,0;5,0;7,0;2025-02-27 11:35:22.000
TA2580;2004-01-16;38,754228;;;;;;;;;;;
T34142;2012-03-30;1050,038544;7,0;65006,0583426688;8,5;8,0;7,833333333333333;9,166666666666666;7,5;8,666666666666666;8,166666666666666;8,0;2024-07-05 11:58:56.000
TFCXLP;2021-07-14;2997,36872;2,0;657,571573347377;10,0;9,666666666666666;9,333333333333334;9,0;7,333333333333333;9,666666666666666;10,0;9,333333333333334;2024-02-09 11:07:51.000
TAACDU;2010-09-30;;3,0;2517,36227677245;8,333333333333334;8,0;8,0;9,0;7,0;9,0;8,0;8,0;2021-11-18 17:14:00.000
TFCYFC;2021-08-19;652,753802;;;;;;;;;;;
TDCGXB;2021-02-03;;;;;;;;;;;;
TDCH0X;2021-11-11;;;;;;;;;;;;
TDC13Q;2005-01-01;356,752484;1,0;1200,88650729206;9,5;9,5;9,5;9,5;7,5;9,5;9,0;9,5;2024-04-12 10:11:06.000
T79783;2015-09-02;1291,090394;;;;;;;;;;;
TEZOHX;2016-04-25;;;;7,5;8,0;7,5;8,5;7,5;8,5;8,0;8,0;2022-03-16 00:00:00.000
TFDB37;2022-02-25;37,197454;;;;;;;;;;;
TDCCZV;2021-12-06;;;;;;;;;;;;
TFDJLI;2023-04-05;60,102898;;;;;;;;;;;
T39903;2001-08-22;647,371603;3,0;9581,91515656003;8,0;5,333333333333333;7,0;8,0;7,333333333333333;8,333333333333334;8,0;7,333333333333333;2025-02-21 16:54:26.000
TDC8A6;2022-04-11;;;;;;;;;;;;
T12416;2009-07-23;264,720781;;;10,0;9,25;9,25;9,75;7,25;9,5;9,25;8,75;2024-09-18 10:21:16.000
TEZJIJ;2013-02-06;516,213312;;;;;;;;;;;
T24234;2009-03-18;498,028491;;;;;;;;;;;
T53381;2013-07-31;1114,201998;;;8,0;8,0;8,0;9,5;7,5;9,5;8,0;8,0;2022-10-25 16:44:19.467
TB4901;2015-11-10;128,235866;;;8,4;8,6;8,2;9,0;7,8;9,0;8,4;8,6;2025-02-21 15:30:20.000
T47593;2013-05-06;;;;;;;;;;;;
TFCQQ2;2020-07-29;168,554322;1,0;1298,28988250676;8,333333333333334;8,0;8,666666666666666;9,0;7,666666666666667;9,0;6,0;8,333333333333334;2024-11-12 14:10:35.000
TDC87R;2022-09-05;;;;;;;;;;;;
TFCRW6;2020-09-30;672,944923;;;9,2;8,6;8,8;9,4;7,0;9,2;7,8;8,8;2024-11-08 15:18:09.000
TCBJLI;2015-07-22;55,439177;;;;;;;;;;;
T21424;1991-01-10;183,389235;;;8,2;8,0;8,4;9,2;7,4;9,2;8,0;8,0;2024-07-30 15:55:34.000
TDCGK6;2014-06-06;;1,0;949,823737565158;;;;;;;;;
T49440;2009-11-06;2200,229874;;;8,571428571428571;6,714285714285714;7,571428571428571;8,428571428571429;6,0;9,0;8,285714285714286;7,857142857142857;2025-02-28 15:34:43.000
TDC01Y;2017-02-01;445,612212;8,0;18247,5995997819;7,0;8,0;8,0;9,0;7,0;9,0;8,0;8,0;2021-02-25 14:20:00.000
TFCVM3;2021-03-01;;;;;;;;;;;;
TFCQ61;2020-06-24;100,446967;;;8,0;7,25;8,25;9,25;7,25;8,25;7,75;7,75;2025-03-26 17:14:25.000
TFECWU;2024-11-29;;1,0;113,584022223824;;;;;;;;;
TFECV0;2024-11-29;;1,0;554,442544397569;;;;;;;;;
TFECQ5;2024-11-22;899,517017;1,0;16764,6048361009;;;;;;;;;
TFDPM2;2023-09-07;;;;;;;;;;;;
TDC099;2015-02-01;615,623438;4,0;10608,0136822087;8,333333333333334;7,333333333333333;7,333333333333333;9,0;8,0;9,0;8,333333333333334;8,333333333333334;2024-07-11 16:24:43.000
TFDUP5;2024-06-28;987,567075;1,0;9630,13760442743;;;;;;;;;
T00788;2010-03-30;671,421159;;;;;;;;;;;
T75857;2010-05-03;788,502923;1,0;832,279681700754;;;;;;;;;
TDCH1R;2022-06-23;;;;;;;;;;;;
TDCC27;2018-09-05;;;;;;;;;;;;
T54117;2008-06-19;1390,876688;;;;;;;;;;;
TFCMH5;2019-11-29;120,852653;;;9,0;9,0;9,0;10,0;7,0;9,0;9,0;10,0;2024-08-27 08:31:42.000
TEZKKF;2015-04-13;38,547649;;;7,5;8,25;8,5;9,0;7,75;9,0;8,5;8,25;2024-07-24 08:28:44.000
TEZIT0;2014-10-31;471,772892;;;7,5;7,5;8,0;8,5;7,0;8,0;8,0;8,5;2023-03-06 20:01:15.587
TFCI94;2019-06-28;444,879511;1,0;0,00420385736791976;8,333333333333334;7,333333333333333;7,666666666666667;8,0;6,666666666666667;8,666666666666666;8,0;8,0;2024-08-19 10:12:03.000
TDCG03;2023-05-25;;;;;;;;;;;;
TEZHW4;2014-08-13;200,35994;;;7,5;8,166666666666666;8,166666666666666;8,833333333333334;7,0;8,833333333333334;8,0;8,0;2024-04-17 16:57:22.000
TFEDI1;2024-05-28;1082,134742;2,0;16411,3336821878;;;;;;;;;
T14650;2013-06-26;146,704345;;;7,4;6,6;6,6;8,6;6,0;9,0;7,6;8,4;2024-12-10 17:16:14.000
TFDVRU;2024-09-17;63,656415;2,0;480,690070734785;;;;;;;;;
TFCXAV;2021-06-25;1035,473127;1,0;833,599692914281;9,0;8,0;8,0;10,0;8,0;9,0;9,0;8,0;2025-02-10 17:22:23.000
TCBIDT;2015-02-06;144,689413;;;;;;;;;;;
TFEEP7;2025-02-28;;1,0;756,946557667632;;;;;;;;;
T89935;2009-11-27;167,250962;;;7,0;6,0;6,0;8,0;9,0;9,0;10,0;9,0;2022-05-17 00:00:00.000
TFCNKV;2020-01-24;54,618778;;;9,333333333333334;9,0;9,0;7,333333333333333;7,333333333333333;9,333333333333334;9,0;6,666666666666667;2023-03-10 17:35:20.943
TDCH5B;2023-09-26;;;;;;;;;;;;
TDCCBL;2021-02-11;;;;;;;;;;;;
TDCCX0;2022-07-12;;;;;;;;;;;;
TCADJO;2014-04-23;52,597612;;;;;;;;;;;
TDCD2F;2024-01-17;;;;;;;;;;;;
T11527;2004-03-16;210,461591;;;;;;;;;;;
TFECWQ;2024-11-29;;1,0;1275,94638059627;;;;;;;;;
TFDTY5;2024-05-16;680,613756;2,0;6498,06208017355;;;;;;;;;
TA4372;2010-05-31;670,34129;2,0;1490,33469864544;7,666666666666667;8,0;8,5;9,0;7,166666666666667;9,0;8,333333333333334;8,666666666666666;2024-03-11 11:19:21.000
TEZPGR;2016-07-29;119,920255;;;8,666666666666666;8,333333333333334;8,333333333333334;9,0;7,0;9,0;8,333333333333334;8,333333333333334;2022-08-15 12:39:35.363
TFDDE7;2022-06-20;189,91939;1,0;3088,70432778905;;;;;;;;;
T52521;2007-12-21;608,499946;1,0;7217,33787196726;;;;;;;;;
TEZKMQ;2015-04-10;880,457989;;;9,666666666666666;8,0;8,0;9,0;7,0;9,0;8,0;8,0;2021-11-03 12:07:00.000
TDCGCI;2022-01-07;;;;;;;;;;;;
TEZKDH;2000-05-05;698,361713;;;8,5;8,0;8,25;9,0;7,25;8,75;8,25;8,5;2023-09-29 09:02:22.000
TCAOV1;2016-11-22;113,76317;;;;;;;;;;;
TDCA5X;2021-11-26;;;;;;;;;;;;
T60400;2009-07-02;1212,300239;;;10,0;8,0;8,0;9,0;7,0;9,0;8,0;8,0;2019-09-12 10:50:00.000
TDCC6D;2023-03-01;;;;;;;;;;;;
T16062;2007-02-28;974,183289;;;8,333333333333334;8,0;8,333333333333334;8,666666666666666;8,666666666666666;8,666666666666666;9,0;8,333333333333334;2024-09-18 09:45:32.000
TEXHSB;2011-11-21;;;;;;;;;;;;
TFCQOG;2020-07-27;305,827202;;;;;;;;;;;
TFEEF8;2025-02-18;;1,0;182,510467628236;;;;;;;;;
TFBNNC;2017-02-06;;;;;;;;;;;;
TFCXED;2021-06-30;145,154827;;;10,0;9,0;9,333333333333334;9,333333333333334;7,0;9,333333333333334;8,666666666666666;9,0;2024-09-02 16:05:31.000
T37593;2001-07-31;1125,885332;;;8,125;8,25;7,875;9,375;7,25;9,125;8,125;8,875;2025-03-19 16:34:07.000
TFDISP;2023-02-28;343,156511;;;;;;;;;;;
TFDOUH;2023-09-22;379,448234;1,0;31,9955584272373;7,0;8,0;8,0;9,0;7,0;9,0;10,0;8,0;2024-05-07 14:35:05.000
TFCSK2;2020-11-05;167,048033;;;;;;;;;;;
T00053;1992-02-26;448,951788;1,0;4317,9500568851;9,0;7,5;8,0;8,0;6,5;9,5;8,0;6,5;2024-03-15 09:48:18.000
TFCX44;2021-06-23;;;;;;;;;;;;
TFCN04;2021-01-29;916,41187;4,0;367,320445236725;4,0;0,0;0,0;9,0;5,0;8,0;6,0;7,0;2022-12-15 18:13:33.620
TDCE38;2014-11-12;;;;;;;;;;;;
TEZRX7;2018-02-05;;;;7,333333333333333;7,666666666666667;8,0;7,333333333333333;7,0;8,333333333333334;8,0;7,666666666666667;2022-04-19 00:00:00.000
TFBLDN;2017-08-31;696,489483;3,0;5007,73578924285;8,5;8,0;9,0;7,5;7,5;9,5;8,0;7,5;2023-08-28 09:27:53.000
T12757;2004-10-29;622,109;1,0;3694,49278607839;;;;;;;;;
TFDPML;2023-09-11;;;;;;;;;;;;
TB2958;2012-05-05;863,629527;1,0;3322,14452742964;4,666666666666667;5,666666666666667;5,666666666666667;8,666666666666666;5,333333333333333;8,333333333333334;5,0;5,666666666666667;2024-11-18 11:07:45.000
TFCYJL;2021-08-27;111,844271;;;7,0;8,0;8,0;9,0;8,0;9,0;7,0;9,0;2023-12-06 11:06:37.000
TFCLHG;2019-10-30;;;;;;;;;;;;
TA8414;2011-09-22;2514,716234;1,0;1290,48331937454;8,0;8,0;8,0;9,0;7,0;9,0;8,0;8,0;2024-12-04 16:38:13.000
TFDREC;2023-12-28;;;;;;;;;;;;
TB5237;2023-09-18;238,164365;;;;;;;;;;;
T04867;1992-11-10;17,536157;;;9,0;9,0;9,0;9,0;7,0;9,0;8,0;8,0;2022-11-01 14:19:23.407
TEWBPS;2011-03-21;1118,029444;1,0;0,00420385736791976;8,25;8,75;9,25;9,25;6,75;9,0;8,0;9,0;2024-07-12 12:04:19.000
TB4814;2015-10-20;411,729784;;;10,0;9,333333333333334;9,666666666666666;9,333333333333334;7,666666666666667;9,333333333333334;10,0;10,0;2024-11-04 17:17:42.000
TCAJGK;2022-01-27;;;;;;;;;;;;
TFDAKF;2022-01-24;225,136611;;;10,0;10,0;10,0;10,0;7,0;10,0;10,0;10,0;2023-10-04 09:22:43.000
TFDIV2;2023-03-07;;;;;;;;;;;;
TEXKLD;2011-12-30;;;;;;;;;;;;
TEZUUI;2016-09-29;316,543853;;;9,5;8,333333333333334;8,333333333333334;9,5;7,666666666666667;9,5;8,5;9,166666666666666;2025-03-20 14:51:02.000
TFBLUM;2017-10-25;423,888307;;;7,0;7,0;7,0;8,0;6,0;8,0;6,0;7,0;2024-08-28 15:13:59.000
TEF108;2018-06-18;97,229076;;;9,0;10,0;10,0;9,0;8,0;9,0;10,0;9,0;2022-07-27 12:55:03.893
TFDTH9;2024-05-31;1940,579154;1,0;53843,1817303257;;;;;;;;;
TD0240;2013-03-01;;;;9,0;8,0;8,0;9,0;7,0;9,0;8,0;8,0;2019-08-27 11:08:00.000
TDCF8K;2018-03-02;;;;;;;;;;;;
TDCGNY;2017-12-18;;;;;;;;;;;;
TCAEY2;2017-06-23;149,940597;;;;;;;;;;;
TFDB40;2013-04-26;282,240527;;;;;;;;;;;
TEZIMO;2016-05-04;79,677163;;;10,0;8,0;8,0;9,0;7,333333333333333;9,0;8,666666666666666;9,333333333333334;2024-11-19 17:14:46.000
TFDDSI;2022-07-05;29,484562;;;;;;;;;;;
TA2750;2011-07-12;114,865767;1,0;38,7385456453806;;;;;;;;;
TFCPVW;2020-06-26;20,82675;;;;;;;;;;;
TDCGQY;2022-08-29;;;;;;;;;;;;
TFDPPY;2023-09-19;56,327601;1,0;148,97629740434;;;;;;;;;
T42247;2016-06-30;206,438271;2,0;2225,48005200304;10,0;9,0;8,0;9,0;7,0;9,0;6,5;9,0;2025-03-10 13:47:47.000
TFEDWZ;2025-01-28;;1,0;1104,13052611202;;;;;;;;;
TFCXOF;2021-07-12;;;;;;;;;;;;
TFEETS;2025-03-13;;1,0;616,853010881706;;;;;;;;;
TFBYIB;2012-04-16;501,427842;;;;;;;;;;;
TFDJIV;2023-03-31;270,096605;1,0;6841,67697371258;10,0;8,0;8,0;10,0;7,0;9,0;10,0;10,0;2024-03-13 14:59:52.000
T84225;2008-08-14;769,657728;;;10,0;8,0;8,0;9,0;7,5;9,25;8,0;8,5;2024-12-20 10:14:27.000
TFCSHC;2020-10-29;208,968436;3,0;362,414543688362;;;;;;;;;
TDCDUQ;2023-04-12;;;;;;;;;;;;
TDCDD0;2024-04-04;;1,0;180,173122931673;;;;;;;;;
TFDUPP;2024-06-28;93,18638;2,0;29627,0883707218;;;;;;;;;
TEYTCU;2012-07-31;81,717381;;;7,666666666666667;7,666666666666667;7,666666666666667;9,0;6,333333333333333;8,666666666666666;8,0;8,0;2022-04-06 00:00:00.000
TDCFI4;2021-01-22;;;;;;;;;;;;
TFDMP7;2023-04-28;1531,841702;4,0;7980,46409996573;8,0;4,0;8,0;9,0;9,0;9,0;7,0;8,0;2024-02-01 15:05:39.000
TFCQXJ;2020-08-07;523,153557;;;;;;;;;;;
TDC85L;2022-01-07;;;;;;;;;;;;
T13320;2005-02-28;600,502883;;;6,333333333333333;8,333333333333334;8,333333333333334;9,0;7,666666666666667;9,666666666666666;8,0;9,0;2023-11-08 11:13:51.000
TDCDV0;2012-04-10;;;;;;;;;;;;
T98614;2010-03-22;135,55338;;;10,0;9,0;10,0;10,0;9,0;10,0;9,0;1,0;2024-08-27 09:10:16.000
TDCGYS;2017-12-31;;;;;;;;;;;;
TFCMYS;2019-12-30;261,536402;1,0;907,12095442183;10,0;9,0;9,0;10,0;5,0;10,0;10,0;10,0;2024-07-03 17:31:19.000
TFCBSI;2018-10-30;97,422292;1,0;7012,4082329959;0,0;0,0;0,0;0,0;0,0;0,0;0,0;0,0;2022-12-14 20:06:12.320
TB4463;2014-10-21;87,138396;;;;;;;;;;;
TFDRCS;2023-12-22;189,693113;;;;;;;;;;;
TDCG2Z;2018-09-26;;;;;;;;;;;;
TFEBRB;2024-10-02;128,023221;1,0;2656,06014291222;;;;;;;;;
TFBZDC;2018-04-02;180,723504;;;;;;;;;;;
TDCCWI;2021-09-28;;;;;;;;;;;;
TFDQ57;2023-10-16;180,788387;;;8,0;9,0;9,0;9,0;9,0;10,0;9,0;8,0;2024-07-19 14:26:05.000
TB2482;2014-11-05;221,091781;;;6,0;8,0;8,0;9,0;7,0;9,0;8,0;8,0;2021-08-11 10:48:00.000
TFCCWQ;2018-11-27;467,05205;3,0;5829,04340321333;9,0;8,0;8,0;9,0;7,0;9,0;8,0;8,0;2021-08-06 15:40:00.000
TFECNS;2024-11-19;33,536972;2,0;76,4933886666679;;;;;;;;;
TAA395;2014-09-19;;;;;;;;;;;;
TFDH61;2022-11-30;890,196855;;;9,0;8,0;8,0;9,0;7,0;9,0;8,0;8,0;2024-09-23 14:26:17.000
T10872;2004-07-29;228,990202;2,0;0,00840771473583952;6,75;7,375;7,5;8,75;6,0;8,625;8,25;8,375;2025-01-13 16:48:09.000
TFDBJR;2022-08-26;413,966605;;;;;;;;;;;
T16758;2007-09-18;428,262924;2,0;0,00840771473583952;;;;;;;;;
TB3733;2017-04-07;828,709313;;;9,0;8,0;8,0;9,0;7,0;9,0;8,0;8,0;2020-08-25 11:52:00.000
TEZJMK;2015-01-08;;;;8,0;8,0;8,0;9,0;7,0;9,0;8,0;8,0;2020-03-19 10:05:00.000
TEXNB3;2012-02-02;180,259902;;;;;;;;;;;
TDC14T;2009-03-01;335,927211;2,0;2054,96739330285;9,666666666666666;9,0;9,0;9,0;7,333333333333333;8,666666666666666;9,666666666666666;8,666666666666666;2025-03-14 16:28:13.000
TEWERU;2011-04-29;3491,964918;2,0;0,00840771473583952;8,5;6,5;8,0;8,0;7,0;8,5;8,0;8,0;2024-03-04 10:40:43.000
T74871;2007-03-02;4616,548357;4,0;37327,7353165641;7,0;8,0;8,0;9,0;7,0;9,0;8,0;8,0;2020-03-09 10:27:00.000
TFEEXP;2025-03-21;;1,0;1200,93274972311;;;;;;;;;
T42223;2013-11-28;;2,0;0,00840771473583952;9,5;7,5;8,0;9,0;6,5;9,5;9,0;9,0;2022-05-23 00:00:00.000
TDCFB7;2019-06-03;;;;;;;;;;;;
TAAJXE;2010-12-23;136,273791;;;8,0;8,25;8,5;8,5;6,0;9,0;7,0;8,75;2024-12-04 14:05:04.000
TFCKNS;2019-09-30;1321,892739;;;6,5;2,5;7,0;8,0;6,5;8,5;6,0;6,0;2023-06-02 15:37:30.000
TFDIBN;2023-01-27;58,989496;;;;;;;;;;;
TDC41N;2018-08-23;;;;10,0;7,5;7,5;9,5;7,5;9,0;8,0;9,0;2023-03-01 14:19:03.007
TFDPJK;2023-08-31;186,635778;3,0;5361,81828762799;;;;;;;;;
TFCRE9;2020-08-24;185,343867;;;8,5;6,75;7,5;8,5;6,0;9,0;7,75;7,75;2023-08-02 11:00:37.000
T19281;2010-03-30;;;;6,5;8,0;8,5;9,0;7,0;9,0;8,0;8,0;2024-08-21 10:50:24.000
TFCAFQ;2018-08-30;216,666107;1,0;291,873817054669;5,666666666666667;8,0;8,0;9,0;7,0;9,0;8,0;8,0;2021-09-16 15:17:00.000
TFC572;2018-07-31;;;;;;;;;;;;
TEWLPO;2011-05-20;;;;9,0;8,0;8,0;9,0;7,0;9,0;8,0;7,0;2022-05-19 00:00:00.000
TB1339;2012-02-05;919,300714;;;9,0;8,333333333333334;8,333333333333334;9,0;6,666666666666667;9,0;7,666666666666667;8,333333333333334;2024-05-20 14:41:59.000
T57157;2008-08-14;582,140875;3,0;210,327391831761;10,0;9,333333333333334;9,0;9,0;9,0;9,0;8,666666666666666;10,0;2025-03-19 11:05:47.000
T28644;1995-06-09;;;;;;;;;;;;
TDCFYC;2022-07-18;;1,0;34,9887048731962;;;;;;;;;
TDCGBU;2019-08-08;;;;;;;;;;;;
TDCE7M;2021-07-13;;;;;;;;;;;;
TFDNMX;2023-05-31;614,640847;1,0;0,00420385736791976;10,0;8,0;10,0;7,0;8,0;6,0;10,0;10,0;2024-08-21 09:42:36.000
T15122;2006-05-29;209,574442;2,0;0,016815429471679;10,0;8,0;9,0;9,5;7,5;9,5;8,0;8,0;2022-05-26 00:00:00.000
TB1105;2014-05-28;774,230171;;;8,333333333333334;8,666666666666666;9,0;9,0;5,666666666666667;8,0;8,333333333333334;9,333333333333334;2024-06-13 16:31:25.000
TFBKK8;2019-08-30;20,586155;;;;;;;;;;;
TEYVTZ;2011-09-22;1411,468405;5,0;371,032451292598;7,0;7,25;7,25;8,25;6,5;8,75;7,5;7,75;2023-08-07 16:27:08.000
TDCG4I;2022-07-06;;;;;;;;;;;;
TFDU40;2024-05-24;60,106752;2,0;76,4933886666679;;;;;;;;;
TFDJSX;2023-05-08;;;;;;;;;;;;
TFCZI8;2021-10-06;41,416682;1,0;307,613059040161;7,0;7,0;7,0;9,0;9,0;9,0;9,0;8,0;2024-11-18 16:00:47.000
T37830;2000-12-11;357,94344;;;;;;;;;;;
T16438;2007-06-18;606,966831;;;9,333333333333334;8,0;8,0;8,0;6,666666666666667;8,0;7,666666666666667;8,333333333333334;2024-10-24 09:36:48.000
TDCDN8;2024-07-31;;1,0;167,166388235329;;;;;;;;;
TFDABH;2022-01-04;719,428031;;;10,0;10,0;10,0;10,0;8,0;10,0;7,0;10,0;2024-01-11 17:20:18.000
TEZLAO;2015-06-10;1639,795595;1,0;63484,8042730823;8,0;7,0;7,166666666666667;9,0;6,333333333333333;8,666666666666666;8,0;7,333333333333333;2023-11-21 15:05:06.000
TDCCTC;2020-07-30;;;;;;;;;;;;
TFCDUN;2018-12-28;497,689049;3,0;15532,0843021152;5,5;6,5;7,5;8,5;7,0;9,0;8,0;4,0;2022-09-02 19:31:09.730
TCBKML;2011-05-25;;;;;;;;;;;;
TB2643;2011-10-05;328,606152;;;7,0;7,0;7,5;7,0;5,0;9,5;8,0;8,0;2024-03-12 09:57:34.000
TCBKNY;2012-12-21;;;;;;;;;;;;
TDCCIZ;2022-02-25;;;;;;;;;;;;
TFDODZ;2023-07-05;;;;;;;;;;;;
TDC863;2022-04-01;;1,0;1955,57979741049;;;;;;;;;
TDCCLW;2022-01-21;;;;;;;;;;;;
TB0764;2012-05-24;334,701975;;;8,333333333333334;8,666666666666666;9,0;9,333333333333334;7,0;8,333333333333334;8,0;8,333333333333334;2024-04-18 11:42:27.000
TFBLNY;2017-09-29;178,134983;3,0;2625,34255712483;3,0;0,0;8,0;7,0;0,0;0,0;8,0;8,0;2022-10-20 14:40:46.767
TEZLOU;2015-10-29;1145,203807;2,0;0,00840771473583952;9,0;8,0;8,0;9,0;7,0;9,0;8,0;8,166666666666666;2023-08-09 15:34:36.000
TFD877;2021-12-17;53,153175;2,0;686,153599591863;10,0;8,0;8,0;10,0;8,0;10,0;9,0;8,0;2023-08-21 11:52:07.000
TEZBZW;2013-03-15;116,939082;1,0;4698,59252612076;10,0;9,333333333333334;8,666666666666666;9,333333333333334;7,666666666666667;9,666666666666666;8,666666666666666;8,666666666666666;2025-03-21 11:19:35.000
TFEEXN;2025-03-21;;1,0;11981,1238181497;;;;;;;;;
TDCCOZ;2024-06-11;;1,0;97,1091051989464;;;;;;;;;
T16696;2007-09-20;182,500351;2,0;0,00840771473583952;9,75;8,375;8,25;9,25;7,75;9,375;8,25;8,625;2025-02-26 11:23:55.000
TDC9YI;2022-02-08;;2,0;1180,4515566266;;;;;;;;;
T02029;2003-02-20;638,658068;;;7,0;8,0;8,0;9,0;7,0;9,0;8,0;8,0;2021-05-10 09:37:00.000
TDCDRM;2014-04-01;;;;;;;;;;;;
TFCSIU;2020-10-30;126,447098;3,0;973,592347123377;6,0;8,0;8,0;9,0;7,0;9,0;8,0;8,0;2022-02-07 13:58:00.000
TFCRA5;2020-08-17;147,503595;1,0;633,849206220206;5,0;6,333333333333333;7,333333333333333;8,333333333333334;4,666666666666667;6,0;5,0;5,333333333333333;2024-12-19 14:59:19.000
TFCBDZ;2018-10-05;544,396007;;;9,0;8,0;8,0;9,0;8,0;8,5;7,5;8,0;2025-03-20 17:22:51.000
TFBLN2;2017-09-29;1953,937775;2,0;22103,4952856443;10,0;8,0;10,0;10,0;10,0;10,0;10,0;8,0;2022-12-08 14:41:39.390
TDCEX2;2022-08-31;;;;;;;;;;;;
T13481;2005-03-17;865,351491;1,0;0,00420385736791976;5,5;8,0;8,0;7,5;7,0;5,0;3,5;7,0;2024-12-16 15:42:30.000
TFDJF7;2023-03-29;365,788859;;;;;;;;;;;
TFDTOD;2024-04-25;1490,426288;1,0;29672,931435319;;;;;;;;;
TFCSYM;2020-11-30;7,793257;;;8,0;8,0;8,0;10,0;9,0;10,0;10,0;7,0;2022-07-28 12:08:29.457
TFDUIF;2024-06-19;95,831526;1,0;4249,99470253268;;;;;;;;;
TFCAYX;2018-09-26;511,438376;;;;;;;;;;;
TEZNZ3;2016-02-15;340,582101;;;7,0;7,5;7,5;8,25;6,5;8,0;8,0;6,75;2023-02-13 17:41:20.997
TFBKSZ;2017-07-27;2562,163625;2,0;11184,0892766216;8,0;8,0;7,0;7,0;6,0;9,0;6,0;8,0;2024-10-04 14:21:30.000
T04367;2006-12-18;239,963939;;;;;;;;;;;
TFBXD1;2011-07-12;22,686116;;;9,333333333333334;10,0;9,0;9,333333333333334;8,0;8,666666666666666;7,333333333333333;7,666666666666667;2025-02-17 10:48:45.000
T36053;1999-10-22;;1,0;3588,13099081266;;;;;;;;;
TFEEJH;2025-02-25;;1,0;615,865104400245;;;;;;;;;
TEZJLP;2015-01-19;645,06179;1,0;1051,27542742517;7,5;6,5;7,5;8,5;7,5;9,5;8,0;4,0;2022-04-27 00:00:00.000
TEZM99;2015-08-31;319,106024;4,0;4580,65751152114;10,0;7,0;8,0;8,0;7,0;9,0;8,0;9,0;2024-04-04 14:06:01.000
TDCH09;2018-09-27;;;;;;;;;;;;
TFDHUE;2023-01-03;94,814122;;;;;;;;;;;
TFCFPA;2019-03-22;454,062174;1,0;2298,30767704488;5,666666666666667;7,666666666666667;8,333333333333334;8,666666666666666;6,0;8,666666666666666;8,666666666666666;8,0;2024-06-07 15:47:43.000
T53365;2000-06-02;1192,454799;;;;;;;;;;;
T05879;2000-02-01;;;;8,0;8,0;8,0;9,0;7,0;9,0;8,0;8,0;2021-07-08 17:30:00.000
TDC559;2022-01-01;;1,0;351,938531127506;8,0;8,0;8,0;10,0;8,0;9,0;8,0;10,0;2024-02-16 14:01:40.000
TDCECY;2021-10-20;;;;;;;;;;;;
TB4238;2014-10-15;259,561803;;;10,0;8,666666666666666;7,333333333333333;9,0;7,0;9,333333333333334;8,666666666666666;8,666666666666666;2025-03-13 10:27:50.000
TFDIF6;2023-01-31;55,268112;;;;;;;;;;;
TEZIIV;2014-09-27;1853,911332;2,0;5688,79851756216;6,444444444444445;5,888888888888889;7,222222222222222;8,666666666666666;4,777777777777778;9,0;6,111111111111111;6,444444444444445;2025-02-10 17:25:57.000
TEZSRH;2016-08-31;517,347706;;;9,0;8,0;8,666666666666666;8,666666666666666;7,333333333333333;9,333333333333334;8,666666666666666;8,666666666666666;2023-10-18 16:10:06.000
T07061;2015-09-02;307,057826;;;;;;;;;;;
TFDS05;2024-02-27;1167,847478;4,0;3810,93122745504;;;;;;;;;
TDCGSX;2022-05-10;;;;;;;;;;;;
TB0806;2006-07-20;696,863195;1,0;1257,38214645954;4,0;4,75;7,0;8,0;6,0;7,25;8,0;6,25;2024-06-12 14:02:20.000
TDCENV;2024-07-05;;1,0;168,47799173412;;;;;;;;;
TC1901;2014-07-31;52,597612;;;;;;;;;;;
TEXPRO;2012-02-29;125,735525;;;;;;;;;;;
T04870;2010-08-31;999,581198;3,0;398,727463632453;9,4;8,2;8,4;8,8;7,2;9,2;8,2;8,0;2024-04-15 08:36:38.000
TDCHBW;2024-10-14;;1,0;196,723709389173;;;;;;;;;
T59162;2011-01-28;376,983992;3,0;0,0126115721037593;8,5;8,25;8,25;8,5;7,75;8,5;8,75;8,5;2023-08-01 15:13:06.000
T58232;2008-11-28;312,745554;2,0;0,00840771473583952;9,5;7,5;8,0;8,5;5,5;8,5;9,5;8,5;2023-03-15 20:43:01.513
TFDBVW;2024-11-14;1159,812018;1,0;54427,9509017755;;;;;;;;;
TEYJA1;2012-06-28;668,115297;;;7,4;7,4;7,4;8,0;5,4;8,4;7,4;6,4;2025-03-12 14:04:46.000
T59328;2010-01-15;838,242225;;;8,5;9,0;8,5;9,0;7,5;9,5;8,5;8,0;2023-09-28 11:27:49.000
T33191;1995-05-31;;;;;;;;;;;;
T58044;2002-12-19;1952,443942;4,0;62048,4344914689;8,0;8,0;8,0;9,0;7,0;9,0;8,0;8,0;2020-03-09 14:20:00.000
TEZDMR;2013-07-31;684,964052;1,0;0,00420385736791976;9,0;8,0;8,0;9,0;7,0;9,0;8,0;8,0;2023-08-24 14:49:09.000
TFDCYM;2022-05-31;595,08924;;;;;;;;;;;
TFCRU0;2020-10-05;192,143786;;;8,4;8,2;8,2;9,0;7,2;9,0;8,2;8,6;2025-03-06 17:45:42.000
TFDEO8;2024-07-15;99,429634;1,0;104,402797732287;;;;;;;;;
TDCEQ9;2021-05-28;;;;;;;;;;;;
TEZLM8;2015-07-03;625,356121;;;8,333333333333334;8,0;8,0;9,333333333333334;8,0;9,333333333333334;8,666666666666666;8,0;2024-12-06 11:54:52.000
TFDBSG;2022-03-31;56,889925;;;10,0;9,0;9,0;10,0;8,0;10,0;10,0;9,0;2024-07-05 11:40:02.000
T16926;2015-11-01;64,643915;;;8,0;7,0;8,0;8,0;9,0;8,0;7,0;5,0;2025-03-25 12:11:46.000
TFDHLU;2022-12-22;28,086577;;;;;;;;;;;
TDCCW0;2024-06-14;;1,0;108,203084792887;;;;;;;;;
TFBYYH;2018-05-23;239,375617;;;8,333333333333334;7,666666666666667;7,833333333333333;7,666666666666667;6,833333333333333;8,666666666666666;8,166666666666666;8,0;2025-03-25 11:09:54.000
TDCG5Q;2014-09-05;;;;;;;;;;;;
T78206;2014-02-19;1030,205582;4,0;31777,8742850117;9,2;8,4;8,4;9,0;7,6;8,8;8,2;8,8;2025-01-28 09:53:47.000
TB4848;2014-10-22;374,033415;;;9,0;8,0;9,0;7,666666666666667;6,333333333333333;8,0;8,0;8,666666666666666;2024-02-02 14:33:23.000
TFCLE7;2019-10-25;1015,94898;2,0;477,638070285675;8,75;7,5;8,0;8,0;6,75;8,75;8,5;8,5;2024-03-14 14:36:24.000
TDCF2J;2018-07-23;;;;;;;;;;;;
TDCG6I;2014-06-09;;;;;;;;;;;;
TDCDJY;2023-04-26;;;;;;;;;;;;
TFDGLW;2022-11-03;;;;;;;;;;;;
TFDIZ9;2023-03-14;135,63487;;;;;;;;;;;
TB2710;2020-06-03;;;;;;;;;;;;
TFCC16;2018-11-06;361,47967;;;9,0;8,0;8,0;8,0;8,0;10,0;5,0;3,0;2023-08-10 10:39:59.000
TFD638;2021-12-02;573,285734;;;;;;;;;;;
TFBK73;2017-05-26;258,446915;;;;;;;;;;;
TEVN70;2010-06-01;265,675561;1,0;335,358517668431;10,0;9,0;9,0;9,0;6,0;8,0;8,0;8,0;2022-08-23 17:14:17.893
TFBTMK;2022-09-16;;;;;;;;;;;;
TA3087;2014-12-04;56,598697;;;;;;;;;;;
TA3579;2014-11-03;274,839149;2,0;633,979525798611;7,5;7,5;8,0;10,0;7,5;9,0;7,0;6,5;2025-01-27 10:23:18.000
TFCOV2;2020-03-17;645,567608;;;8,0;5,5;6,5;7,0;6,0;8,0;8,0;8,0;2023-05-29 19:39:12.410
TFCWFQ;2021-05-21;1852,229629;4,0;5004,80570065741;10,0;10,0;10,0;10,0;9,0;10,0;8,0;10,0;2024-07-03 13:47:05.000
T13937;2001-12-11;1235,565448;4,0;11707,7974198023;8,666666666666666;5,333333333333333;6,0;8,333333333333334;5,666666666666667;8,666666666666666;8,333333333333334;4,333333333333333;2023-04-11 17:34:17.177
TEWP05;2011-06-29;126,878563;;;5,0;8,0;8,0;9,0;7,0;9,0;8,0;7,0;2022-12-14 17:32:15.203
TA3598;2015-06-01;147,70976;;;9,25;9,0;9,0;9,0;7,5;9,0;8,5;9,0;2024-10-03 15:58:51.000
TFEEM7;2025-02-26;;1,0;152,688303460214;;;;;;;;;
TFBKWH;2006-10-11;284,098411;;;2,5;9,0;10,0;10,0;7,0;10,0;8,0;7,0;2024-05-24 14:56:03.000
TDCF5A;2019-02-01;;;;;;;;;;;;
T04859;2001-06-30;534,318501;;;7,0;7,0;6,5;8,333333333333334;6,666666666666667;7,333333333333333;7,666666666666667;8,166666666666666;2024-07-23 10:25:50.000
TFEEIG;2025-02-24;;1,0;615,865104400245;;;;;;;;;
TDCH9P;2022-03-15;;;;;;;;;;;;
TDCG0P;2020-12-01;;;;;;;;;;;;
TFDCJ6;2022-05-10;61,948042;;;;;;;;;;;
T43291;2002-11-13;;;;;;;;;;;;
TFDO43;2023-06-29;;;;;;;;;;;;
TFDRK4;2024-01-18;202,64662;;;;;;;;;;;
TFCSSL;2020-11-23;37,912137;;;8,0;8,0;10,0;10,0;7,0;10,0;8,0;10,0;2023-09-25 11:00:19.000
TEXSQA;2006-12-29;;;;;;;;;;;;
TB6496;2016-04-20;138,120644;;;8,333333333333334;6,666666666666667;6,0;8,333333333333334;5,666666666666667;7,0;9,333333333333334;8,666666666666666;2024-05-15 13:57:40.000
TFDJO7;2023-04-14;59,585053;1,0;161,940993527005;;;;;;;;;
T75502;2010-04-30;;;;;;;;;;;;
TEZF82;2014-11-19;406,109563;;;8,0;7,833333333333333;8,0;9,0;7,166666666666667;8,833333333333334;8,0;8,166666666666666;2023-07-12 15:53:45.000
TFDET8;2022-08-25;;;;;;;;;;;;
TFDOH6;2023-07-14;434,914591;1,0;177,364946209903;;;;;;;;;
TDCDG4;2022-06-13;;;;;;;;;;;;
TB3711;2013-12-10;447,606163;;;9,0;7,0;8,0;6,0;9,0;7,0;10,0;9,0;2022-04-25 00:00:00.000
TFDGGR;2022-10-27;924,656492;;;9,0;8,333333333333334;8,333333333333334;8,333333333333334;8,333333333333334;7,333333333333333;5,333333333333333;8,666666666666666;2025-03-14 15:23:42.000
TDCDDT;2022-09-14;;;;;;;;;;;;
TFCHAP;2019-05-31;33,935476;;;;;;;;;;;
TFBZO6;2018-06-21;693,438842;;;7,0;8,0;8,0;9,0;7,0;9,0;8,0;8,0;2021-11-24 14:53:00.000
T16472;2009-11-10;818,75141;;;9,25;7,5;7,5;8,5;7,25;8,75;8,0;8,5;2025-03-26 10:10:05.000
TDCG30;2021-10-22;;;;;;;;;;;;
TA0704;2010-04-27;81,280492;;;8,0;8,0;8,0;9,0;7,0;9,0;10,0;8,0;2023-08-04 14:37:20.000
TFDQC4;2023-10-24;77,83403;;;;;;;;;;;
T49209;2010-01-22;;;;;;;;;;;;
TDCHEI;2024-09-13;;1,0;115,782639627246;;;;;;;;;
TEZKJJ;2006-12-14;;;;;;;;;;;;
TDCGF8;2021-07-07;;;;;;;;;;;;
TEZEXE;2013-11-12;34,496449;;;6,25;8,0;8,0;7,0;5,5;9,0;7,0;6,5;2023-05-26 14:11:28.697
TEZN39;2011-09-28;1183,406483;1,0;1198,55757031023;8,0;8,0;8,0;9,0;7,0;9,0;8,0;8,0;2019-08-23 15:33:00.000
TFDVFP;2024-08-16;212,481167;1,0;3429,09065886952;;;;;;;;;
TEXXYU;2021-08-26;;;;5,5;4,5;4,5;7,0;4,0;5,5;5,0;3,5;2023-10-09 09:05:20.000
TCABN5;2014-03-20;175,336234;;;;;;;;;;;
T44478;2010-12-15;463,121285;;;8,285714285714286;8,0;7,857142857142857;8,857142857142858;7,142857142857143;8,857142857142858;8,0;8,285714285714286;2024-11-22 08:07:58.000
T84117;2009-10-13;393,333626;3,0;13993,4094475961;8,0;6,5;7,5;8,0;7,5;8,5;8,5;7,5;2024-01-11 13:54:21.000
T74247;2010-07-27;;;;;;;;;;;;
TA3205;2014-03-25;83,960411;;;6,0;7,5;8,0;7,0;6,0;9,0;6,5;6,5;2022-04-18 00:00:00.000
TDCG06;2013-07-08;;;;;;;;;;;;
TEZMG6;2015-09-08;274,738586;;;6,0;6,4;7,6;9,0;4,4;8,8;7,4;7,6;2024-11-06 16:18:41.000
TFDUC0;2024-05-31;120,997758;1,0;127,490382396903;;;;;;;;;
TB4979;2016-01-15;48,110021;;;8,0;7,0;8,0;9,0;7,0;8,0;9,0;8,0;2022-04-29 00:00:00.000
TDCFZE;2023-02-13;;;;;;;;;;;;
TFBMJD;2011-11-01;2071,756037;1,0;314,124834103068;8,25;7,5;8,0;9,0;6,5;8,75;8,25;8,25;2022-09-12 17:37:22.340
T27563;1994-10-25;;;;;;;;;;;;
T44400;2003-09-05;473,846491;;;8,75;8,25;8,0;9,0;6,5;9,0;8,0;8,0;2024-11-22 10:21:59.000
T61712;2011-08-22;811,314484;;;7,0;8,0;9,0;9,0;7,0;7,0;8,0;8,0;2024-03-15 17:16:56.000
TEYTBY;2019-06-28;1126,615757;;;;;;;;;;;
TDCFB0;2024-01-16;;;;;;;;;;;;
TDC82Q;2021-02-17;;;;;;;;;;;;
T87549;2009-10-27;;;;9,0;9,0;7,0;9,0;7,0;9,0;9,0;8,0;2023-10-19 10:25:18.000
TEWTVL;2011-08-30;2045,402399;;;8,333333333333334;7,333333333333333;8,0;10,0;7,0;7,666666666666667;8,0;8,0;2024-06-07 15:12:38.000
TB5735;2016-07-20;191,188189;1,0;602,643972978137;3,0;4,0;4,0;4,5;3,5;9,0;8,0;7,5;2023-12-26 09:38:26.000
TFCSZN;2020-11-30;244,745948;;;;;;;;;;;
TFEDKL;2025-01-06;103,696549;1,0;3701,51743174019;;;;;;;;;
TFDUPO;2024-06-28;360,782338;5,0;40239,0368634269;8,0;10,0;8,0;9,0;7,0;9,0;8,0;8,0;2025-02-24 12:02:06.000
TEVNTP;2008-01-02;;;;9,0;8,0;9,0;8,0;8,0;8,0;8,0;8,0;2024-11-21 10:38:11.000
T43841;2010-03-19;551,102256;1,0;282,684184848396;;;;;;;;;
TFDOY7;2023-08-17;29,193579;;;;;;;;;;;
TDCF9H;2020-08-14;;;;;;;;;;;;
TFDPBS;2023-08-29;972,32068;;;10,0;7,0;7,0;10,0;9,0;9,0;8,0;10,0;2024-08-15 09:41:08.000
TFBK42;2017-05-25;261,358177;;;7,5;7,0;6,5;9,0;7,0;9,0;7,0;8,0;2022-04-20 00:00:00.000
TDCFYN;2023-05-30;;;;;;;;;;;;
TDCACU;2023-04-20;;;;;;;;;;;;
TEZKXW;2015-05-28;293,424083;;;8,666666666666666;8,5;8,5;9,166666666666666;7,0;9,333333333333334;8,333333333333334;6,0;2023-06-23 14:09:24.000
TFDFHK;2022-09-19;49,664047;;;;;;;;;;;
TFECKR;2024-11-13;3,022573;1,0;39,8861987068227;;;;;;;;;
TDCDPU;2021-02-10;;;;;;;;;;;;
TFEEED;2025-02-14;;1,0;1027,41853686222;;;;;;;;;
TFDIGT;2023-02-03;;;;;;;;;;;;
T11871;2004-05-20;650,667605;;;7,5;6,5;8,0;9,5;7,0;9,5;8,0;8,0;2024-10-18 11:07:50.000
TFDVTU;2024-09-20;52,242176;1,0;702,060995872072;;;;;;;;;
TDCGYE;2021-08-17;;;;;;;;;;;;
TB5707;2016-09-15;228,00769;4,0;8651,23998930574;9,0;8,0;8,0;9,0;7,0;9,0;8,0;8,0;2020-08-05 11:57:00.000
TDCETL;2020-08-13;;;;;;;;;;;;
TDCGMP;2021-11-24;;;;;;;;;;;;
TCAJID;2022-08-22;1051,133496;;;9,0;10,0;10,0;9,0;8,0;10,0;9,0;9,0;2024-05-02 14:11:50.000
TDCG8P;2015-12-22;;;;;;;;;;;;
TDCCR4;2021-04-09;;;;;;;;;;;;
TB3288;2013-08-28;259,943145;2,0;4839,6025138129;10,0;7,333333333333333;8,0;9,333333333333334;8,0;9,333333333333334;8,666666666666666;8,666666666666666;2025-01-30 11:31:51.000
T47747;2013-01-10;172,425926;;;8,333333333333334;8,0;8,0;9,0;7,0;9,0;8,0;8,0;2022-01-21 11:24:00.000
TEXY91;2012-05-31;211,952443;;;9,5;9,5;9,5;9,5;7,0;9,5;8,5;9,25;2024-12-13 11:16:47.000
TFDGZK;2022-11-30;211,508583;5,0;24554,6510127293;;;;;;;;;
TDC0XC;2024-12-12;36,055688;1,0;5580,12880460143;;;;;;;;;
T15841;2006-12-08;;;;;;;;;;;;
TFEEEH;2025-02-17;;1,0;16773,5338291504;;;;;;;;;
TFDV42;2021-04-27;;;;;;;;;;;;
TFEEEK;2025-02-14;;1,0;203,748355050967;;;;;;;;;
T48834;1997-06-02;219,865763;;;9,0;9,0;8,666666666666666;9,666666666666666;7,666666666666667;9,333333333333334;8,666666666666666;9,333333333333334;2025-01-10 17:35:32.000
TFDUJI;2024-06-21;1788,066065;1,0;1857,00774984751;;;;;;;;;
TDCHEB;2024-09-27;;1,0;108,644489816518;;;;;;;;;
TFDQDH;2023-10-27;35,51839;;;;;;;;;;;
TFCYW6;2021-09-16;121,180068;;;;;;;;;;;
TFDVPD;2024-09-09;27,468424;2,0;193,015907190668;;;;;;;;;
TFDAKY;2022-01-26;38,13513;;;;;;;;;;;
TFDIHU;2023-02-06;151,504367;;;;;;;;;;;
TDCEG1;2021-07-08;;;;;;;;;;;;
TCAEUB;2012-10-17;;;;;;;;;;;;
TDCH1Y;2024-06-12;;1,0;101,8720755968;;;;;;;;;
TCAFB4;2018-08-16;129,986826;;;;;;;;;;;
TDCGUD;2021-09-23;;;;;;;;;;;;
TEZAXU;2011-09-16;8702,043281;1,0;2447,04855843662;9,0;8,0;8,0;9,0;7,0;9,0;8,0;8,0;2020-01-07 11:01:00.000
TEZFTI;2014-01-29;1020,569213;2,0;0,016815429471679;7,0;8,2;8,4;9,0;7,0;9,0;7,0;7,6;2024-12-02 09:45:46.000
TDCEXM;2022-05-18;;;;;;;;;;;;
TFCHVA;2019-06-25;153,932645;1,0;141,35890785367;10,0;7,25;7,25;9,75;7,25;9,75;9,0;9,25;2024-12-06 11:10:58.000
TDC13R;2021-11-23;;;;8,0;6,0;6,5;7,5;6,5;6,5;7,5;5,5;2024-08-16 13:43:55.000
TCBMLV;2017-12-13;48,856787;;;;;;;;;;;
TFDFSN;2012-02-27;241,711174;1,0;34,1395256848764;8,0;8,0;8,333333333333334;8,0;7,333333333333333;8,666666666666666;7,666666666666667;7,0;2025-01-27 16:04:10.000
TDCE4I;2021-07-20;;;;;;;;;;;;
TFECJ0;2024-11-08;;1,0;1132,19547790025;;;;;;;;;
T53735;2006-11-06;694,386056;;;8,666666666666666;8,0;8,333333333333334;9,0;7,5;9,0;8,0;8,333333333333334;2024-12-19 14:00:58.000
TFEC34;2024-10-29;767,027407;1,0;5412,33183776092;;;;;;;;;
T03315;2009-06-17;438,185192;;;8,5;6,5;8,0;9,0;7,0;9,0;8,0;8,0;2024-04-18 16:40:50.000
TEZKD2;2015-03-24;234,277471;2,0;1384,68755913225;8,0;8,25;8,0;9,0;7,0;9,25;7,5;7,5;2025-02-26 15:47:52.000
TDCAEX;2023-04-28;;;;;;;;;;;;
TEZHJ3;2015-06-29;;;;8,0;8,0;8,0;9,0;6,0;8,0;8,0;8,0;2022-04-08 00:00:00.000
T37851;2012-12-12;2184,547993;;;9,0;8,0;8,0;8,5;6,5;9,25;6,25;8,75;2024-12-19 16:40:07.000
TFECM1;2024-11-18;34,247424;1,0;36,4558510946002;;;;;;;;;
TB0580;2004-03-20;454,532396;2,0;4377,93489766795;9,0;8,0;8,6;9,0;7,8;8,8;8,6;8,4;2024-10-10 15:16:25.000
TFDRG5;2023-12-29;1700,972369;1,0;76155,6801927308;;;;;;;;;
TFCSD1;2023-05-29;409,780186;;;5,0;3,0;5,0;10,0;5,0;5,0;5,0;0,0;2024-12-17 17:25:07.000
TFEDLP;2025-01-08;;1,0;140,253293365907;;;;;;;;;
TFBZSF;2021-01-29;57,868758;;;7,666666666666667;8,0;8,0;9,0;6,666666666666667;9,0;7,666666666666667;6,666666666666667;2024-02-23 09:49:56.000
TFCXEK;2021-06-30;2048,040729;;;;;;;;;;;
T23692;2013-02-15;;;;;;;;;;;;
TFBWFU;2017-01-16;;;;8,0;9,0;9,0;7,0;7,5;9,5;8,0;9,0;2022-11-18 14:02:10.917
T53403;2008-12-23;2240,548126;;;8,333333333333334;8,333333333333334;8,333333333333334;7,666666666666667;7,0;7,333333333333333;8,0;8,666666666666666;2024-11-14 13:52:44.000
T39941;2011-01-26;2200,75006;2,0;8228,24786094566;;;;;;;;;
T13833;2005-06-13;;2,0;0,00840771473583952;8,0;8,0;8,0;9,0;7,0;9,0;8,0;8,0;2019-06-14 10:25:00.000
T46472;2010-10-29;728,293217;3,0;156679,210229304;7,0;8,0;8,0;9,0;7,0;9,0;8,0;8,0;2021-02-19 15:30:00.000
TDCEK9;2022-01-27;;;;;;;;;;;;
TEWGVB;2011-05-13;151,103755;2,0;16285,2137572928;7,166666666666667;7,666666666666667;8,0;8,833333333333334;6,666666666666667;7,833333333333333;7,5;7,5;2024-11-07 09:40:41.000
TFBTN8;2018-02-21;134,497242;;;7,0;7,0;7,0;9,0;8,333333333333334;7,666666666666667;5,333333333333333;7,0;2025-03-10 17:33:32.000
TCBA21;2015-04-22;226,112175;;;9,0;8,0;9,0;9,0;7,0;10,0;8,0;8,0;2022-05-02 00:00:00.000
TB4075;2013-12-14;185,352598;;;6,0;7,0;7,0;8,0;5,0;7,0;8,0;9,0;2024-08-22 15:38:47.000
TFDPA5;2023-08-25;123,136608;;;;;;;;;;;
TFBTOL;2022-09-14;346,860008;3,0;9913,69198775099;9,5;7,5;9,0;10,0;5,0;10,0;7,5;9,0;2025-02-17 14:39:20.000
TFEEMG;2025-02-27;;1,0;3182,64792838996;;;;;;;;;
TFDCF2;2022-04-29;111,757242;;;10,0;9,0;10,0;10,0;7,0;9,0;8,0;10,0;2023-06-13 15:01:18.000
TFCEZ4;2020-01-24;1122,317382;;;;;;;;;;;
TFDPY5;2023-10-02;195,517798;;;;;;;;;;;
TB3209;2014-03-25;223,498848;2,0;3395,00578333042;8,0;8,0;8,0;9,0;7,0;9,0;8,0;8,0;2020-08-06 09:43:00.000
T60409;2001-09-03;280,101161;1,0;1609,69061703542;10,0;8,333333333333334;9,333333333333334;6,666666666666667;6,333333333333333;8,666666666666666;9,333333333333334;8,666666666666666;2025-01-23 16:57:42.000
TB3441;2012-12-05;188,33669;;;7,5;7,5;8,5;9,5;7,0;9,5;9,0;8,0;2024-04-04 09:54:30.000
TFDPKH;2023-09-04;;;;;;;;;;;;
TAAC31;2010-09-17;1019,578035;2,0;8086,60729464834;4,333333333333333;7,0;8,0;6,0;6,0;6,0;6,0;5,666666666666667;2022-10-13 12:28:16.870
TFCX74;2021-06-14;;;;;;;;;;;;
T78810;2010-06-28;491,447228;3,0;12151,0815676773;6,6;6,4;7,8;9,4;6,4;7,6;7,0;7,2;2025-02-26 15:04:41.000
TFEBNZ;2024-09-30;29,085873;2,0;297,97361409552;;;;;;;;;
TDCCIH;2023-12-04;;;;;;;;;;;;
T16695;2014-07-22;297,046429;;;9,428571428571429;8,0;8,0;8,428571428571429;7,142857142857143;8,857142857142858;8,0;8,285714285714286;2024-09-13 15:31:31.000
TFBZW5;2018-06-29;130,725555;;;6,666666666666667;7,333333333333333;8,0;7,666666666666667;5,666666666666667;7,666666666666667;5,333333333333333;6,666666666666667;2024-07-17 17:33:56.000
T14917;2006-03-07;195,084623;;;9,25;8,75;8,75;9,25;7,25;8,75;8,75;7,5;2024-12-05 16:37:36.000
TDCG1L;2022-02-11;;;;;;;;;;;;
TAACIN;2010-10-04;46,749135;;;;;;;;;;;
TAAOM7;2011-05-26;254,79516;;;9,4;8,6;8,8;8,4;7,8;9,4;8,8;7,8;2024-12-13 10:14:47.000
T20957;2002-01-02;767,317013;2,0;0,00840771473583952;9,0;7,833333333333333;8,5;8,833333333333334;7,833333333333333;9,5;8,0;8,5;2024-09-27 11:41:44.000
TDCH64;2024-07-31;;1,0;121,567147365504;;;;;;;;;
TB4038;2014-04-26;199,325374;;;9,6;7,8;8,0;8,6;7,6;8,4;8,0;8,4;2025-02-24 15:45:25.000
TFBKR3;2007-09-13;349,756168;1,0;1179,03906055098;8,25;8,75;9,0;9,5;6,75;9,25;8,0;8,25;2023-08-03 15:41:45.000
TDCGNJ;2022-07-12;;;;;;;;;;;;
T07174;2011-10-24;271,665244;;;9,0;8,333333333333334;8,666666666666666;9,333333333333334;6,666666666666667;9,666666666666666;8,666666666666666;7,0;2024-04-22 14:19:46.000
TFDBXK;2007-10-10;110,912459;1,0;45,2335052788166;;;;;;;;;
T14081;2002-07-11;1697,648705;9,0;142917,071790947;8,166666666666666;8,166666666666666;8,166666666666666;8,666666666666666;7,0;8,666666666666666;8,166666666666666;8,5;2025-01-23 17:34:53.000
T09487;2002-09-30;184,620425;;;8,5;9,0;9,0;9,0;7,0;9,0;9,0;8,0;2024-12-02 10:11:30.000
TEZD38;2013-06-07;220,449368;;;8,0;9,2;8,2;9,6;6,6;9,6;8,2;8,2;2024-05-21 14:38:34.000
TDCG3Z;2023-05-18;;;;;;;;;;;;
TDCGS9;2020-08-14;;;;;;;;;;;;
TEZFIJ;2013-12-16;43,806567;;;9,0;8,0;8,0;9,0;7,0;9,0;8,0;8,0;2021-11-22 15:59:00.000
TDCGD4;2018-09-20;;;;;;;;;;;;
TEYJBZ;2012-06-29;303,963978;;;4,142857142857143;5,857142857142857;6,714285714285714;8,428571428571429;5,428571428571429;7,714285714285714;8,0;8,142857142857142;2025-01-20 16:03:45.000
TDCH6L;2021-02-24;;;;;;;;;;;;
TEZOEO;2008-08-07;146,303537;;;8,333333333333334;7,666666666666667;8,333333333333334;9,0;7,333333333333333;8,666666666666666;8,0;8,0;2024-04-30 10:56:37.000
TFDOEH;2023-07-06;95,846223;;;;;;;;;;;
TDCEDH;2024-07-23;;1,0;108,081172929217;;;;;;;;;
TFBKI9;2017-06-29;851,820276;3,0;22046,0075361379;;;;;;;;;
TFDBMF;2022-03-23;64,351272;;;;;;;;;;;
TFCZ18;2021-09-23;26,182755;;;;;;;;;;;
TA2685;2011-05-24;;;;;;;;;;;;
TFEDA3;2024-12-12;626,315893;1,0;642,340998103403;;;;;;;;;
TCAH56;2015-07-30;57,634604;;;10,0;10,0;10,0;10,0;10,0;10,0;10,0;10,0;2022-09-12 12:37:28.117
TDCEJK;2015-10-06;;;;;;;;;;;;
T31787;2011-03-27;278,915055;1,0;1491,81866029632;10,0;7,8;7,8;8,6;7,2;9,0;8,2;8,4;2024-04-22 15:02:10.000
TFDCFX;2014-08-15;143,204681;;;;;;;;;;;
T27070;1994-07-28;;;;6,333333333333333;8,0;8,0;9,0;7,0;9,0;8,0;8,0;2023-07-03 14:34:39.000
TCAOS3;2013-01-18;138,634211;;;9,0;9,0;10,0;9,5;8,5;9,5;8,5;7,0;2024-10-14 14:30:25.000
TDC84S;2021-07-27;;;;;;;;;;;;
T37536;2000-08-09;;;;;;;;;;;;
TFECR5;2024-11-26;;2,0;2613,29430190838;;;;;;;;;
TB0901;2007-01-04;679,85204;;;8,8;8,2;8,2;9,2;6,8;9,0;8,2;8,2;2025-02-26 15:22:47.000
TDCEAP;2021-10-08;;;;;;;;;;;;
T53547;2008-04-30;4229,423426;;;9,666666666666666;6,666666666666667;7,333333333333333;8,333333333333334;8,0;8,333333333333334;8,0;9,0;2024-11-14 10:18:55.000
T48548;2011-07-12;1357,913949;;;4,0;6,666666666666667;6,666666666666667;9,666666666666666;2,3333333333333335;6,0;8,0;8,666666666666666;2024-12-19 15:14:24.000
T53095;2013-04-26;664,530154;1,0;328,59030730608;6,5;6,75;7,0;9,5;6,75;9,0;7,5;8,25;2023-08-07 10:50:23.000
TFEDE9;2024-12-20;;2,0;3096,44362920339;;;;;;;;;
TFEDUA;2025-01-22;37,866245;1,0;75,7324904830745;;;;;;;;;
TFDRDS;2023-12-27;273,335651;;;7,0;7,5;8,5;9,0;7,0;8,0;8,0;8,0;2025-02-25 11:00:09.000
TEZKKB;2015-04-10;187,217097;;;10,0;7,0;8,0;9,0;5,0;7,0;9,0;9,0;2024-11-25 11:32:47.000
TFD438;2021-11-26;882,731675;;;8,0;7,5;8,5;8,0;6,5;8,5;8,0;7,5;2024-08-30 11:29:54.000
TFBYHB;2017-07-26;155,691371;2,0;677,380149265015;;;;;;;;;
TFCNV6;2020-02-05;1153,505356;2,0;22964,6722828921;;;;;;;;;
TFBR54;2020-08-20;;;;8,0;8,0;8,0;8,0;8,0;8,0;8,0;8,0;2022-08-23 14:07:00.017
TEXVFP;2012-04-26;1269,945398;1,0;6821,90202865389;9,5;8,5;9,0;9,0;7,75;9,25;8,25;8,25;2024-05-20 09:20:32.000
T01531;2002-02-18;;;;;;;;;;;;
TEZNB9;2015-12-10;877,854935;2,0;293,996765025468;10,0;8,0;8,0;9,0;7,0;9,0;8,0;8,0;2022-01-11 10:43:00.000
TFCUPX;2021-02-25;53,858725;1,0;265,549262216755;7,5;7,25;8,0;8,25;7,5;8,75;7,75;7,0;2025-02-21 15:18:12.000
TAAHZQ;2010-11-30;956,76293;2,0;0,0126115721037593;7,5;8,0;8,0;9,0;7,0;9,0;8,0;8,0;2021-05-25 14:38:00.000
TFCT97;2020-12-02;65,585995;;;;;;;;;;;
TFDUNC;2024-06-28;549,902678;1,0;9883,04166368149;;;;;;;;;
TDCCCH;2020-10-07;;;;;;;;;;;;
T47387;2005-02-28;487,326559;2,0;0,00840771473583952;7,4;7,0;6,6;9,0;7,0;7,6;6,6;8,0;2024-10-07 10:51:50.000
TFDUAP;2024-05-29;610,359452;1,0;3174,60594924513;;;;;;;;;
TB3310;2019-09-30;48,867254;;;7,5;7,5;8,0;9,5;7,0;9,0;8,0;6,0;2023-03-22 19:09:59.443
TFCRIJ;2020-08-31;199,075898;;;10,0;8,0;8,0;9,0;7,0;9,0;8,0;8,0;2024-04-04 11:22:22.000
TFBGUG;2017-02-24;622,55636;2,0;21498,0221166575;9,0;8,75;8,75;9,0;6,5;8,75;8,0;9,0;2024-02-15 14:41:55.000
TFDN89;2023-05-16;78,101773;1,0;889,750615777585;8,0;8,0;8,0;8,0;7,0;8,0;8,0;8,0;2024-06-17 13:36:25.000
TFDSI4;2024-08-19;388,003753;2,0;3784,75801148237;;;;;;;;;
T09845;2002-11-25;346,789452;;;7,0;8,0;8,0;9,0;7,0;9,0;8,0;8,0;2023-10-02 14:45:39.000
TDC9U1;2022-06-24;;1,0;357,32787627318;;;;;;;;;
T38256;2001-02-12;1000,687799;1,0;3389,98637763313;8,0;7,75;8,0;8,25;7,0;8,5;8,0;7,25;2024-08-07 15:01:04.000
TFDVTR;2024-09-23;;1,0;894,345431880721;;;;;;;;;
TDCC2G;2021-07-06;;;;;;;;;;;;
TFCUT9;2021-02-26;;;;10,0;8,0;8,0;9,0;5,0;6,0;6,0;8,0;2024-05-03 15:56:52.000
TFD542;2021-11-30;559,220374;;;;;;;;;;;
T98619;2010-03-25;;;;;;;;;;;;
TFCXNN;2021-07-14;;;;;;;;;;;;
T25567;1993-07-30;2812,25206;2,0;0,00840771473583952;;;;;;;;;
TAAOFB;2011-02-25;585,546334;5,0;15590,8416165466;7,75;6,0;8,5;9,0;7,0;9,0;8,25;8,25;2024-10-18 11:08:33.000
T06731;2000-11-09;327,303326;;;10,0;10,0;10,0;9,0;8,0;10,0;10,0;10,0;2024-11-25 15:36:47.000
TFDES7;2022-08-24;;;;;;;;;;;;
TDC88I;2020-11-18;;;;;;;;;;;;
T84400;2008-12-11;;;;;;;;;;;;
TDCCGJ;2023-08-16;;;;;;;;;;;;
TFDS95;2024-02-29;382,750269;1,0;3393,30742495378;;;;;;;;;
TDCH1O;2023-05-29;;;;;;;;;;;;
TDCFZ6;2021-10-22;;;;;;;;;;;;
TFCJQH;2019-08-30;704,587814;;;;;;;;;;;
TFDFKY;2022-09-23;1284,835136;;;;;;;;;;;
TFCEAV;2019-01-18;121,207771;;;;;;;;;;;
TFEDR6;2025-01-13;;1,0;1063,10508205849;;;;;;;;;
T54769;2022-01-12;74,229772;;;9,0;8,0;8,0;9,0;7,5;9,0;8,5;8,5;2024-06-11 11:16:46.000
T04398;1999-01-20;651,417913;2,0;25390,4535269044;7,333333333333333;8,0;8,666666666666666;9,333333333333334;6,666666666666667;8,666666666666666;8,0;8,666666666666666;2024-12-10 11:32:30.000
TFDVJB;2024-08-28;34,338508;1,0;252,357557796223;;;;;;;;;
TFDQUA;2023-12-29;29,221766;;;;;;;;;;;
TFDN35;2023-05-11;37,696312;;;;;;;;;;;
T12915;2004-12-16;461,072025;;;8,142857142857142;7,285714285714286;7,571428571428571;9,0;6,428571428571429;6,714285714285714;7,571428571428571;6,285714285714286;2025-03-24 15:02:40.000
TFEBY3;2024-10-21;123,767866;1,0;129,327468066684;;;;;;;;;
TFED23;2024-12-06;;1,0;3276,88159514925;;;;;;;;;
T89704;2009-11-18;126,752185;;;9,25;8,0;8,25;9,0;7,25;9,25;8,0;8,25;2022-11-11 17:34:30.507
TFBBPR;2017-02-09;1098,966895;;;0,0;8,0;8,0;9,0;7,0;9,0;8,0;8,0;2023-09-29 14:52:37.000
TDCD6M;2016-12-02;;;;;;;;;;;;
TDCFKS;2023-11-20;;;;;;;;;;;;
T92214;2009-12-30;2645,471046;;;9,5;8,0;8,5;9,5;7,0;9,0;8,5;8,0;2023-08-10 15:09:45.000
TEZIAZ;2012-02-22;119,282921;;;10,0;8,0;8,0;9,0;7,0;9,0;8,0;8,0;2020-08-19 09:14:00.000
TB1573;2016-12-12;624,31033;;;6,5;7,5;8,0;8,5;5,0;4,0;8,0;7,5;2023-09-28 14:59:12.000
TDCCST;2024-05-06;;1,0;125,274949564009;;;;;;;;;
TDCF3E;2024-05-06;;1,0;120,209301435666;;;;;;;;;
T11754;2010-02-02;596,246801;;;9,0;8,0;8,4;9,2;7,6;9,2;8,4;8,6;2024-05-07 17:21:35.000
TFDVRW;2024-09-17;59,216901;3,0;529,715455359465;;;;;;;;;
TDCFLN;2022-03-02;;;;;;;;;;;;
TEZFRP;2019-07-31;676,591847;;;9,0;7,0;7,0;8,0;8,0;8,0;7,0;8,0;2024-10-21 13:45:06.000
TEZBOW;2013-01-23;25,17525;;;;;;;;;;;
TEZII3;2014-09-30;161,99077;;;;;;;;;;;
TFBTQS;2018-02-27;;;;;;;;;;;;
TDCD1A;2024-03-05;;1,0;182,489448341397;;;;;;;;;
TFBKW9;2009-01-19;107,682919;;;7,0;8,0;8,2;9,0;7,0;8,8;7,8;7,8;2024-01-11 15:26:28.000
T47953;2011-04-28;812,80479;6,0;199197,994739496;7,0;7,25;7,0;8,75;6,25;7,25;6,5;7,25;2023-07-20 09:26:18.000
TDC06I;2014-08-01;;;;8,0;9,0;8,0;8,0;8,0;7,0;8,0;8,0;2023-11-21 10:13:54.000
TFDHLE;2022-12-21;667,451854;1,0;279,556514966664;9,0;7,0;7,0;7,0;5,0;7,0;8,0;9,0;2024-11-29 09:30:59.000
TA3091;2013-01-18;43,477461;;;8,666666666666666;8,333333333333334;8,333333333333334;9,0;8,0;9,0;8,0;7,666666666666667;2024-06-20 11:44:00.000
TCB237;2014-08-26;;;;;;;;;;;;
TDCDST;2024-05-03;;1,0;120,209301435666;;;;;;;;;
TDCH81;2023-01-24;;;;;;;;;;;;
TFECM5;2024-11-18;;1,0;225,797586945706;;;;;;;;;
TB1250;2008-06-05;574,738848;;;7,5;9,0;9,0;9,5;7,5;9,5;9,0;9,0;2023-12-20 17:20:02.000
TDCFCE;2021-11-10;;;;;;;;;;;;
TDCE92;2022-06-30;;;;;;;;;;;;
TB4250;2014-10-10;;;;;;;;;;;;
T33465;2009-11-09;;;;8,0;8,0;8,0;9,0;7,0;9,0;8,0;8,0;2019-08-13 09:04:00.000
T75488;2010-11-10;1014,349491;2,0;20435,6232826368;6,8;7,8;8,4;8,2;7,4;9,0;8,0;8,4;2023-02-23 18:01:08.483
TDCD9H;2024-04-23;;1,0;138,756720142928;;;;;;;;;
T51811;2009-12-10;886,540988;;;;;;;;;;;
TFCT07;2020-11-30;27,850271;;;9,0;8,0;8,0;9,0;8,0;9,0;8,0;9,0;2023-02-15 13:16:52.837
TDCFGH;2022-10-24;;;;;;;;;;;;
TB4162;2014-02-26;547,87143;;;10,0;2,0;9,0;10,0;10,0;9,0;10,0;5,0;2024-05-13 15:04:20.000
T03485;2007-12-28;283,151781;;;8,25;8,5;8,0;8,25;7,5;8,75;8,0;8,25;2024-11-26 09:57:28.000
TB1896;2010-07-15;158,823919;2,0;5252,71978121574;8,333333333333334;7,333333333333333;8,0;9,333333333333334;7,666666666666667;7,333333333333333;8,333333333333334;7,0;2023-01-23 18:10:53.970
TB1249;2020-02-07;280,012633;;;10,0;9,0;7,5;9,0;8,5;10,0;10,0;8,0;2025-02-25 11:29:20.000
TCAYL9;2016-10-31;;;;;;;;;;;;
TEZNE7;2015-12-01;;;;8,6;8,0;8,0;8,4;7,4;8,8;8,2;8,0;2023-04-05 17:40:48.270
T16055;2007-03-19;159,919041;;;8,666666666666666;8,333333333333334;8,333333333333334;9,0;7,666666666666667;9,0;8,0;8,333333333333334;2024-07-29 17:01:39.000
TEZDTC;2012-09-12;1604,985987;1,0;528,853664599042;5,0;8,0;8,0;9,0;7,0;9,0;8,0;8,0;2019-11-07 10:49:00.000
TEZDCB;2013-06-17;360,577858;;;10,0;9,0;10,0;9,0;7,0;10,0;8,0;8,0;2024-08-01 13:54:00.000
T09105;2010-10-11;68,917316;;;8,25;8,5;8,0;9,0;6,25;8,5;8,0;8,5;2025-02-25 10:49:51.000
TFED11;2024-12-05;;1,0;163,012977155825;;;;;;;;;
TFBWAT;2018-03-29;324,700688;2,0;555,190831009059;9,0;8,0;8,0;9,0;7,0;9,0;8,0;8,0;2021-10-26 10:56:00.000
TDCD2C;2023-09-05;;;;;;;;;;;;
T54623;2011-06-13;1295,429257;1,0;3017,85251571013;;;;;;;;;
TFDAMF;2022-01-27;85,294054;1,0;16,819633329047;;;;;;;;;
TAAFRL;2010-10-13;867,612233;2,0;6457,74288415784;8,0;7,5;8,0;9,0;7,5;8,5;8,0;8,0;2022-06-07 16:36:58.000
TA4295;2010-05-27;322,743349;1,0;399,875116693895;7,8;8,0;8,0;8,8;7,2;8,8;8,0;8,0;2024-04-23 10:22:53.000
TFDSRW;2024-04-05;33,552386;2,0;76,4933886666679;;;;;;;;;
T84495;2009-03-27;285,516961;;;;;;;;;;;
T75868;2003-07-02;900,57113;5,0;27242,6772870672;8,0;7,0;7,0;9,0;6,5;9,0;8,0;6,5;2023-01-30 14:25:43.493
TFDSSX;2024-04-10;;1,0;2116,58333074445;;;;;;;;;
T19482;2012-09-24;230,19362;1,0;561,025785035731;9,0;6,666666666666667;8,333333333333334;9,666666666666666;4,666666666666667;9,0;8,666666666666666;8,666666666666666;2024-11-26 17:42:26.000
TFECTO;2024-11-28;254,766368;1,0;4598,77193291951;10,0;8,0;8,0;8,0;6,0;6,0;10,0;8,0;2025-02-06 16:59:02.000
TEYIYX;2012-06-20;211,10629;;;4,5;5,5;5,5;7,0;5,5;7,0;6,5;8,0;2024-11-27 10:25:32.000
TFDOAH;2023-06-30;;;;;;;;;;;;
TDCDB7;2020-01-22;;;;;;;;;;;;
TA3197;2008-12-12;178,868177;1,0;54,3180410508912;7,333333333333333;7,333333333333333;9,333333333333334;8,666666666666666;3,0;7,333333333333333;8,0;4,666666666666667;2023-02-07 17:43:22.270
T84888;2009-09-29;211,78519;;;9,333333333333334;8,166666666666666;8,166666666666666;9,333333333333334;7,333333333333333;9,166666666666666;8,666666666666666;8,0;2024-06-04 14:43:42.000
TFCMY9;2019-12-30;1018,825941;;;4,25;6,0;6,0;7,25;5,5;7,25;6,75;6,75;2024-06-25 14:39:13.000
TDCDEE;2018-11-23;;;;;;;;;;;;
TFBTD8;2018-01-31;40,782671;;;;;;;;;;;
TFDUEM;2024-06-05;256,704521;1,0;13374,7277587593;;;;;;;;;
TFDV23;2024-07-30;;2,0;4402,68720985026;;;;;;;;;
TAABOO;2009-11-25;;1,0;3633,77227025616;;;;;;;;;
T25583;1993-07-27;;;;;;;;;;;;
T34103;2010-06-16;941,086091;3,0;28084,04150454;8,4;7,6;7,8;9,0;7,2;9,0;8,0;8,8;2024-10-14 16:21:12.000
TDC0QT;2020-06-01;78,667131;4,0;6236,54431717263;10,0;7,5;10,0;10,0;7,5;9,5;10,0;10,0;2023-02-08 19:37:35.187
TA3789;2002-01-01;142,380711;;;;;;;;;;;
TFDQMH;2023-11-16;;;;;;;;;;;;
TFDSHW;2024-03-21;154,875552;2,0;13127,864642543;;;;;;;;;
TEZIRK;2014-10-28;80,711835;;;3,3333333333333335;6,0;7,666666666666667;8,0;6,666666666666667;9,666666666666666;9,333333333333334;6,666666666666667;2025-01-24 10:24:58.000
TEWTV4;2011-08-29;254,019523;1,0;18102,9827024681;9,142857142857142;8,142857142857142;8,428571428571429;9,0;7,428571428571429;9,142857142857142;8,142857142857142;8,428571428571429;2024-09-30 10:11:49.000
TB4453;2015-02-15;415,956811;;;9,0;7,0;7,0;8,0;7,5;6,5;8,0;8,0;2022-11-16 20:12:45.193
T34593;2010-07-09;545,927718;1,0;9583,50841850247;8,2;8,2;8,4;8,8;7,2;9,0;8,4;8,0;2023-03-21 18:24:57.527
TFCW31;2021-05-06;52,370253;;;;;;;;;;;
TFBSL9;2015-02-09;255,315583;4,0;4812,52546850613;8,428571428571429;8,714285714285714;8,428571428571429;9,0;7,428571428571429;8,714285714285714;8,0;8,0;2025-02-27 14:41:03.000
TFDQJP;2023-11-09;23,569217;;;;;;;;;;;
TFCUTR;2021-02-26;171,870342;;;7,333333333333333;7,666666666666667;8,0;7,333333333333333;7,333333333333333;8,0;7,333333333333333;7,0;2024-05-28 14:14:03.000
TEZKKU;2024-04-30;5736,597535;1,0;1410,94485225228;;;;;;;;;
T58203;2013-08-23;252,816924;;;6,5;7,75;7,75;9,0;7,25;9,0;8,0;8,0;2023-01-24 17:09:02.453
TB3887;2013-10-05;329,601163;1,0;3443,17358105205;;;;;;;;;
TB5739;2016-12-05;156,684132;1,0;150,657840351508;6,0;6,25;6,5;4,25;6,0;7,25;6,0;3,5;2025-01-30 10:23:15.000
TDCEE5;2021-06-14;;;;;;;;;;;;
T35453;2001-05-14;2377,625661;1,0;34,2698452632819;8,0;7,0;8,0;8,0;8,0;8,5;9,0;6,5;2024-12-11 10:52:06.000
TFCVEB;2021-03-26;507,553069;2,0;0,00840771473583952;8,0;8,0;8,5;8,0;7,5;8,5;8,5;7,5;2024-12-10 10:55:14.000
T62508;2009-08-26;263,081887;2,0;3385,05525294056;9,25;8,375;8,625;9,375;7,625;9,0;8,0;8,5;2025-01-23 08:56:32.000
T13388;2011-07-21;786,335869;;;9,5;8,25;8,25;9,0;7,25;8,75;8,25;8,25;2024-09-12 13:53:51.000
TFDU66;2024-05-28;32,115663;1,0;549,986455587574;;;;;;;;;
TFBML1;2018-02-06;42,138657;;;8,333333333333334;7,666666666666667;9,333333333333334;9,666666666666666;9,0;9,666666666666666;7,0;8,0;2023-06-01 14:36:40.000
TEZZI6;2016-10-26;230,407837;1,0;231,296232382945;10,0;10,0;10,0;9,0;10,0;10,0;10,0;10,0;2023-08-08 10:04:43.000
TFCDH3;2018-12-10;;3,0;38,2719174775415;;;;;;;;;
TFBTTQ;2018-02-28;;;;;;;;;;;;
TFDRCN;2023-12-22;344,269434;;;;;;;;;;;
T10090;2011-07-21;784,294891;;;8,0;8,0;8,0;9,0;7,0;9,0;8,0;8,0;2019-02-19 17:07:00.000
TFBJDS;2017-03-10;576,139783;;;9,0;8,0;8,0;9,0;7,0;9,0;8,0;8,0;2022-01-06 10:42:00.000
T16867;2007-10-29;1044,549407;3,0;1578,15748291865;9,0;8,5;8,5;9,25;7,5;9,0;8,0;8,75;2024-01-23 09:29:45.000
TFECYW;2024-12-04;;1,0;174,413838337623;;;;;;;;;
TDC873;2020-12-10;;;;;;;;;;;;
TDCA0C;2022-05-31;;;;;;;;;;;;
TEZUTW;2016-09-28;;;;9,5;8,5;8,5;8,0;7,5;8,5;9,0;8,5;2024-11-13 09:35:13.000
TFEEOP;2025-02-28;;1,0;618,21926452628;;;;;;;;;
TDCHDZ;2024-09-23;;1,0;112,894589615485;;;;;;;;;
TFECYG;2024-12-02;955,604041;1,0;2673,3085696928;;;;;;;;;
TFBXPF;2013-01-18;114,940644;1,0;113,100578626513;;;;;;;;;
TFCQMP;2020-07-22;124,951252;;;;;;;;;;;
TFDJJN;2010-03-25;426,444016;;;;;;;;;;;
TFEDSK;2025-01-16;;1,0;966,891398478913;;;;;;;;;
T75007;2008-06-11;1645,837701;1,0;44,6155382457324;7,333333333333333;8,666666666666666;8,666666666666666;9,333333333333334;7,333333333333333;9,333333333333334;8,666666666666666;8,666666666666666;2022-09-12 19:49:14.123
T57883;2009-12-10;248,203724;2,0;4228,30700237158;;;;;;;;;
TFDRKX;2024-01-23;27,428417;;;;;;;;;;;
TEZEGF;2013-09-30;707,618674;2,0;920,081446687126;3,8333333333333335;6,666666666666667;7,0;8,0;5,0;8,833333333333334;5,0;5,5;2024-01-22 09:53:38.000
TFBRPG;2014-12-15;216,676047;;;8,333333333333334;8,0;8,0;9,333333333333334;7,333333333333333;8,666666666666666;8,0;8,0;2022-10-31 14:08:59.130
TFCA84;2014-01-01;68,281853;;;;;;;;;;;
TEZLHF;2015-06-30;173,466523;;;8,25;7,5;7,5;9,25;5,25;9,25;8,0;7,0;2024-12-05 08:49:53.000
TFDNZL;2023-06-26;;;;;;;;;;;;
TFDUWH;2024-07-16;251,583388;2,0;21745,8016737801;;;;;;;;;
TFDISJ;2023-02-28;629,639793;;;10,0;2,0;2,0;10,0;1,0;2,0;8,0;8,0;2024-12-11 10:02:12.000
TEWLRQ;2011-06-17;;;;6,5;9,0;7,5;9,0;7,5;8,0;8,0;8,0;2022-05-18 00:00:00.000
TFDEM9;2023-05-22;575,968051;1,0;3161,5319528309;;;;;;;;;
TDCEO7;2023-07-26;;;;;;;;;;;;
T77335;2012-01-11;776,871288;3,0;9960,32537753333;7,5;6,0;6,5;9,0;7,0;9,0;8,0;7,5;2024-09-09 13:51:53.000
TFEBTA;2024-10-04;953,825359;1,0;40060,8353496008;;;;;;;;;
TFD177;2021-11-16;48,935608;;;;;;;;;;;
TFDPRM;2023-09-22;391,765975;2,0;1396,97543421868;;;;;;;;;
TEWOW7;2011-06-29;2924,13001;1,0;6516,56746030714;8,0;8,0;8,0;9,0;7,0;8,0;8,0;8,0;2023-08-23 10:26:19.000
TFDGYL;2022-11-29;32,179291;1,0;34,7995312916398;;;;;;;;;
TDCG6J;2019-06-11;;;;;;;;;;;;
TDCGC1;2022-07-25;;;;;;;;;;;;
TFDTR7;2024-04-30;1200,23893;1,0;8312,67813232296;;;;;;;;;
TFED09;2024-12-05;;1,0;163,012977155825;;;;;;;;;
T03882;1998-08-26;594,020729;;;10,0;8,0;9,0;9,0;7,0;9,0;8,0;8,0;2024-05-02 09:55:31.000
T30667;2011-07-19;139,038109;;;9,285714285714286;8,428571428571429;8,428571428571429;9,0;7,714285714285714;9,0;8,571428571428571;8,571428571428571;2025-03-21 16:32:11.000
TD0142;2013-09-04;513,205009;;;9,0;8,0;8,0;9,0;7,0;9,0;8,0;8,0;2020-08-28 10:41:00.000
TFEDWW;2025-01-28;;2,0;202,97484529527;;;;;;;;;
T13661;2010-03-11;309,845307;2,0;0,00840771473583952;8,0;8,0;8,5;9,0;7,5;8,5;8,0;8,0;2022-11-07 12:08:40.270
T61086;2009-07-28;423,508887;;;8,0;7,0;8,0;8,666666666666666;6,333333333333333;8,0;7,0;7,666666666666667;2025-03-20 16:40:45.000
TDC9XP;2021-11-30;;;;;;;;;;;;
TFCUF5;2020-07-07;;;;;;;;;;;;
TFECKA;2024-11-13;;2,0;2435,27775780645;;;;;;;;;
TFDVD8;2024-08-08;585,598286;1,0;3419,98930766797;;;;;;;;;
TDCDX4;2021-02-11;;;;;;;;;;;;
TEZHP7;2014-07-25;151,037191;;;6,0;7,0;7,5;8,5;6,0;7,5;7,5;8,0;2022-08-26 18:56:12.647
TFCQDZ;2020-06-30;280,667222;;;9,0;8,5;9,5;10,0;7,5;10,0;9,5;8,0;2023-08-31 14:31:46.000
TDCDZ8;2012-04-23;;;;;;;;;;;;
TA3484;2014-09-29;137,811178;;;7,333333333333333;7,666666666666667;7,666666666666667;9,0;7,0;9,0;8,0;7,333333333333333;2022-12-20 19:44:22.233
TEZEPV;2013-10-11;203,468346;1,0;571,80027146971;7,333333333333333;8,333333333333334;8,333333333333334;9,0;7,0;9,0;8,0;5,666666666666667;2024-08-15 13:45:38.000
TFCY74;2008-07-31;;;;7,0;5,0;7,5;8,0;2,5;7,5;8,0;2,5;2023-06-01 14:49:02.000
TEZFIE;2013-12-18;66,091355;;;7,333333333333333;5,666666666666667;6,666666666666667;9,0;4,0;9,333333333333334;8,666666666666666;8,666666666666666;2023-03-30 14:22:25.337
TEZE87;2013-09-16;101,883878;;;10,0;10,0;10,0;10,0;10,0;10,0;10,0;9,0;2022-11-22 13:10:50.207
TFCGNH;2019-05-10;92,058008;;;;;;;;;;;
TFCPES;2020-04-30;12,689121;;;;;;;;;;;
TEZJXE;2015-02-25;72,482363;;;8,0;7,5;8,0;9,0;6,75;8,75;7,5;8,5;2024-11-04 14:19:04.000
TFBZRY;2018-06-26;106,227421;;;8,0;9,0;10,0;10,0;7,0;8,0;9,0;10,0;2022-06-06 18:09:23.000
TDCEWI;2020-07-15;;;;;;;;;;;;
TCALSH;2016-06-02;48,474679;;;;;;;;;;;
TFCB99;2018-09-28;607,312724;1,0;0,00840771473583952;9,5;9,0;9,5;9,25;6,5;9,25;8,25;8,25;2024-12-04 14:45:04.000
TFBUE6;2018-03-20;120,437448;;;8,5;6,5;7,5;8,0;7,0;7,5;5,5;7,0;2025-03-06 17:55:20.000
TFDQDJ;2023-10-27;205,656101;2,0;2619,14607136452;10,0;8,0;9,0;9,5;7,5;9,5;10,0;9,5;2025-01-13 13:46:34.000
T29192;2010-06-08;475,72902;1,0;6703,79885975955;10,0;9,0;9,0;10,0;10,0;10,0;10,0;10,0;2024-12-17 11:28:33.000
TFCSY7;2020-11-30;5,401068;;;8,0;8,0;8,0;10,0;9,0;10,0;10,0;7,0;2022-05-11 00:00:00.000
T56396;1995-03-31;417,130462;3,0;33671,4850209617;;;;;;;;;
TDCDLP;2022-04-01;;;;;;;;;;;;
TD0106;2013-09-05;205,824575;;;10,0;9,5;10,0;9,5;8,5;10,0;10,0;8,0;2023-10-17 14:06:00.000
TDCFY6;2020-04-17;;;;;;;;;;;;
TFDD30;2022-06-06;196,324252;1,0;96,5626037411169;;;;;;;;;
TFDRS1;2024-02-05;810,753883;;;;;;;;;;;
TFDEM6;2022-08-12;124,423183;;;;;;;;;;;
TDCD85;2022-02-03;;;;;;;;;;;;
TB3891;2013-11-25;155,562901;;;10,0;9,6;9,2;9,8;9,4;9,8;9,2;9,2;2024-12-19 11:02:35.000
TB6654;2017-05-31;356,952217;8,0;45590,013402903;10,0;9,0;9,0;9,5;8,0;9,5;9,0;9,0;2022-11-08 15:10:20.953
T05512;1999-10-22;1889,89936;;;;;;;;;;;
T02069;2012-03-30;397,225325;;;8,0;6,0;8,0;8,0;5,0;9,0;8,0;6,0;2024-11-12 15:44:22.000
TFBMMJ;2018-05-01;462,804588;5,0;55308,2134114737;;;;;;;;;
TFECVO;2024-11-29;277,826126;1,0;2001,64566644815;;;;;;;;;
TFDHGW;2022-12-16;257,264429;;;;;;;;;;;
TFBKTI;2017-07-31;;;;7,0;8,0;8,0;9,0;7,0;9,0;7,0;7,0;2022-04-14 00:00:00.000
TFCLKI;2019-10-31;1166,855226;;;8,0;8,0;8,0;9,0;7,0;9,0;8,0;8,0;2021-10-21 14:23:00.000
TFDOA4;2023-07-10;638,848481;;;;;;;;;;;
TA2554;2003-05-09;30,633152;2,0;340,281234646265;8,0;10,0;9,0;9,0;7,0;9,0;8,0;8,0;2024-04-12 11:27:11.000
TDCFH7;2021-07-06;;;;;;;;;;;;
TFBMEO;2013-08-14;;;;;;;;;;;;
TFDNH8;2023-05-29;25,95289;;;;;;;;;;;
TFDVQE;2024-09-13;25,475375;1,0;342,639598629668;;;;;;;;;
TFCXX7;2021-07-30;65,260223;2,0;349,542332427792;10,0;10,0;10,0;10,0;9,0;9,0;8,0;10,0;2024-08-09 16:14:56.000
TFDFFY;2022-09-21;29,827095;;;;;;;;;;;
TFDEG0;2022-08-01;;;;;;;;;;;;
T24393;2011-04-13;870,913674;;;10,0;10,0;8,0;10,0;10,0;10,0;10,0;10,0;2025-03-25 11:43:34.000
T79741;2006-01-25;;;;;;;;;;;;
TEY635;2012-06-15;621,788431;;;8,333333333333334;9,0;9,333333333333334;9,333333333333334;8,666666666666666;9,333333333333334;8,0;8,666666666666666;2024-09-17 16:32:15.000
TEZHJO;2014-07-01;2296,779274;;;10,0;9,333333333333334;9,333333333333334;9,333333333333334;7,333333333333333;9,333333333333334;10,0;10,0;2024-12-09 10:54:22.000
TFDB31;2022-02-22;;3,0;5563,95236144968;;;;;;;;;
T21044;2012-03-28;1740,010785;;;;;;;;;;;
T05615;2005-09-05;305,170724;1,0;5343,3927807844;9,0;8,25;8,0;9,5;7,5;9,0;7,75;8,25;2023-05-25 19:32:56.437
TDCD3F;2024-03-12;;1,0;120,209301435666;;;;;;;;;
TEZMIK;2015-09-30;1826,416818;;;7,333333333333333;5,333333333333333;5,333333333333333;8,666666666666666;6,333333333333333;6,0;8,666666666666666;8,0;2023-10-20 14:50:23.000
TFCHHG;2019-05-31;179,884714;;;;;;;;;;;
TCALYY;2011-07-27;;;;;;;;;;;;
TFCNXT;2010-09-28;865,2797;4,0;20609,8647628224;9,0;4,0;4,0;8,0;7,0;5,0;7,0;8,0;2024-02-19 09:53:36.000
TFDUUO;2024-07-09;1031,911391;2,0;29022,939416806;;;;;;;;;
TB5461;2018-10-31;195,053484;;;8,0;7,0;8,0;9,0;8,0;8,0;8,0;7,0;2022-10-04 14:14:00.510
T16878;2008-10-31;768,255483;4,0;12040,5747690468;8,333333333333334;7,0;7,0;8,333333333333334;5,0;8,333333333333334;6,333333333333333;6,333333333333333;2024-05-07 10:11:05.000
TDCA3S;2021-10-18;;;;;;;;;;;;
T23296;2009-11-30;5161,255162;;;8,428571428571429;8,428571428571429;8,428571428571429;9,428571428571429;7,285714285714286;9,428571428571429;8,0;7,571428571428571;2024-11-22 17:02:52.000
T36816;2008-03-07;;;;7,0;8,0;8,0;9,0;7,0;9,0;8,0;8,0;2021-08-12 18:18:00.000
TFC821;2018-08-14;23,630713;;;;;;;;;;;
TFCSFV;2020-10-28;144,453647;;;;;;;;;;;
TFBMKB;2015-06-03;;;;;;;;;;;;
TFDNNV;2023-05-31;870,157487;;;;;;;;;;;
TB3789;2013-08-05;172,113126;;;9,0;8,0;8,5;9,0;7,5;9,0;8,0;8,5;2023-03-28 13:30:11.587
TFDUGC;2024-06-13;;1,0;0,00420385736791976;;;;;;;;;
TFDPVO;2023-09-28;;2,0;534,67600705361;;;;;;;;;
T16607;2010-11-30;381,421033;;;8,428571428571429;8,142857142857142;7,285714285714286;6,285714285714286;6,285714285714286;8,428571428571429;6,857142857142857;7,428571428571429;2024-06-27 16:03:57.000
TDCEFQ;2024-06-04;;1,0;120,209301435666;;;;;;;;;
TB4287;2015-06-05;142,611848;;;7,0;8,0;8,0;9,0;7,0;9,0;8,0;8,0;2022-03-02 16:39:00.000
TFDSLE;2024-03-28;826,825816;1,0;23124,9275296146;2,0;6,0;8,0;8,0;7,0;5,0;2,0;3,0;2025-03-13 13:44:28.000
TFEEK8;2025-02-25;;1,0;15166,0418295184;;;;;;;;;
TFDELF;2021-01-06;99,462841;;;10,0;8,0;9,0;10,0;9,0;9,0;10,0;10,0;2024-03-12 13:52:07.000
TFCFEI;2019-02-28;608,293843;;;9,5;9,0;9,75;9,0;8,25;9,0;9,0;9,25;2024-10-09 15:51:41.000
TFCHVB;2019-06-25;857,11267;;;5,0;5,333333333333333;5,333333333333333;5,333333333333333;4,333333333333333;6,0;5,333333333333333;4,0;2024-10-29 14:21:27.000
TFDEUZ;2022-08-29;347,7635;;;8,5;8,0;8,0;10,0;7,0;10,0;5,5;10,0;2024-10-02 15:14:00.000
TFEDLN;2025-01-08;;1,0;0,00420385736791976;;;;;;;;;
TDCEN4;2023-09-08;;;;;;;;;;;;
TDCHES;2024-09-13;;1,0;249,965562953877;;;;;;;;;
T10415;2003-05-23;2013,203938;1,0;0,00420385736791976;10,0;10,0;10,0;9,0;7,0;10,0;8,0;10,0;2024-10-25 17:49:09.000
TDCGYV;2023-01-31;;;;;;;;;;;;
TFDTOX;2024-04-26;858,45031;1,0;20894,1716366148;;;;;;;;;
TFDORH;2023-07-31;593,679509;1,0;101,191050703197;6,0;6,0;8,0;9,0;7,0;9,0;7,0;8,0;2024-11-13 16:57:48.000
TFBXMJ;2008-01-31;1203,334991;;;5,0;5,0;4,0;9,0;3,0;8,0;4,0;6,0;2023-11-29 09:55:07.000
TFCDIY;2018-12-11;114,416709;;;;;;;;;;;
T61135;2009-07-28;364,117105;2,0;2370,78638192519;;;;;;;;;
TEZESD;2013-09-30;212,406999;;;10,0;8,5;8,0;9,5;7,5;8,5;8,0;8,0;2023-04-26 16:52:18.987
TEZJO2;2015-01-28;362,120128;1,0;11397,3761840404;9,5;8,0;8,0;9,0;7,0;9,0;8,0;8,0;2020-07-30 15:52:00.000
TFDUDC;2024-06-03;89,215155;2,0;2234,64866492247;;;;;;;;;
TFDVHL;2024-08-22;48,747229;1,0;101,531563149998;;;;;;;;;
T96702;2010-03-11;128,478366;;;7,0;8,0;8,0;9,0;7,0;9,0;8,0;8,0;2019-03-22 14:27:00.000
T49747;2010-09-06;1108,004136;;;8,25;7,75;8,25;9,5;6,75;8,25;8,0;8,5;2024-07-15 10:17:18.000
T30301;1996-09-19;;;;9,0;8,0;7,0;9,0;6,0;10,0;8,0;7,0;2024-08-26 08:38:32.000
TFDDMJ;2022-06-29;18,633364;;;;;;;;;;;
TFDATZ;2022-02-10;52,463539;;;;;;;;;;;
T98600;2010-03-18;714,566967;3,0;40757,7382124824;8,0;8,0;8,0;9,333333333333334;7,666666666666667;9,0;8,0;8,666666666666666;2024-07-22 13:54:15.000
TDCGQM;2022-10-18;;;;;;;;;;;;
TFCYZP;2021-09-22;;;;;;;;;;;;
TFDVLK;2024-08-30;415,761493;1,0;492,822403098601;;;;;;;;;
TDCH7P;2022-11-09;;;;;;;;;;;;
TEXKS8;2009-11-27;120,756103;;;7,0;7,666666666666667;8,0;9,0;7,333333333333333;9,0;8,0;6,333333333333333;2025-03-24 17:36:40.000
TDCC70;2019-06-27;;1,0;53,7252971620145;;;;;;;;;
TFCHIQ;2019-05-31;395,265748;;;9,5;9,0;9,0;9,5;7,0;9,5;9,0;8,5;2024-07-26 10:28:42.000
T15628;2006-11-07;120,990406;1,0;4097,45773793771;8,0;8,0;8,75;8,25;7,25;8,5;7,5;7,75;2024-01-23 11:29:45.000
TEZDIF;2013-07-11;147,128298;1,0;32,5084290261235;10,0;8,0;7,6;9,4;6,6;9,2;8,0;7,4;2023-01-03 18:56:23.023
TFDD64;2022-06-09;794,803728;1,0;34,3034761222252;;;;;;;;;
TDCFU8;2020-07-16;;;;;;;;;;;;
TCANK7;2016-06-14;;;;;;;;;;;;
TFDBUL;2022-03-31;517,823649;1,0;1661,24251993822;;;;;;;;;
TFCRUS;2020-01-31;1251,777757;1,0;629,952230440144;9,0;7,0;8,0;5,0;7,0;9,0;8,0;9,0;2024-06-25 11:10:38.000
TDC0B4;2020-07-31;12,449918;;;;;;;;;;;
TFCWNQ;2021-06-01;;;;;;;;;;;;
T49571;2009-12-08;473,701319;;;;;;;;;;;
TFDCT3;2022-05-26;446,352049;;;6,5;7,0;7,0;6,0;8,5;8,0;5,5;7,0;2025-02-07 15:17:27.000
TFCRG6;2020-08-28;1134,085564;1,0;66,2864229773588;;;;;;;;;
TFDHZ1;2023-01-16;53,244375;;;;;;;;;;;
T06244;2000-04-13;;;;;;;;;;;;
TFDNCN;2023-05-24;30,818653;;;;;;;;;;;
TC5177;2014-08-22;48,569104;;;;;;;;;;;
T04281;1998-12-18;;;;;;;;;;;;
T00931;1998-07-27;306,840149;;;7,0;7,333333333333333;8,0;9,0;7,333333333333333;8,666666666666666;8,0;6,0;2025-02-10 15:47:02.000
TDCCB0;2022-02-01;;;;;;;;;;;;
TDCCNN;2018-06-18;;;;;;;;;;;;
TFD598;2021-11-30;229,764141;2,0;2880,86141566173;8,0;8,0;7,0;9,0;7,0;9,0;7,0;8,0;2024-01-11 15:04:54.000
TFDAJF;2021-11-10;;;;;;;;;;;;
TFECNX;2014-01-10;794,11864;;;;;;;;;;;
TFDHDT;2022-12-08;337,340002;1,0;64,8276844706906;7,0;7,0;7,0;8,0;8,0;8,0;6,0;7,0;2023-09-01 10:39:09.000
TDCEI5;2019-09-09;;;;;;;;;;;;
TB1231;2008-11-25;652,758782;1,0;4389,55435943288;8,833333333333334;8,833333333333334;8,833333333333334;9,0;6,5;9,166666666666666;8,333333333333334;8,833333333333334;2025-02-28 13:50:58.000
TFCYXS;2021-09-17;1015,275694;1,0;0,00420385736791976;9,5;7,0;7,0;9,0;6,0;8,5;8,0;9,5;2024-10-11 16:43:40.000
TFBTEW;2014-12-16;2063,673369;2,0;6364,21966929372;8,0;8,666666666666666;8,666666666666666;8,666666666666666;7,333333333333333;9,0;8,0;8,0;2023-11-01 09:31:59.000
TFEBYQ;2024-10-23;;1,0;853,303172397721;;;;;;;;;
TDCE6W;2018-01-24;;;;;;;;;;;;
T12505;2007-06-13;315,801572;;;;;;;;;;;
TFDB30;2022-02-24;42,919443;;;;;;;;;;;
T03378;2007-01-24;2035,830738;2,0;1302,7796021757;5,333333333333333;8,0;8,0;9,0;7,0;9,0;8,0;8,333333333333334;2024-11-04 14:15:28.000
TFCMKD;2019-12-09;;;;9,0;4,0;7,0;10,0;8,0;7,0;7,0;8,0;2022-04-14 00:00:00.000
TDCCCK;2021-04-23;;;;;;;;;;;;
TFCNZC;2020-06-30;1794,332169;;;;;;;;;;;
TFBZRV;2018-06-27;;;;4,0;8,0;8,0;9,0;7,0;9,0;8,0;8,0;2021-09-02 16:10:00.000
TCAQN1;2017-08-01;;;;;;;;;;;;
TFBNKN;2016-09-21;;;;9,0;8,5;9,0;9,0;7,5;9,0;9,0;8,5;2023-04-24 14:29:49.627
TDCF66;2022-03-28;;;;;;;;;;;;
TFDSM2;2024-03-28;147,944441;1,0;2651,83947011483;;;;;;;;;
TFCBS0;2013-10-02;286,698083;;;8,0;9,5;9,5;9,5;8,5;9,0;9,0;9,0;2024-05-16 10:42:42.000
TDC543;2022-04-01;;1,0;1297,68032318841;;;;;;;;;
T07402;2001-04-11;116,85153;1,0;98,0045268183134;10,0;8,0;8,0;9,0;7,0;9,0;8,0;8,0;2021-09-01 11:55:00.000
TEZGQJ;2014-04-14;484,54284;3,0;39714,3239983353;8,0;8,0;8,0;9,0;7,0;9,0;8,0;8,0;2019-11-08 10:36:00.000
TFCKQG;2019-10-02;99,031469;2,0;27,7538663430063;;;;;;;;;
TFCH51;2019-05-22;53,591614;2,0;164,412861659342;7,0;6,0;6,0;9,0;8,0;8,0;7,0;9,0;2024-10-18 10:59:57.000
TFBJPS;2011-02-15;448,633527;3,0;15568,8470347977;9,2;7,8;8,2;9,0;7,8;9,0;8,0;8,2;2024-12-13 16:34:19.000
TEXPY0;2012-03-07;0,0;1,0;0,016815429471679;8,8;7,8;8,0;9,2;7,0;8,4;8,2;7,8;2024-04-08 14:00:16.000
TFD505;2021-11-29;1073,306534;2,0;1208,5207122722;0,0;5,0;7,0;10,0;2,0;8,0;0,0;4,0;2024-02-06 14:38:04.000
TB1462;2012-08-05;283,378934;;;9,0;9,0;8,0;10,0;8,0;10,0;9,0;8,0;2022-04-05 00:00:00.000
TFCRHB;2020-08-31;138,023437;;;9,75;8,0;8,0;9,75;7,75;8,5;9,5;9,0;2024-06-07 13:52:16.000
TDC1JB;2025-02-21;82,321389;1,0;155,958904492455;;;;;;;;;
TEZJEQ;2014-12-18;;;;;;;;;;;;
TDCG8X;2018-03-19;;;;;;;;;;;;
T35387;2021-10-29;48,548623;;;10,0;8,0;9,0;9,0;8,0;9,0;10,0;10,0;2024-05-17 14:53:22.000
TEZKD5;2015-03-26;293,777705;;;7,0;9,0;9,0;8,0;8,0;9,0;8,0;9,0;2024-08-14 16:57:17.000
TFDRHF;2024-01-08;25,32824;;;;;;;;;;;
T14847;2015-09-02;95,615834;;;10,0;8,0;8,0;7,0;7,0;9,0;8,0;8,0;2024-11-29 11:37:07.000
TEZJT8;2015-02-05;185,599226;;;9,0;9,0;8,0;9,0;7,0;9,0;9,0;8,0;2022-03-25 00:00:00.000
TFDUH9;2024-06-17;;1,0;1339,05048354611;;;;;;;;;
TDCF4S;2024-05-31;;1,0;120,209301435666;;;;;;;;;
T16565;2007-08-07;2189,667391;;;9,5;8,5;8,5;9,0;7,0;9,0;8,5;8,0;2024-12-02 09:49:45.000
T57876;2015-09-02;443,906879;;;10,0;7,0;8,0;6,5;6,5;9,5;10,0;9,0;2024-05-16 09:26:57.000
T98879;2010-03-29;4422,943216;5,0;37996,7245665227;8,0;6,0;7,0;8,333333333333334;6,666666666666667;9,0;8,0;8,0;2024-10-31 10:53:52.000
T21849;2008-03-27;;;;;;;;;;;;
T76192;2008-10-21;1275,727108;2,0;45675,4147653323;9,75;7,5;7,5;8,25;5,5;9,25;8,0;9,25;2024-12-10 11:18:00.000
TFDQL8;2023-11-22;;;;;;;;;;;;
T13875;2005-05-31;13611,998494;3,0;33139,4322209056;8,6;7,6;7,4;8,0;6,8;9,2;8,6;7,6;2024-05-02 14:56:00.000
TDCEAY;2022-06-23;;;;;;;;;;;;
TFDRAX;2023-12-19;2672,91761;;;7,0;7,0;8,0;8,0;6,0;7,0;5,0;8,0;2025-02-13 16:27:28.000
T46200;2004-06-17;2175,517051;;;8,5;6,0;7,0;6,5;7,0;10,0;8,0;10,0;2024-04-17 14:36:07.000
TFDS71;2024-02-29;1055,306926;;;;;;;;;;;
TFEBWE;2024-10-14;1215,871577;1,0;1661,26774308243;;;;;;;;;
TFCZXC;2021-10-29;484,315975;;;5,0;6,0;7,0;7,5;5,0;8,0;8,5;8,0;2025-02-26 11:00:34.000
T50843;2011-02-03;296,681963;;;8,333333333333334;7,666666666666667;8,0;9,0;7,0;9,0;8,0;8,333333333333334;2023-03-09 18:33:20.667
TFDRTC;2012-06-06;256,228032;2,0;94602,5426317522;;;;;;;;;
TEZEZI;2013-11-14;118,971141;;;8,333333333333334;8,0;8,666666666666666;9,0;7,0;9,0;8,666666666666666;8,0;2023-10-09 14:00:59.000
TFCLYM;2019-11-18;536,31555;2,0;18630,3818324179;;;;;;;;;
T22345;2011-04-27;672,439824;;;9,333333333333334;7,333333333333333;8,0;8,666666666666666;6,666666666666667;9,0;8,0;8,0;2024-11-26 17:00:36.000
TEZHBK;2014-05-30;218,279354;1,0;32,7060103224157;10,0;8,285714285714286;8,428571428571429;9,428571428571429;7,571428571428571;9,428571428571429;8,857142857142858;8,857142857142858;2024-09-17 09:55:56.000
T84673;2006-03-23;;;;;;;;;;;;
TEZESX;2013-10-24;252,360946;;;9,5;8,5;9,0;10,0;9,0;9,0;9,0;9,0;2024-11-22 15:26:26.000
TEZG31;2014-10-03;489,858683;2,0;750,304463026319;9,0;10,0;10,0;9,0;5,0;9,0;10,0;8,0;2024-04-04 13:50:54.000
TB4565;2015-01-25;381,451279;;;9,0;8,5;8,5;9,0;7,0;9,0;8,5;8,75;2024-02-07 15:58:33.000
TFBMJJ;2018-12-12;;;;;;;;;;;;
TCA468;2014-02-05;129,070682;;;;;;;;;;;
TFBTU3;2018-02-28;1097,90826;;;7,5;8,5;8,0;8,5;7,0;8,5;8,0;8,5;2023-08-17 15:07:50.000
TFECQA;2024-11-25;44,114228;1,0;63,7472931271352;;;;;;;;;
TFCPEB;2020-05-21;73,856875;;;2,0;8,0;8,0;2,0;2,0;4,0;2,0;5,0;2023-01-17 18:53:36.043
TA3952;2009-12-14;18,345471;;;;;;;;;;;
T74600;2010-05-06;609,262892;3,0;9919,05190589509;5,6;6,0;8,4;7,4;4,6;9,0;8,0;7,0;2024-08-30 09:24:40.000
TFDIJ1;2023-02-08;29,085928;;;;;;;;;;;
TDCCK4;2022-08-08;;;;;;;;;;;;
TEZHDF;2010-07-27;827,093278;5,0;48331,9793711287;7,0;7,333333333333333;7,333333333333333;9,333333333333334;7,0;9,0;8,0;8,666666666666666;2024-09-04 15:54:58.000
TEZHZA;2014-08-15;;;;;;;;;;;;
T92129;2009-12-21;665,00228;2,0;0,00840771473583952;8,25;8,0;8,0;9,0;7,0;9,0;7,25;8,0;2023-04-04 19:31:12.607
TEZKFB;2015-03-27;3533,049348;2,0;70956,8748822587;;;;;;;;;
TFCPU6;2020-06-05;428,982099;1,0;0,00420385736791976;;;;;;;;;
TFDUVB;2024-07-12;252,451682;2,0;8416,85812561474;;;;;;;;;
T07413;2010-01-21;527,376554;1,0;28309,8012567694;10,0;9,0;8,5;9,5;7,25;9,5;9,0;9,0;2024-12-27 09:20:54.000
T16951;2007-12-28;586,531324;2,0;0,016815429471679;10,0;8,666666666666666;8,666666666666666;9,0;7,666666666666667;9,0;8,666666666666666;8,333333333333334;2024-11-04 16:45:00.000
TFBZMO;2018-06-19;396,817188;1,0;256,199883430502;8,666666666666666;7,666666666666667;8,666666666666666;9,666666666666666;7,0;9,333333333333334;9,333333333333334;8,666666666666666;2024-04-05 11:38:03.000
TDCDTJ;2023-01-25;;;;;;;;;;;;
TFDVIM;2024-08-26;803,293129;2,0;4443,41838388804;;;;;;;;;
TCBCQR;2015-09-15;;;;;;;;;;;;
TFD603;2021-11-30;185,523824;;;9,0;7,0;8,0;7,0;7,0;9,0;5,0;8,0;2025-02-03 14:53:14.000
TEZSQV;2016-08-30;828,389283;1,0;25513,5130436355;8,25;8,5;9,0;9,0;5,5;9,25;8,25;7,25;2024-01-22 09:01:37.000
TFDRTR;2024-02-09;;1,0;285,50497314227;;;;;;;;;
T53751;2007-02-26;909,69906;2,0;0,00840771473583952;8,833333333333334;8,333333333333334;8,333333333333334;7,833333333333333;7,0;9,0;8,333333333333334;8,666666666666666;2024-08-13 14:53:57.000
TEZGWD;2012-08-27;533,315044;2,0;2525,48412920727;5,2;5,0;7,6;7,4;5,6;8,6;4,8;7,2;2025-03-18 16:20:19.000
TDCF74;2020-07-22;;;;;;;;;;;;
T17212;2016-05-20;473,440186;;;8,25;7,75;8,25;9,0;7,5;8,5;8,5;8,5;2023-10-20 11:26:36.000
TFDRZX;2024-02-27;1077,332459;4,0;3291,39751464067;;;;;;;;;
TFDANI;2022-01-28;;;;;;;;;;;;
TB4663;2016-03-20;237,160973;;;0,0;8,0;8,0;9,0;7,0;9,0;8,0;8,0;2020-11-30 00:00:00.000
TFBYFY;2007-12-13;;1,0;5953,4986005906;8,5;8,0;8,0;9,0;7,5;8,5;8,0;7,5;2024-06-27 13:52:42.000
TDCG9M;2021-06-21;;;;;;;;;;;;
TEXCRP;2011-09-19;408,605033;;;8,0;8,0;9,0;9,0;9,0;9,0;10,0;8,0;2024-12-06 10:44:56.000
TDCFQI;2022-06-02;;;;;;;;;;;;
TB6365;2017-02-15;371,55001;;;10,0;8,333333333333334;10,0;9,0;7,666666666666667;9,666666666666666;10,0;10,0;2024-03-27 17:33:07.000
TEXVCZ;2012-04-24;208,998607;;;9,0;7,5;7,5;8,5;7,0;8,5;7,5;8,0;2024-12-17 13:13:49.000
TDCEWN;2021-08-20;;;;;;;;;;;;
T40103;2009-05-29;;;;;;;;;;;;
TA2656;2013-01-18;77,868847;1,0;323,285039307765;9,0;9,333333333333334;9,333333333333334;9,0;7,0;9,0;9,0;8,666666666666666;2024-11-22 17:03:36.000
TEZJJ5;2014-12-29;168,33066;;;8,5;8,25;8,75;9,5;6,5;8,75;8,25;8,0;2023-03-06 20:38:01.607
TEZHKM;2014-06-23;137,020106;3,0;5186,11806893579;7,5;7,5;8,0;9,5;7,0;9,5;8,5;8,5;2024-12-19 16:17:36.000
TEXHPU;2011-11-22;203,810865;;;8,5;7,75;7,75;8,75;6,75;9,0;7,75;8,25;2024-04-10 16:17:02.000
TFC407;2018-07-31;23,277728;;;;;;;;;;;
TDCCK2;2021-12-27;;;;;;;;;;;;
TB1978;2010-01-15;1339,779252;;;;;;;;;;;
T54337;2009-08-05;1040,008277;;;;;;;;;;;
TEYZ13;2012-09-27;193,113196;;;9,0;8,0;8,0;9,0;7,0;9,0;8,0;8,0;2020-10-15 00:00:00.000
TFCXW6;2021-07-29;225,368632;;;9,0;8,0;8,0;7,0;7,0;8,0;10,0;9,0;2023-09-29 09:49:14.000
TFDDN0;2022-06-30;19,369962;;;;;;;;;;;
T77693;2015-11-05;589,188901;1,0;14287,8308022157;8,857142857142858;7,714285714285714;8,142857142857142;9,142857142857142;7,0;9,0;8,428571428571429;8,142857142857142;2024-11-21 13:49:25.000
TEZOS8;2016-06-08;2306,887644;1,0;0,00420385736791976;7,5;8,833333333333334;8,5;7,166666666666667;6,666666666666667;7,5;8,833333333333334;8,333333333333334;2024-12-13 15:14:00.000
T77573;2009-12-15;809,203144;1,0;1258,08839449735;6,2;7,6;7,4;9,0;5,8;7,8;7,2;7,6;2024-10-07 14:36:08.000
TFBXJX;2016-04-11;88,334384;;;10,0;8,0;10,0;8,0;8,0;10,0;9,0;10,0;2024-02-07 09:35:42.000
TCBRBG;2015-09-21;36,26105;;;;;;;;;;;
TFDRTE;2024-02-08;571,012964;;;;;;;;;;;
TA2634;2002-08-21;74,225191;;;8,0;8,5;8,5;9,0;7,5;8,5;7,0;6,0;2023-08-31 10:20:00.000
T55622;1995-08-16;2037,776781;7,0;157636,037593244;7,0;8,0;8,0;9,0;7,0;9,0;8,0;8,0;2019-11-12 09:56:00.000
TFCQTU;2020-07-31;131,108933;;;9,0;8,0;8,0;9,0;7,0;9,0;8,0;8,0;2022-08-17 13:38:09.340
TFBKQA;2009-10-19;350,16168;1,0;2608,99795967836;8,0;8,0;8,0;9,0;7,0;9,0;8,0;8,0;2021-02-04 09:49:00.000
TDC17Y;2020-02-01;90,632901;;;;;;;;;;;
TFDRL6;2024-01-23;578,163617;;;;;;;;;;;
T05435;1999-10-14;2247,749085;;;8,0;0,0;8,0;10,0;3,0;10,0;8,0;8,0;2022-04-05 00:00:00.000
TFEEGH;2025-02-20;;1,0;1369,13328687095;;;;;;;;;
TFBXJA;2021-08-24;;;;;;;;;;;;
T29727;1996-04-12;;1,0;8720,99039075427;;;;;;;;;
TCAGBP;2015-03-06;;;;;;;;;;;;
TFECBB;2024-10-31;76,457515;2,0;310,534739910865;;;;;;;;;
T42063;2010-01-27;2455,065059;2,0;17845,7150392662;9,5;10,0;10,0;10,0;6,5;9,0;10,0;9,5;2023-04-27 14:29:38.427
T08930;2002-04-30;59,822992;;;;;;;;;;;
TDCG94;2019-08-23;;;;;;;;;;;;
TB6548;2017-05-20;153,913152;1,0;9107,50564873291;;;;;;;;;
TA3451;2011-05-24;133,971182;;;10,0;8,0;9,0;9,5;8,0;8,5;8,0;9,0;2024-04-17 15:01:19.000
TFBRJ4;2017-12-22;227,163529;1,0;337,674843078155;;;;;;;;;
T24080;2008-08-19;;;;;;;;;;;;
TFCYI5;2021-08-30;100,223296;1,0;1019,13273399005;6,0;6,0;4,0;8,0;6,0;8,0;2,0;4,0;2023-12-19 10:09:45.000
TEZHC9;2014-06-04;289,921443;3,0;20170,8012877447;;;;;;;;;
T84563;2009-05-26;357,842646;1,0;1310,82998903527;8,8;7,6;7,6;9,2;7,4;9,4;7,8;7,8;2024-12-05 09:51:07.000
TFCOEM;2020-02-20;;;;;;;;;;;;
TCBLAJ;2015-03-31;;;;;;;;;;;;
T16765;2007-10-22;531,296009;;;6,75;6,5;6,5;8,5;6,5;7,75;8,0;7,25;2023-05-09 19:30:21.583
TB3342;2014-02-05;371,486184;3,0;13640,4872138445;9,5;8,5;8,75;9,5;7,5;9,5;9,0;9,25;2024-08-15 11:35:18.000
T15159;2004-10-01;583,58592;7,0;51403,7463575824;6,5;7,5;7,5;9,0;7,5;9,5;7,5;8,0;2023-02-06 12:20:23.473
TFDHOO;2022-12-27;371,456825;;;8,0;8,0;8,0;9,0;7,0;9,0;10,0;8,0;2024-12-03 09:51:26.000
T38269;2012-12-12;;;;8,0;7,0;9,0;9,0;8,0;9,0;8,0;8,0;2022-08-11 18:14:15.267
TDC09G;2021-01-28;269,406301;1,0;11770,8006301753;9,0;5,0;9,0;9,0;8,0;8,0;8,0;8,0;2022-03-28 00:00:00.000
TFCZRK;2021-10-27;23,097802;;;;;;;;;;;
TEZDWO;2013-08-30;;;;10,0;8,0;8,0;9,0;7,0;9,0;8,0;8,0;2019-06-11 17:01:00.000
T14450;2010-11-08;79,001996;;;6,6;7,2;8,0;8,2;6,2;8,6;7,8;7,2;2022-07-01 14:42:19.313
TEYSS9;2012-07-13;97,650902;;;;;;;;;;;
T24051;1992-06-30;;3,0;5596,64996405736;;;;;;;;;
TFDG48;2022-10-19;28,025554;;;;;;;;;;;
TFBRC1;2017-12-12;340,482888;1,0;32408,9237222248;9,5;8,75;9,0;9,25;5,5;9,0;9,0;8,5;2023-02-08 21:08:45.997
T16546;2007-09-10;264,069337;;;;;;;;;;;
T15389;2006-07-31;567,320325;;;;;;;;;;;
TFCHFM;2009-12-15;293,495032;1,0;34,105894825933;5,0;8,0;8,0;9,0;7,0;9,0;8,0;8,0;2022-01-20 16:00:00.000
TFCNNH;2024-04-30;51,651627;1,0;486,827702491948;;;;;;;;;
TFBXKA;2013-01-18;107,852039;;;8,0;5,0;5,0;4,0;8,0;8,0;5,0;4,0;2022-05-31 00:00:00.000
TAA655;2010-08-31;158,048391;;;8,666666666666666;8,666666666666666;8,666666666666666;9,666666666666666;7,0;9,333333333333334;8,0;8,666666666666666;2025-01-29 10:08:36.000
TFEDT1;2025-01-17;;1,0;213,913282166597;;;;;;;;;
TDCD4K;2024-02-01;;;;;;;;;;;;
TDCENI;2022-05-11;;;;;;;;;;;;
T84546;2009-12-16;302,417137;1,0;0,0420385736791976;3,5;5,0;5,0;9,0;7,0;9,0;5,0;6,5;2022-05-17 00:00:00.000
TCABR7;2016-07-18;38,79562;;;10,0;2,0;10,0;10,0;7,0;10,0;10,0;8,0;2022-11-24 12:55:41.310
TB3563;2016-05-15;;;;5,0;2,0;6,0;8,0;6,0;0,0;8,0;8,0;2024-05-28 11:09:50.000
TFD421;2021-11-26;;;;6,0;3,0;6,0;6,0;5,0;6,0;6,0;5,0;2024-10-31 09:37:59.000
TDCGH6;2014-09-08;;;;;;;;;;;;
T13019;2012-05-03;230,547089;;;7,25;7,75;7,75;8,5;7,0;8,5;7,75;7,75;2023-08-25 16:34:17.000
TFEBUH;2024-10-09;240,934742;1,0;578,467589255231;;;;;;;;;
TCABXN;2013-10-29;;;;;;;;;;;;
TEZEHW;1998-05-01;2547,861712;4,0;38945,9009100532;5,5;7,833333333333333;8,333333333333334;9,0;7,333333333333333;8,5;7,666666666666667;7,666666666666667;2024-10-25 14:58:11.000
TFCRAJ;2020-08-17;1552,786269;;;7,666666666666667;7,666666666666667;7,333333333333333;8,0;7,333333333333333;8,666666666666666;7,0;8,0;2025-03-07 10:37:31.000
TFDTYX;2024-05-20;204,364453;1,0;4196,85374154481;;;;;;;;;
TFDBOM;2022-04-04;778,991235;;;;;;;;;;;
T60033;2010-01-07;223,313311;;;9,5;7,5;8,0;9,25;7,0;8,5;8,5;8,5;2025-01-16 11:52:00.000
TFDUTQ;2024-07-05;36,475031;1,0;89,2436880635686;;;;;;;;;
TFDTLZ;2024-04-23;;1,0;0,00420385736791976;;;;;;;;;
TFCYVM;2021-09-14;50,736074;;;;;;;;;;;
T00336;2001-08-28;2501,36139;3,0;546,190372384343;8,75;8,0;8,0;9,0;7,0;9,0;8,0;8,0;2021-11-24 15:12:00.000
TEWROI;2011-08-09;768,915084;5,0;28470,3591812224;10,0;7,0;9,0;7,0;5,0;10,0;8,0;9,0;2024-04-09 10:24:17.000
TEVZID;1997-04-28;1061,57354;;;8,5;8,0;8,0;9,0;7,0;9,0;8,0;8,0;2025-03-06 10:58:13.000
TFDUYI;2024-07-24;1186,239526;1,0;21280,8928836044;;;;;;;;;
TFCDT2;2019-01-04;459,361854;;;;;;;;;;;
TB3562;2013-06-15;615,666413;;;8,2;7,0;7,2;9,0;7,0;9,0;8,0;8,4;2023-07-25 10:41:03.000
TDCEQR;2022-09-19;;;;;;;;;;;;
T50467;2013-05-13;939,48639;;;8,0;7,5;7,5;8,5;6,5;9,0;7,5;8,0;2024-04-02 11:34:42.000
TFCOD9;2020-02-18;272,168849;;;8,0;6,0;5,0;9,0;4,0;8,0;6,0;8,0;2024-07-03 16:04:46.000
T12562;2004-09-30;773,812273;1,0;497,207026333342;7,0;6,0;6,0;9,0;6,0;7,0;7,0;6,0;2024-03-11 09:14:26.000
TB2946;2012-02-01;292,667695;;;10,0;8,0;8,5;9,5;7,5;8,5;8,5;8,0;2022-07-26 13:41:57.177
TFCPYH;2020-06-17;193,228201;;;3,6666666666666665;7,666666666666667;8,0;8,333333333333334;7,0;9,0;8,0;8,0;2022-12-27 14:53:05.050
TDCDZH;2021-04-14;;;;;;;;;;;;
TFDJMF;2023-04-10;387,195319;1,0;5132,33391777062;7,0;6,0;5,0;10,0;8,0;10,0;9,0;8,0;2024-10-28 16:57:58.000
T76404;2010-04-23;916,126298;4,0;12938,2580636777;10,0;8,666666666666666;8,666666666666666;9,333333333333334;5,666666666666667;9,333333333333334;8,666666666666666;8,666666666666666;2024-10-11 15:46:05.000
TFCTG8;2020-12-11;;1,0;2158,62190442365;;;;;;;;;
TDC29X;2020-01-22;506,339097;;;6,5;5,5;8,0;8,5;5,0;8,5;8,0;3,5;2023-03-09 14:48:00.683
T12132;2004-07-21;701,139917;;;7,0;7,0;7,0;9,0;7,0;8,0;7,0;7,0;2022-08-30 17:34:02.060
TDCGU4;2021-07-12;;;;;;;;;;;;
TFDQYN;2023-12-05;482,246239;2,0;6688,07222934616;5,0;7,0;7,0;9,0;5,0;6,0;1,0;5,0;2024-11-06 09:44:12.000
TFEBO5;2024-09-25;193,902631;1,0;1185,21873088183;;;;;;;;;
TFCVG6;2021-03-30;174,673432;1,0;8871,88364711838;7,0;5,5;9,0;10,0;6,5;9,0;8,0;8,0;2023-06-16 11:30:37.000
TD0342;2013-11-11;196,373713;1,0;251,365447457394;8,25;7,5;8,75;8,0;6,5;8,0;8,0;7,5;2025-03-06 10:30:50.000
TDCD5M;2024-08-05;;1,0;121,567147365504;;;;;;;;;
TAABOR;2010-09-15;602,430076;;;4,0;5,0;5,0;5,666666666666667;6,333333333333333;8,333333333333334;5,333333333333333;8,0;2023-05-22 19:42:39.777
TFDVB6;2024-08-01;419,619679;5,0;11146,7842463387;;;;;;;;;
T15055;2007-10-25;125,036308;;;10,0;10,0;10,0;10,0;7,0;10,0;10,0;10,0;2024-03-14 10:30:44.000
TDCA88;2022-03-15;;;;;;;;;;;;
TFDEDM;2013-04-23;332,634481;2,0;12043,0844718955;;;;;;;;;
TFDCP4;2022-05-23;323,739289;;;;;;;;;;;
TFEDRL;2025-01-14;;1,0;914,624839823566;;;;;;;;;
TFCEGB;2020-12-24;579,944886;;;10,0;9,0;10,0;9,5;8,5;10,0;9,0;10,0;2023-03-20 21:21:02.780
TFBXCY;2011-05-10;98,307365;;;10,0;6,5;7,5;9,5;8,5;9,5;8,0;10,0;2025-02-17 09:44:28.000
TDCGH7;2021-03-17;;;;;;;;;;;;
TB0830;2013-09-05;473,75217;1,0;30525,2929436663;;;;;;;;;
TEXVIX;2012-04-20;530,002655;5,0;106979,098089358;5,5;7,0;8,0;9,0;5,5;9,0;7,5;7,0;2024-07-17 14:29:24.000
TDCG8S;2016-09-21;;;;;;;;;;;;
TB1574;2016-12-12;624,31033;;;;;;;;;;;
TFCJRT;2019-08-30;810,569165;1,0;8562,94216914996;8,25;7,0;8,0;8,75;7,25;9,0;7,75;7,75;2025-02-05 10:54:53.000
T07073;2000-12-29;561,827561;1,0;564,750402663709;;;;;;;;;
TB4880;2016-07-18;349,69083;1,0;3065,56209297866;8,0;8,0;8,333333333333334;8,333333333333334;7,333333333333333;8,666666666666666;7,666666666666667;8,333333333333334;2025-01-13 17:52:21.000
T07800;2002-11-18;1112,605896;3,0;14726,8984811507;8,0;8,0;8,0;9,25;7,25;8,75;8,0;8,5;2024-01-04 16:27:29.000
T37733;2003-02-26;19,77931;;;7,0;8,0;8,0;9,0;7,0;9,0;8,0;8,0;2022-11-08 16:18:48.440
TEZJI4;2014-12-30;37,661973;;;7,2;7,6;8,2;8,2;7,0;8,8;7,2;8,0;2024-10-28 09:45:52.000
TDCCDF;2019-07-02;;;;;;;;;;;;
TDCF25;2023-03-03;;;;;;;;;;;;
TFCSJJ;2017-03-01;1294,163128;4,0;14222,7298670161;;;;;;;;;
TFDIG7;2022-02-15;237,085725;1,0;885,958736431721;9,5;7,5;8,0;8,5;8,5;9,0;8,5;8,5;2025-03-24 14:43:02.000
T07544;2006-07-01;723,829343;1,0;2104,64437581956;10,0;10,0;10,0;10,0;8,0;10,0;8,0;10,0;2023-12-19 15:21:46.000
TDCGAV;2020-08-24;;1,0;46,4400123434096;;;;;;;;;
TFEEYC;2025-03-24;;1,0;60,1067526465167;;;;;;;;;
TFCBR1;2018-10-26;1065,862128;;;9,0;8,0;8,0;9,0;7,0;9,0;8,0;8,0;2019-03-26 15:08:00.000
TA8479;2010-07-30;523,957972;;;9,0;8,333333333333334;8,666666666666666;8,333333333333334;7,333333333333333;8,666666666666666;8,666666666666666;7,0;2025-01-31 11:03:08.000
TDC33C;2018-07-12;;;;;;;;;;;;
TFCHIL;2014-11-17;250,314483;1,0;4251,9705154956;8,5;7,5;7,5;9,0;6,5;9,0;8,0;7,5;2022-07-26 11:30:27.850
TFCSYA;2020-11-30;11,335568;;;8,0;8,0;8,0;10,0;9,0;10,0;10,0;7,0;2022-06-20 17:00:51.000
TFBLKL;2017-09-26;332,226092;4,0;642,849664844922;9,166666666666666;7,833333333333333;8,666666666666666;8,333333333333334;7,666666666666667;9,5;9,0;8,666666666666666;2025-02-14 11:23:30.000
TFDVQJ;2024-09-12;29,367446;1,0;183,216715666047;;;;;;;;;
T54151;2012-08-15;176,439453;1,0;4720,20455684924;;;;;;;;;
TEVZJE;2009-11-05;;2,0;1458,68385652237;;;;;;;;;
TDCH80;2022-05-12;;;;;;;;;;;;
TA3368;2013-09-23;105,478352;;;9,75;7,75;7,75;9,25;7,5;8,0;9,25;8,5;2024-03-19 14:40:13.000
T53093;2008-04-01;90,90105;;;10,0;9,0;10,0;9,0;8,0;9,0;8,0;10,0;2024-10-31 17:23:52.000
TFDQYV;2023-12-05;;;;;;;;;;;;
T19328;1999-11-11;340,90576;;;5,428571428571429;6,0;7,428571428571429;7,714285714285714;5,428571428571429;8,571428571428571;7,428571428571429;7,142857142857143;2025-02-28 09:34:15.000
TFBUHO;2018-03-26;328,996805;;;0,0;8,0;8,0;2,0;0,0;3,0;0,0;0,0;2024-12-03 16:03:40.000
TFCKMG;2019-09-30;201,717254;1,0;307,667709185943;9,0;8,0;8,0;9,0;8,0;10,0;7,0;9,0;2023-08-02 15:54:24.000
TDC88X;2021-07-19;;;;;;;;;;;;
TFDSMK;2024-03-28;1299,844236;2,0;14784,4745116617;;;;;;;;;
TFCRJD;2020-09-04;1277,182009;5,0;24242,1152367113;8,0;7,5;8,0;8,5;7,0;8,5;8,0;8,5;2023-05-15 18:00:17.730
TEZAPE;2008-03-01;;;;8,0;7,0;7,0;7,0;8,0;9,0;6,0;8,0;2023-07-19 16:09:08.000
TFCNP1;2020-01-29;2551,727696;;;;;;;;;;;
T02904;2000-08-11;1006,300741;1,0;5015,21865535775;;;;;;;;;
TFCWZO;2021-06-23;113,32211;1,0;2451,43738552873;;;;;;;;;
TFDMXM;2023-05-04;213,103138;;;10,0;10,0;10,0;10,0;8,0;9,0;8,0;10,0;2024-07-17 16:02:34.000
TFBYNZ;2011-01-24;3056,898261;4,0;81007,8774632181;8,0;7,2;8,2;9,0;7,8;8,0;8,0;8,2;2025-02-12 15:46:23.000
TCAWJ7;2013-11-18;121,838457;;;;;;;;;;;
TFBXL4;2016-02-04;69,98787;1,0;101,989783603101;;;;;;;;;
T84219;2024-04-01;;1,0;255,687012831616;;;;;;;;;
TFDTRP;2024-04-30;57,837859;3,0;4739,89122090321;;;;;;;;;
T05409;1999-10-05;963,06105;1,0;3548,9300208568;8,666666666666666;7,0;8,666666666666666;9,333333333333334;5,0;9,0;8,666666666666666;8,333333333333334;2025-02-24 14:33:56.000
TDCCNU;2020-03-05;;;;;;;;;;;;
T74369;2010-04-12;1849,19457;1,0;8529,42481435553;;;;;;;;;
TDCCQI;2022-06-29;;;;;;;;;;;;
TEWLYB;2011-06-08;260,603167;1,0;0,00420385736791976;8,333333333333334;7,833333333333333;7,833333333333333;8,833333333333334;6,666666666666667;9,0;8,0;7,833333333333333;2023-03-22 12:37:16.473
TDCC3I;2022-07-14;;;;;;;;;;;;
TFDKFX;2023-04-28;606,862796;;;0,0;0,0;3,0;3,0;0,0;0,0;0,0;8,0;2024-10-23 14:11:14.000
TDCGLI;2014-07-31;;;;;;;;;;;;
TFDJJY;2012-12-18;706,628857;1,0;1975,54811990811;;;;;;;;;
TDCCBR;2021-08-25;;;;;;;;;;;;
T49938;2011-07-28;567,959333;;;8,0;8,0;8,0;9,0;6,0;9,0;8,0;1,0;2024-12-19 13:50:32.000
TFDJNH;2023-04-12;473,472948;1,0;0,00420385736791976;10,0;10,0;10,0;10,0;9,0;10,0;8,0;10,0;2024-11-27 11:24:43.000
TFCRXD;2019-11-01;;;;;;;;;;;;
TDCGF3;2021-10-06;;;;;;;;;;;;
TFCNTA;2016-07-08;509,194564;;;10,0;9,0;9,0;8,5;7,0;9,0;9,5;9,5;2024-12-04 16:05:23.000
TFCT26;2020-11-30;2336,79867;8,0;68596,9176369133;9,0;9,0;10,0;9,0;8,0;9,0;8,0;8,0;2023-01-12 17:20:46.073
TB4613;2015-08-04;276,825204;;;9,333333333333334;9,333333333333334;8,666666666666666;9,0;7,0;9,333333333333334;8,666666666666666;9,0;2024-07-17 15:49:04.000
TDCFZK;2022-05-18;;;;;;;;;;;;
TCANGN;2015-11-06;;;;;;;;;;;;
TFDRFS;2023-12-29;288,275511;1,0;3664,80934920351;;;;;;;;;
TFDN23;2023-05-11;36,149144;;;;;;;;;;;
TA3701;2005-07-15;91,538783;1,0;62,1540311846936;9,0;8,0;8,0;9,0;9,0;9,0;8,0;8,0;2025-01-10 14:18:21.000
TD0567;2015-06-24;158,318032;;;5,0;8,0;2,0;3,0;8,0;8,0;8,0;8,0;2023-09-18 14:58:05.000
TDCGQJ;2021-11-23;;;;;;;;;;;;
TFDUCT;2024-05-31;426,489136;1,0;11806,0625857774;;;;;;;;;
TFBZTX;2018-06-29;183,460013;;;;;;;;;;;
TDCDFH;2018-06-20;;;;;;;;;;;;
T07602;2011-09-29;487,860704;2,0;2647,22363472486;9,0;8,8;8,6;9,0;7,6;9,0;8,4;9,0;2024-11-27 15:38:46.000
TFECOE;2024-11-21;;1,0;202,377897549025;;;;;;;;;
TEXFB9;2004-04-26;1833,240018;;;10,0;8,2;8,2;8,6;7,2;8,6;8,6;8,6;2024-08-09 11:51:13.000
TB4336;2014-08-15;152,636922;;;9,666666666666666;8,666666666666666;8,666666666666666;9,333333333333334;7,333333333333333;9,333333333333334;8,333333333333334;8,666666666666666;2024-08-28 11:49:55.000
T25606;1999-05-10;900,985132;2,0;13384,0687298308;6,5;7,0;8,0;8,5;7,0;9,0;8,0;7,5;2025-03-17 14:20:49.000
TFEEDY;2025-02-13;;1,0;182,510467628236;;;;;;;;;
TDCDMS;2022-07-15;;;;;;;;;;;;
TFEERX;2025-03-03;;1,0;615,865104400245;;;;;;;;;
T02262;1996-06-17;;;;;;;;;;;;
TEZHXU;2014-08-20;1265,744739;;;7,0;6,666666666666667;8,333333333333334;7,666666666666667;6,333333333333333;8,666666666666666;8,0;8,0;2023-08-15 11:26:02.000
TDCG21;2022-08-23;;;;;;;;;;;;
TDCCLE;2023-11-20;;;;;;;;;;;;
TDCDPW;2023-05-18;;;;;;;;;;;;
TCBS20;2015-08-13;;;;;;;;;;;;
TFDVFX;2024-08-16;93,48608;1,0;3266,96889947569;;;;;;;;;
T00082;2010-06-07;772,966671;4,0;11436,1693798315;10,0;9,2;9,2;9,2;8,4;9,4;8,8;8,8;2024-04-22 11:25:24.000
TEZCY4;2013-05-29;90,67676;;;8,0;8,333333333333334;8,833333333333334;9,333333333333334;6,5;9,166666666666666;8,166666666666666;8,166666666666666;2024-09-16 14:53:34.000
TFCWNX;2021-06-02;3294,752408;;;0,0;8,0;8,0;3,6666666666666665;2,3333333333333335;9,0;2,6666666666666665;5,333333333333333;2023-05-15 12:46:08.537
TFCYOS;2021-08-31;274,750266;1,0;0,500259026782451;9,0;6,666666666666667;8,0;8,666666666666666;6,0;6,0;5,666666666666667;7,666666666666667;2024-04-03 16:45:10.000
TEZMDO;2015-09-16;;;;8,0;7,75;8,0;9,0;7,0;9,0;8,0;8,0;2024-12-02 17:44:44.000
TFBMK9;2015-10-22;258,957613;;;;;;;;;;;
T57248;2008-08-29;336,630157;;;9,0;7,6;7,6;8,8;6,8;8,0;7,2;7,4;2024-12-04 14:18:11.000
TFDVKE;2024-08-30;949,574396;1,0;23356,3288584317;;;;;;;;;
TFDRXA;2024-02-22;33,566299;;;;;;;;;;;
T41068;2013-10-16;4350,142145;1,0;4309,35737242507;7,0;8,0;8,0;9,333333333333334;7,0;9,0;8,0;8,333333333333334;2024-08-28 11:09:59.000
TFEBZH;2022-09-02;165,289365;;;;;;;;;;;
TB6143;2016-09-28;142,209138;;;8,333333333333334;7,666666666666667;7,666666666666667;7,666666666666667;7,333333333333333;8,333333333333334;8,333333333333334;8,333333333333334;2023-02-08 18:25:51.547
TFCQO1;2020-07-24;63,037925;1,0;226,983074723459;;;;;;;;;
TDCEO0;2021-08-10;;;;;;;;;;;;
T45609;2000-10-10;810,084215;;;;;;;;;;;
TFDNZH;2023-06-27;55,860533;;;;;;;;;;;
T10494;2003-06-30;1242,905939;3,0;15462,4726279598;7,0;6,0;6,0;6,333333333333333;3,6666666666666665;8,666666666666666;7,666666666666667;8,0;2024-04-19 14:41:41.000
TEZFCB;2013-11-29;101,381405;;;9,666666666666666;8,0;8,0;9,0;7,0;9,0;8,0;8,0;2021-12-06 10:10:00.000
TEZC33;2013-01-30;133,483304;;;9,0;7,0;7,5;8,5;6,0;7,5;7,5;7,5;2022-08-05 12:31:12.337
TEWGXM;2001-10-16;969,612044;2,0;2824,82820080473;9,5;10,0;10,0;9,0;7,5;9,0;9,0;9,0;2024-10-31 14:20:28.000
TFCQ76;2022-09-01;193,772009;2,0;7825,74533339681;;;;;;;;;
TDCGZP;2021-06-25;;;;;;;;;;;;
TFDQVZ;2023-11-30;31,892402;;;;;;;;;;;
T46391;2012-02-17;562,517065;;;;;;;;;;;
TFDRKQ;2024-01-22;;1,0;1244,08534560481;;;;;;;;;
TDCFLQ;2022-05-18;;;;;;;;;;;;
TFDUQK;2024-06-28;21,362163;1,0;89,1806302030498;;;;;;;;;
TFBSYD;2018-01-26;;;;;;;;;;;;
T57568;2023-01-30;;;;;;;;;;;;
TDCG1N;2022-01-11;;;;;;;;;;;;
TFCF61;2018-01-30;261,931336;1,0;6953,30620226032;9,0;5,0;7,666666666666667;6,0;6,666666666666667;7,0;8,333333333333334;5,333333333333333;2024-09-09 15:32:27.000
TCAYA0;2018-11-27;37,02515;;;7,0;5,0;7,0;9,0;7,0;9,0;5,0;8,0;2023-01-06 13:58:08.900
TFEDEH;2024-12-20;572,02848;2,0;33277,8694478886;;;;;;;;;
TA2821;2011-07-12;204,658973;;;;;;;;;;;
TFECJU;2024-11-11;430,718117;1,0;14556,7305387547;;;;;;;;;
TEXHWR;2011-11-30;802,182688;;;9,714285714285714;8,142857142857142;8,428571428571429;9,0;7,285714285714286;9,285714285714286;8,714285714285714;8,714285714285714;2024-11-18 14:01:43.000
TFCLKN;2019-10-31;1148,788853;;;7,0;8,0;8,0;9,0;7,0;9,0;8,0;8,0;2020-02-20 15:38:00.000
TFDPXN;2023-09-29;586,462095;;;;;;;;;;;
TEZOW5;2016-06-30;337,53272;;;9,166666666666666;8,0;8,0;9,166666666666666;7,5;9,166666666666666;8,333333333333334;8,0;2024-11-05 16:36:42.000
TFEEIF;2025-02-24;;1,0;213,782962588191;;;;;;;;;
TFCRAA;2023-04-24;713,745658;;;;;;;;;;;
TFCVV5;2021-04-28;122,588567;;;8,0;2,0;8,0;6,0;0,0;9,0;5,0;10,0;2022-04-08 00:00:00.000
TFCV77;2021-03-18;351,585838;;;8,0;8,0;8,333333333333334;9,0;7,333333333333333;8,333333333333334;8,0;7,666666666666667;2023-03-03 18:45:12.870
TEXHWC;2011-11-29;237,132837;;;10,0;8,0;8,0;9,0;7,0;9,0;8,0;8,0;2021-09-10 09:35:00.000
TFDSJJ;2024-03-26;32,864355;1,0;80,3651413025221;;;;;;;;;
TB3740;2014-09-10;693,043011;2,0;549,519827419735;8,875;8,125;8,125;8,0;7,125;9,0;8,75;8,0;2025-03-10 17:04:34.000
TFECV4;2024-11-29;;1,0;1523,46529856202;;;;;;;;;
T52846;2010-06-15;556,68819;;;9,0;7,666666666666667;7,666666666666667;9,0;7,333333333333333;9,0;8,666666666666666;8,666666666666666;2023-04-03 19:12:17.687
TFBYGC;2017-01-16;82,668346;;;;;;;;;;;
T84944;2009-09-29;216,309633;;;9,25;7,25;8,0;8,5;8,75;9,0;8,25;8,75;2024-11-28 14:20:36.000
TEZLCP;2015-06-11;1015,929083;;;7,666666666666667;8,666666666666666;9,0;9,666666666666666;8,333333333333334;8,5;9,166666666666666;8,333333333333334;2025-02-10 11:59:28.000
TDCFRZ;2021-03-04;;;;;;;;;;;;
T15878;2006-12-15;339,128541;3,0;17080,1842048533;8,666666666666666;7,666666666666667;8,0;8,666666666666666;7,666666666666667;8,666666666666666;8,0;8,666666666666666;2024-02-05 14:31:59.000
TFDPIV;2023-08-31;;;;;;;;;;;;
TFBLXF;2017-10-31;;;;10,0;8,0;9,0;10,0;9,0;10,0;10,0;9,0;2024-08-27 10:02:39.000
TFCEOW;2019-02-04;426,874875;;;10,0;10,0;9,5;9,75;7,25;9,5;10,0;10,0;2025-03-13 15:37:41.000
T12016;2006-06-19;1161,002978;;;10,0;8,0;8,0;9,5;8,0;9,0;8,0;9,5;2024-11-07 15:02:59.000
TFCBI4;2018-10-15;2537,880993;2,0;0,00840771473583952;;;;;;;;;
TFBTX1;2019-11-12;64,448801;;;9,0;7,666666666666667;8,666666666666666;9,0;7,0;9,0;8,0;8,0;2022-04-13 00:00:00.000
TA2514;2003-11-01;123,718987;1,0;32,2814207282558;7,0;8,0;8,0;9,0;7,0;9,0;8,0;8,0;2021-06-22 17:11:00.000
T10219;2012-11-06;536,892603;5,0;7330,56877017217;7,0;7,5;7,5;9,0;7,0;8,0;7,5;7,5;2022-04-27 00:00:00.000
TEZGDB;2014-03-07;148,384802;;;9,0;8,0;8,0;9,0;7,0;9,0;8,0;8,0;2019-03-13 16:09:00.000
TFDIC4;2023-01-31;784,988226;;;;;;;;;;;
T53698;2008-08-21;145,419808;1,0;3755,07877846485;8,0;8,0;8,0;8,5;6,0;8,5;7,5;7,0;2024-12-06 10:11:21.000
TDC0K3;2019-05-01;26,034138;1,0;19,0350661619407;10,0;8,0;8,0;9,0;7,0;9,0;8,0;8,0;2022-05-26 00:00:00.000
T38088;2012-01-26;183,822717;;;9,6;8,2;8,2;8,8;7,6;8,8;8,8;8,6;2024-10-30 16:08:33.000
TDCC65;2022-07-11;;;;;;;;;;;;
TFCOKC;2020-02-28;111,436307;;;9,5;7,5;8,5;10,0;0,5;8,0;7,0;8,5;2025-01-17 12:02:31.000
TDCD02;2022-03-30;;;;;;;;;;;;
T16451;2007-09-14;2757,191259;;;9,0;9,5;9,0;9,75;8,0;7,5;9,25;10,0;2025-02-06 16:42:42.000
TFDCAX;2022-04-27;23,268029;;;;;;;;;;;
TFDQNG;2023-11-21;;;;;;;;;;;;
TFBYUA;2018-05-17;564,899989;;;8,0;8,666666666666666;8,666666666666666;9,0;5,666666666666667;7,666666666666667;8,0;9,0;2023-05-19 14:32:48.940
TEZOOO;2016-05-25;1182,345166;2,0;31424,9688666895;9,0;8,0;8,0;9,0;7,25;9,0;8,0;8,0;2024-11-14 15:03:45.000
TFCJJG;2016-11-30;;;;3,0;4,0;9,0;5,0;5,0;9,0;5,0;2,0;2024-05-23 15:37:44.000
TA3424;2011-07-12;548,547895;2,0;102,246218902544;;;;;;;;;
TFCMLT;2017-02-08;1040,705959;;;;;;;;;;;
TFDPUJ;2023-09-29;16,886248;;;;;;;;;;;
T44338;2017-09-18;;;;8,0;8,0;8,0;9,0;7,0;9,0;8,0;8,0;2019-08-16 09:02:00.000
TFCDV0;2018-12-28;856,154674;1,0;8468,74213324961;10,0;9,0;10,0;10,0;7,0;9,0;8,0;8,0;2023-11-07 10:32:21.000
TDCE84;2023-11-01;;;;;;;;;;;;
T61949;2004-11-30;664,351419;;;;;;;;;;;
TDCCBG;2018-10-25;;;;;;;;;;;;
TEYTCA;2012-08-07;124,73422;;;9,5;8,0;8,0;9,0;7,0;9,0;8,0;8,0;2021-04-27 15:20:00.000
TDCF6K;2023-04-25;;;;;;;;;;;;
T56076;2020-03-31;2431,808329;;;9,0;8,5;8,5;8,0;7,5;9,0;8,5;8,5;2024-11-04 09:32:08.000
TDCFJQ;2023-05-16;;;;;;;;;;;;
TFDAZX;2022-02-25;19,157301;;;;;;;;;;;
TFDBCW;2022-03-30;1803,932757;;;;;;;;;;;
TFEBWJ;2024-10-15;47,312733;1,0;63,7472931271352;;;;;;;;;
T84973;2010-04-16;301,935775;;;9,0;7,333333333333333;8,333333333333334;9,333333333333334;7,666666666666667;9,0;7,666666666666667;8,666666666666666;2024-11-19 16:42:29.000
T36286;2010-03-31;882,921707;1,0;0,00840771473583952;5,75;6,0;6,5;5,25;4,5;7,75;5,5;5,75;2024-12-17 15:43:11.000
TFEEUL;2025-03-14;;1,0;616,853010881706;;;;;;;;;
TDC8HB;2022-11-30;;1,0;2348,3503951526;;;;;;;;;
TDCFEN;2019-07-05;;;;;;;;;;;;
TFCWQY;2021-06-15;1363,309542;;;8,0;8,5;8,5;9,0;7,5;8,5;8,0;8,5;2023-03-17 14:48:29.653
TB2397;2011-03-21;322,400277;;;9,333333333333334;8,0;8,0;9,333333333333334;7,333333333333333;9,333333333333334;8,666666666666666;8,333333333333334;2024-11-06 09:42:03.000
TFDOK2;2023-07-20;;;;;;;;;;;;
TFBODY;2011-08-11;54,236416;;;7,0;7,0;7,0;9,0;8,0;9,0;8,0;8,0;2022-08-18 13:00:51.423
TFCTM2;2020-12-21;7639,15348;3,0;12141,3706571575;8,0;6,0;7,0;9,0;7,0;9,0;8,0;8,0;2024-07-11 10:47:53.000
TFDTNT;2024-04-25;506,107283;4,0;13261,0722709603;;;;;;;;;
TDCGM3;2021-12-09;712,958514;1,0;14657,6567464437;;;;;;;;;
T04411;1999-01-29;1439,537454;3,0;561,446170772523;8,8;7,4;7,8;9,0;6,4;8,6;7,6;7,8;2024-10-31 11:14:10.000
TFCIZN;2019-08-02;671,537102;;;9,428571428571429;7,714285714285714;8,285714285714286;9,142857142857142;7,142857142857143;9,285714285714286;7,714285714285714;8,285714285714286;2024-11-05 16:07:12.000
TEZNWF;2020-10-30;363,723644;;;8,0;9,0;9,0;8,0;7,0;8,0;4,0;9,0;2024-09-24 09:23:57.000
TDCH3Y;2021-11-11;;;;;;;;;;;;
TF1244;2016-10-28;1177,770743;;;8,0;6,5;7,0;5,0;5,5;8,5;8,0;7,5;2025-03-21 16:17:05.000
TDCE1D;2020-06-23;;;;;;;;;;;;
TCBOQQ;2007-08-02;28,199899;;;;;;;;;;;
TDC04H;2015-06-01;259,371806;4,0;21038,0444511745;5,0;3,0;5,5;8,5;2,5;9,0;3,5;5,5;2024-10-25 15:33:16.000
TFBO84;2014-01-30;726,774422;;;7,0;8,0;8,0;9,0;7,0;9,0;8,0;8,0;2019-05-31 16:44:00.000
T51729;2010-05-13;1028,374213;1,0;15218,2495341705;;;;;;;;;
TEZLBN;2011-02-12;329,932827;1,0;27327,3892168882;8,666666666666666;8,5;8,5;8,833333333333334;7,833333333333333;9,0;8,333333333333334;8,666666666666666;2024-12-13 14:45:27.000
TFDRVW;2024-02-22;34,544905;;;;;;;;;;;
T17812;2022-06-30;116,951311;1,0;234,533202556243;;;;;;;;;
TFCDYY;2014-05-28;2919,991278;1,0;1679,12152532398;8,5;8,0;8,0;9,0;7,0;9,0;8,0;8,0;2022-09-08 18:34:50.820
TDCE3V;2022-09-14;;;;;;;;;;;;
T17816;2011-01-12;2694,814041;3,0;47540,1281857352;10,0;9,0;9,0;9,0;8,0;10,0;10,0;8,0;2024-08-20 09:17:37.000
TC3530;2011-09-14;222,474275;;;;;;;;;;;
T36739;2009-08-12;925,499817;;;8,666666666666666;8,0;8,0;9,0;7,333333333333333;9,0;8,333333333333334;8,0;2023-03-14 18:44:17.150
T02250;2005-09-06;768,28733;6,0;73511,3740350193;9,0;8,0;8,0;9,0;7,0;9,0;8,0;8,0;2019-03-22 11:47:00.000
TDCFIL;2022-07-11;;;;;;;;;;;;
TEZLTS;2016-11-29;676,809564;;;;;;;;;;;
TDCFUJ;2021-11-30;;;;;;;;;;;;
TCBIFX;2010-12-15;49,079711;;;9,0;10,0;10,0;9,0;10,0;10,0;10,0;10,0;2022-12-02 14:33:36.423
TFDHEF;2022-12-12;44,695626;;;;;;;;;;;
TFBXI9;2011-07-12;;;;;;;;;;;;
TFCZD5;2021-09-29;2364,958033;;;7,0;7,5;7,0;1,5;2,5;8,0;6,5;4,0;2024-10-24 16:19:21.000
TA2995;2013-01-18;74,365913;;;;;;;;;;;
T16732;2007-08-30;1201,63724;;;6,0;7,0;7,0;7,0;7,0;8,333333333333334;7,666666666666667;7,0;2024-02-01 17:25:32.000
T58657;2010-05-05;16,384695;;;8,0;8,0;8,0;9,0;7,0;9,0;8,0;8,0;2021-05-12 17:15:00.000
TFDTY8;2024-05-23;26,131856;1,0;300,226881644725;;;;;;;;;
TDC1KC;2018-08-01;1008,262813;5,0;23824,7815003685;9,0;7,666666666666667;8,0;8,666666666666666;7,333333333333333;8,333333333333334;8,333333333333334;8,0;2024-02-19 16:52:37.000
TFDQR3;2023-11-27;35,610875;;;;;;;;;;;
TFBW81;2018-03-28;509,54567;;;;;;;;;;;
TDCC2O;2021-01-27;;;;;;;;;;;;
TDCDAV;2012-05-28;;;;;;;;;;;;
T17975;2020-06-26;;;;;;;;;;;;
T14475;2010-05-20;872,557264;4,0;13116,245180778;8,571428571428571;7,857142857142857;7,857142857142857;8,857142857142858;7,285714285714286;8,714285714285714;7,714285714285714;8,428571428571429;2024-11-26 17:22:07.000
TFCWPM;2021-06-16;;;;;;;;;;;;
TDCE4R;2022-03-08;;;;;;;;;;;;
TFEBOH;2024-09-30;556,554141;1,0;5923,53770912943;;;;;;;;;
T05251;2010-06-14;103,347551;;;9,4;8,6;8,6;9,2;7,6;9,2;8,4;8,4;2024-09-05 15:56:23.000
TAAFTK;2010-10-19;1111,854769;2,0;0,00840771473583952;10,0;8,0;8,0;9,0;7,0;9,0;8,0;8,0;2019-10-16 15:17:00.000
T12368;2003-05-30;1590,583584;2,0;0,00840771473583952;;;;;;;;;
TDCFHV;2021-01-21;;;;;;;;;;;;
TFDOYB;2019-01-07;943,514313;;;;;;;;;;;
TFDFBM;2022-09-05;416,812047;;;10,0;8,0;8,0;9,0;7,0;9,0;8,0;8,0;2024-10-10 10:21:55.000
TFCXB4;2021-06-25;1405,753538;1,0;8482,02211867487;10,0;7,0;8,0;10,0;6,0;8,0;5,0;10,0;2024-10-22 14:55:15.000
T40339;2006-09-26;1889,051401;6,0;730571,703676311;9,0;8,0;8,333333333333334;9,333333333333334;8,0;9,666666666666666;7,0;8,0;2024-11-12 17:26:04.000
TFDTZU;2024-05-22;1334,237066;1,0;19123,3009242359;;;;;;;;;
TFCBWV;2018-10-31;389,818519;;;10,0;8,0;8,0;10,0;7,0;8,0;8,0;8,0;2022-05-20 00:00:00.000
TB6275;2016-12-01;53,964356;1,0;107,147916593539;8,333333333333334;8,333333333333334;8,666666666666666;9,0;7,333333333333333;9,0;8,333333333333334;8,333333333333334;2023-07-11 15:30:58.000
TFCUA3;2019-07-10;1058,995351;;;7,0;5,0;5,0;8,0;8,0;8,0;5,0;7,0;2024-02-14 16:13:33.000
TFEEFA;2025-02-20;;2,0;559,201310938054;;;;;;;;;
TEYT36;2012-07-27;526,105571;1,0;3017,24716024915;9,0;8,333333333333334;8,333333333333334;9,666666666666666;7,666666666666667;9,0;8,333333333333334;9,0;2024-09-24 13:41:24.000
TDCFFQ;2018-03-02;;;;;;;;;;;;
TDCEIC;2021-07-20;;;;;;;;;;;;
TDC0G4;2017-07-01;598,932613;;;;;;;;;;;
TFCHUL;2019-06-24;49,247649;;;9,5;7,0;8,5;9,5;7,5;9,5;8,0;7,5;2023-03-03 18:00:54.663
TFDEDN;2022-07-29;1029,948658;;;;;;;;;;;
TDCD5F;2022-09-15;;;;;;;;;;;;
TAA519;2010-02-11;232,268631;;;8,5;7,5;7,5;9,0;7,5;9,0;8,0;8,0;2024-10-14 15:18:44.000
T79375;2007-10-26;940,334358;1,0;1370,58361766288;6,666666666666667;6,666666666666667;6,666666666666667;7,333333333333333;5,666666666666667;8,333333333333334;8,0;8,0;2023-09-06 15:10:20.000
TEZKPO;2015-04-30;192,15525;;;;;;;;;;;
T24288;1992-09-04;2775,035773;;;10,0;10,0;10,0;10,0;8,0;10,0;8,0;8,0;2024-11-29 11:14:07.000
TFDEIM;2022-09-20;464,743222;;;;;;;;;;;
TDCGWR;2023-06-14;;;;;;;;;;;;
T60617;2001-10-23;4257,269886;7,0;184529,601341335;10,0;8,0;8,0;9,0;7,0;9,0;8,0;8,0;2019-09-16 17:24:00.000
TB2776;2011-09-05;355,257758;;;8,0;8,5;8,5;9,0;7,5;9,0;8,0;7,5;2022-07-28 14:09:29.997
TFDHXT;2023-01-12;47,9022;;;;;;;;;;;
TDCFIB;2021-05-19;;;;;;;;;;;;
TDCC7X;2018-05-24;;;;;;;;;;;;
TFCVSW;2021-04-27;619,242835;1,0;7719,97628201995;0,0;5,0;7,0;2,0;0,0;9,0;0,0;8,0;2022-12-19 19:26:20.137
TFDP31;2023-08-22;272,318659;;;7,0;10,0;10,0;10,0;8,0;10,0;10,0;10,0;2024-09-17 16:58:08.000
T37962;2012-12-12;;;;7,333333333333333;8,0;8,0;9,0;7,0;9,0;8,0;8,0;2024-11-21 12:00:18.000
TFCSL0;2020-11-09;131,397382;;;10,0;9,0;8,0;9,5;7,0;9,0;10,0;9,0;2025-03-25 10:00:46.000
TFCRE2;2020-08-24;5983,510238;;;0,0;0,0;0,0;9,0;0,0;9,0;8,0;8,0;2023-10-18 15:45:15.000
T43391;2000-01-01;115,569443;;;7,333333333333333;7,666666666666667;8,666666666666666;8,666666666666666;6,333333333333333;7,666666666666667;7,0;8,0;2022-11-16 15:48:21.970
TFBQY8;2018-02-27;129,104663;;;;;;;;;;;
TDCA5P;2021-07-29;;1,0;339,680083042652;;;;;;;;;
TFDSEC;2024-03-12;;1,0;1630,7519424487;;;;;;;;;
TDCDQJ;2020-07-19;;;;;;;;;;;;
TFBSZN;2018-01-30;76,358514;;;;;;;;;;;
T03120;2002-05-27;4632,679396;5,0;127205,125451345;7,0;7,0;8,0;8,0;8,0;7,0;5,0;8,0;2022-10-19 14:36:02.313
TDCCTQ;2023-04-25;;;;;;;;;;;;
T76764;2015-09-02;999,808004;;;;;;;;;;;
TEZSNS;2016-08-22;134,156891;;;9,0;8,2;8,4;9,2;7,6;9,2;8,4;8,4;2024-11-11 10:42:41.000
TFEC43;2024-10-30;72,288129;1,0;239,291969096729;;;;;;;;;
TFDSSE;2024-04-09;972,787101;6,0;32525,6270066157;;;;;;;;;
TFCZNY;2021-10-20;71,951042;;;;;;;;;;;
TFEEL4;2025-02-26;;2,0;53330,9669331889;;;;;;;;;
T11336;2016-05-23;;;;;;;;;;;;
TEXPSQ;2007-08-09;458,061647;;;8,166666666666666;6,333333333333333;6,5;8,166666666666666;7,166666666666667;8,166666666666666;8,0;7,5;2024-07-02 10:13:07.000
TDCGUM;2021-07-19;;;;;;;;;;;;
TEVNZF;2010-08-04;841,303595;8,0;15454,796384406;8,142857142857142;8,0;7,857142857142857;8,714285714285714;6,285714285714286;8,714285714285714;7,285714285714286;7,142857142857143;2023-06-26 14:56:46.000
TA2872;2011-08-01;89,229157;;;7,5;6,5;6,5;8,5;5,0;7,0;8,0;7,5;2022-05-23 00:00:00.000
TB2715;2014-05-10;259,980144;;;7,142857142857143;8,428571428571429;8,714285714285714;9,142857142857142;8,142857142857142;9,0;8,428571428571429;8,428571428571429;2025-01-14 14:00:01.000
TFDHLF;2022-12-21;141,129635;;;;;;;;;;;
TFCZRV;2020-08-19;93,874236;;;;;;;;;;;
TFDD98;2022-06-09;762,073532;3,0;5524,71776063488;8,0;8,0;8,0;7,0;7,0;7,0;4,0;6,0;2024-10-16 16:00:35.000
TDC1NX;2023-01-13;19,464219;1,0;407,774164688217;;;;;;;;;
T06961;2006-09-19;746,270349;5,0;1124,12827561122;10,0;8,0;8,0;9,0;7,0;9,0;8,0;8,0;2022-02-17 15:26:00.000
TFDUXW;2024-05-17;740,97657;4,0;4539,78340633286;;;;;;;;;
TFEBXN;2024-10-18;;1,0;2980,01779939886;;;;;;;;;
TFBX17;2018-04-30;55,787079;1,0;162,222651970656;8,0;8,0;8,0;9,0;7,0;9,0;8,0;8,0;2021-07-21 16:04:00.000
TEZEFA;2013-09-27;753,104067;;;9,2;8,6;8,6;9,6;7,8;9,2;9,0;9,2;2024-12-20 08:31:00.000
TFCG32;2019-04-08;44,366838;;;;;;;;;;;
TFDQK8;2012-01-24;836,733815;1,0;6601,4475444228;;;;;;;;;
TFD167;2021-11-16;229,977837;;;;;;;;;;;
TFEBRF;2024-10-03;849,321068;1,0;4542,56635991042;;;;;;;;;
TAAKAL;2011-01-04;257,411989;;;10,0;7,666666666666667;8,666666666666666;10,0;7,0;10,0;8,666666666666666;9,333333333333334;2024-08-02 16:37:15.000
T02382;2012-04-26;1179,374031;5,0;27458,2090543205;8,8;7,8;8,2;9,0;7,2;9,2;8,0;8,2;2024-11-27 09:41:24.000
TFDRLJ;2024-01-24;67,233467;;;;;;;;;;;
TFBLVF;2020-10-28;17,912168;;;;;;;;;;;
TB6173;2018-10-31;181,591504;;;7,5;5,0;6,0;8,0;6,5;7,5;6,0;6,5;2022-11-22 12:53:27.107
TFCUHA;2021-02-09;21,863709;1,0;63,7472931271352;;;;;;;;;
TEZKS3;2010-01-13;2245,243098;1,0;9899,49556141952;8,666666666666666;7,666666666666667;8,0;8,0;7,333333333333333;8,333333333333334;8,0;8,0;2024-03-08 15:21:28.000
TDCGGZ;2018-06-18;;;;;;;;;;;;
TEZJMJ;2015-01-22;45,501015;;;9,0;7,8;7,8;9,6;8,0;8,6;9,2;9,2;2024-06-20 10:45:15.000
TFEDH1;2024-12-27;549,093398;1,0;12823,0009062214;;;;;;;;;
T51925;2008-01-14;122,036872;1,0;342,547113767574;;;;;;;;;
TFDIR5;2023-02-28;761,725237;;;8,0;8,0;8,0;9,0;7,0;9,0;9,0;8,0;2024-07-19 10:00:33.000
TFCGLX;2019-04-29;832,930362;;;8,333333333333334;8,166666666666666;8,333333333333334;9,0;7,166666666666667;9,166666666666666;8,0;8,166666666666666;2024-10-21 10:16:42.000
TC1076;2012-01-11;263,167777;;;8,0;7,0;10,0;9,0;5,0;5,0;8,0;8,0;2022-10-26 18:16:03.883
TDCDET;2021-12-20;;;;;;;;;;;;
TFEDZX;2025-01-31;;1,0;213,913282166597;;;;;;;;;
TEZMBW;2015-09-11;420,048226;;;7,0;8,0;8,0;9,0;7,0;9,0;8,0;8,0;2021-08-19 11:51:00.000
TFDIAR;2023-01-25;47,9022;;;;;;;;;;;
T50725;2016-11-29;1249,698658;;;8,333333333333334;7,666666666666667;7,666666666666667;7,333333333333333;6,666666666666667;9,0;7,0;7,333333333333333;2024-10-28 15:47:13.000
TFDADK;2022-01-11;1023,392236;2,0;10856,1547710649;6,5;6,0;6,5;9,0;6,0;9,0;6,5;7,0;2024-11-25 09:01:55.000
TDCERZ;2023-01-10;;;;;;;;;;;;
T45308;2004-04-22;;;;;;;;;;;;
TDCDB2;2020-11-26;;;;;;;;;;;;
TFCINL;2019-07-22;478,310086;;;;;;;;;;;
TFBSWH;2020-05-27;1423,057043;3,0;19367,4231254484;7,25;6,25;6,25;9,75;7,25;9,75;7,25;8,25;2024-12-06 10:06:51.000
TFDVDW;2024-08-12;;1,0;1689,64798417325;;;;;;;;;
TFCFT0;2019-03-28;1168,706988;3,0;13257,9572126506;9,666666666666666;7,333333333333333;9,333333333333334;9,0;8,666666666666666;9,666666666666666;8,0;7,0;2023-05-05 12:12:05.223
T10731;2016-05-23;1569,093966;;;;;;;;;;;
TFBKZ2;2017-02-10;192,117682;1,0;200,868712753942;9,0;9,0;9,0;9,0;7,0;9,5;8,0;8,0;2023-04-27 17:35:39.537
T54430;2009-03-17;291,146837;;;10,0;7,0;7,0;7,0;7,0;10,0;7,0;8,0;2022-04-06 00:00:00.000
TFDNXB;2023-06-22;389,554046;;;8,0;8,0;8,0;8,0;7,0;8,0;8,0;8,0;2024-05-08 11:16:41.000
TFBND6;2016-03-17;152,191197;;;10,0;8,0;10,0;10,0;7,0;8,5;8,0;8,0;2022-11-23 19:37:48.673
TFBYFG;2008-04-30;177,90983;1,0;729,159060465682;10,0;9,0;10,0;10,0;9,0;9,0;9,0;9,0;2023-06-20 14:29:00.000
TFCWH9;2022-07-15;;;;;;;;;;;;
T06425;2000-06-30;583,00953;;;10,0;4,0;5,0;9,0;0,0;2,0;8,0;9,0;2024-10-30 13:29:05.000
TFCTWR;2014-11-18;;;;;;;;;;;;
T26955;2016-04-27;192,685362;;;9,5;8,25;8,25;9,0;7,25;9,0;8,25;8,5;2022-03-17 00:00:00.000
TEZG13;2014-02-25;526,401821;1,0;7244,49899442139;8,0;6,5;8,5;9,5;5,5;9,5;9,0;8,5;2023-05-09 13:46:23.897
TEZHBP;2014-05-30;75,08569;;;8,857142857142858;8,0;7,857142857142857;9,142857142857142;7,428571428571429;9,142857142857142;8,0;8,285714285714286;2025-02-11 16:34:23.000
TFCYQ5;2021-09-02;164,646134;1,0;96,6466808884753;8,5;9,0;9,0;9,5;8,0;8,0;8,5;8,0;2024-07-24 10:31:19.000
TFDPSO;2018-02-28;1356,929653;1,0;2159,9251002077;;;;;;;;;
TAA670;2011-09-02;634,982792;3,0;4662,24177146036;7,0;7,666666666666667;8,666666666666666;8,333333333333334;5,666666666666667;8,0;7,333333333333333;8,333333333333334;2025-02-10 16:55:03.000
T84433;2009-11-04;118,680298;;;9,0;8,0;8,0;9,0;7,0;9,0;8,0;8,0;2019-08-08 15:46:00.000
TFCFCE;2016-04-28;5303,439019;2,0;0,00840771473583952;6,0;5,0;5,0;7,0;1,0;10,0;5,0;7,0;2023-08-31 10:00:54.000
TA3094;2007-07-28;249,238318;;;9,0;8,0;8,0;8,0;9,0;9,0;8,0;8,0;2024-02-06 15:54:33.000
TFCY03;2021-08-03;62,058096;;;;;;;;;;;
T76341;2009-11-17;312,330001;;;10,0;8,0;8,5;9,0;7,0;9,0;8,0;8,0;2024-12-03 10:39:35.000
TA2641;2004-08-02;51,029456;;;9,0;8,0;8,0;9,0;7,0;9,0;8,0;8,0;2022-01-07 11:32:00.000
T43739;2023-10-31;575,771363;1,0;13854,0810028511;;;;;;;;;
TFDO88;2023-06-30;33,517839;;;;;;;;;;;
T53393;2000-11-01;238,449996;;;;;;;;;;;
TEWEPY;2011-04-27;289,628694;1,0;2491,27313794714;4,166666666666667;7,0;8,166666666666666;9,0;7,5;9,166666666666666;8,166666666666666;6,5;2024-04-22 09:55:36.000
TEVNVG;2011-01-10;;;;;;;;;;;;
TDCDUJ;2019-09-26;;;;;;;;;;;;
TA4208;2010-05-24;478,114507;1,0;1429,07188522275;;;;;;;;;
TDCG71;2021-07-05;;;;;;;;;;;;
T05690;1999-12-03;898,472459;3,0;6371,36202296182;7,5;8,0;7,5;9,0;6,5;9,0;8,0;7,0;2023-10-26 17:55:10.000
TFCSBP;2015-04-08;320,190539;;;7,0;8,0;8,0;9,0;7,0;9,0;8,0;8,0;2021-11-17 14:38:00.000
TB4458;2015-02-02;734,450746;;;10,0;5,0;9,0;9,0;7,0;9,0;9,0;10,0;2022-04-14 00:00:00.000
TFCGAM;2022-06-21;269,770014;;;;;;;;;;;
TFDNXC;2023-06-22;949,998224;3,0;2787,64508238548;8,0;9,0;9,0;8,0;7,0;9,0;8,0;9,0;2024-08-12 15:22:56.000
TEZJ40;2014-11-27;;1,0;3396,62847227444;8,5;8,0;8,0;9,0;7,0;9,0;8,0;8,0;2021-10-25 09:32:00.000
TB4187;2014-06-10;57,81468;;;7,5;6,0;7,0;9,0;7,5;8,5;8,5;7,5;2024-06-20 10:23:01.000
TDC08L;2014-10-01;598,932613;;;;;;;;;;;
TFDRED;2023-12-28;240,417084;1,0;2075,50323654514;;;;;;;;;
TEZCPC;2012-09-04;;;;10,0;8,2;8,4;8,8;6,8;9,2;8,4;8,0;2023-01-26 12:10:04.307
TFBW68;2018-03-28;732,539608;;;;;;;;;;;
TEZDTW;2013-08-27;89,245905;2,0;12734,7997747851;9,5;8,25;8,5;9,25;6,5;9,25;8,0;8,25;2023-02-17 18:30:20.513
TFCCIT;2018-11-22;249,169255;;;9,6;9,2;9,0;9,0;7,8;9,4;9,0;9,4;2025-02-03 14:08:54.000
TFDPAW;2023-08-28;55,76255;;;;;;;;;;;
T04488;1999-03-04;47,619355;;;;;;;;;;;
T52097;2009-11-12;340,293371;;;6,75;7,75;7,75;9,0;7,0;9,0;7,75;7,75;2022-11-22 12:08:38.913
T56241;1988-04-05;482,361893;1,0;464,252988426219;9,0;9,0;9,0;9,0;7,0;8,0;4,0;9,0;2023-09-05 13:49:48.000
TFCBWY;2018-10-31;82,544771;;;7,666666666666667;8,0;8,0;9,0;6,333333333333333;9,0;8,0;8,0;2024-05-16 14:32:51.000
TFCND2;2020-01-14;;;;10,0;6,5;8,0;9,5;8,0;9,5;8,0;8,5;2024-12-19 11:11:19.000
T16236;2007-03-26;120,269488;2,0;0,00840771473583952;8,25;8,0;8,0;8,25;7,5;8,25;7,75;7,25;2024-11-21 10:10:16.000
T75152;2013-01-11;;;;;;;;;;;;
TEWDR7;2011-04-04;249,331981;;;9,0;7,0;7,5;6,5;6,0;9,0;8,0;6,5;2023-02-06 18:12:36.773
TFDTQD;2024-04-30;21,470054;1,0;246,825281500041;;;;;;;;;
T43237;2009-12-11;340,323298;;;9,5;9,0;9,0;9,5;8,0;9,5;8,0;9,0;2023-06-05 15:22:21.000
TDCFSX;2017-07-25;;;;;;;;;;;;
TFDGV0;2022-11-24;;;;;;;;;;;;
TFDIF2;2023-01-31;764,062186;;;;;;;;;;;
T22520;2010-08-31;3351,018912;;;5,8;7,0;7,0;9,2;7,0;9,2;8,8;8,6;2024-11-01 10:16:05.000
TDCGLC;2023-06-22;;;;;;;;;;;;
TDCGRO;2018-04-03;;;;;;;;;;;;
TB5304;2016-01-20;90,573635;;;7,0;7,0;7,5;8,5;6,5;7,5;7,5;8,0;2024-08-08 14:51:36.000
TFCSK0;2013-03-14;166,164518;;;10,0;7,75;7,75;9,0;7,5;8,5;9,0;8,25;2023-03-09 12:27:26.137
T02894;1997-07-24;;;;9,5;8,0;8,0;9,0;5,0;9,5;8,5;9,0;2024-03-25 16:17:10.000
TFDO92;2023-06-30;213,873143;;;10,0;7,0;9,0;10,0;7,0;10,0;6,5;9,0;2025-02-03 17:28:42.000
TEZGZU;2014-05-22;33,197561;;;;;;;;;;;
TFEDRB;2025-01-13;60,106752;1,0;60,1067526465167;;;;;;;;;
T57410;2010-05-11;165,313223;1,0;15159,3871233049;7,666666666666667;7,333333333333333;7,333333333333333;8,333333333333334;7,333333333333333;8,333333333333334;8,0;8,0;2024-02-23 15:02:22.000
TFCUV8;2021-03-04;76,814319;;;;;;;;;;;
TFDC28;2005-10-13;964,456163;1,0;261,652286436694;;;;;;;;;
T24551;2014-12-17;;;;9,333333333333334;8,333333333333334;8,666666666666666;9,0;7,0;9,0;8,0;8,666666666666666;2022-04-28 00:00:00.000
TFCSL3;2020-11-09;;;;;;;;;;;;
TFBY32;2017-03-02;85,711006;2,0;418,62011669745;;;;;;;;;
TEZFD5;2013-11-29;204,16739;;;7,0;7,0;7,666666666666667;9,0;5,666666666666667;9,0;8,0;6,0;2025-02-26 15:12:14.000
TFDCXU;2022-02-25;;;;;;;;;;;;
TFCWXS;2020-11-16;259,609211;1,0;0,00420385736791976;10,0;8,5;9,0;9,5;7,0;9,5;9,0;10,0;2024-11-04 15:53:06.000
TDCH44;2022-08-31;;;;;;;;;;;;
TAAJWZ;2011-08-22;336,333659;2,0;0,00840771473583952;8,285714285714286;7,571428571428571;8,285714285714286;8,857142857142858;6,142857142857143;9,142857142857142;8,285714285714286;8,142857142857142;2024-12-02 09:58:34.000
TDCG7V;2020-08-05;;;;;;;;;;;;
TFCZ56;2021-09-24;355,541937;;;10,0;9,0;9,333333333333334;9,666666666666666;6,666666666666667;8,666666666666666;10,0;10,0;2025-01-28 10:27:22.000
TFDUDM;2024-06-04;41,807436;1,0;308,104910352207;;;;;;;;;
T58144;2011-07-12;114,350741;;;10,0;10,0;8,0;9,0;8,0;9,0;8,0;10,0;2022-04-29 00:00:00.000
TFC527;2018-07-31;552,854547;;;7,6;7,6;8,0;7,8;6,8;8,2;7,4;5,8;2024-10-25 14:47:32.000
TEZVOX;2016-10-20;326,487788;1,0;30194,3484762342;8,333333333333334;7,666666666666667;7,666666666666667;8,666666666666666;7,666666666666667;9,0;9,0;8,333333333333334;2024-11-29 16:00:59.000
TFBNLY;2016-09-15;;;;9,0;8,0;8,0;9,0;7,0;9,0;8,0;8,0;2023-11-27 16:07:16.000
T01526;1995-03-06;188,544604;;;8,8;7,8;7,8;8,4;6,6;8,8;9,2;8,4;2025-02-20 14:06:23.000
TB4598;2015-05-20;231,298754;;;9,0;8,0;10,0;10,0;7,0;9,0;8,0;9,5;2023-02-13 20:24:47.097
TFDOGP;2023-07-13;25,856471;;;;;;;;;;;
T10661;2014-03-12;151,048836;1,0;373,55476571335;10,0;8,5;8,5;9,5;8,0;9,5;9,25;9,5;2024-12-18 10:18:01.000
TFDOAQ;2023-06-30;165,766278;4,0;7432,57116534738;;;;;;;;;
TFDVOX;2024-09-06;;1,0;1068,30104976524;;;;;;;;;
TFDPZ6;2023-10-06;689,091805;7,0;24215,3871115661;8,0;9,0;9,0;9,0;8,0;7,0;9,0;10,0;2024-09-10 09:25:43.000
TFDU76;2024-05-28;;1,0;641,739846499791;;;;;;;;;
T12195;2007-12-18;;;;7,0;8,0;8,0;9,0;7,0;9,0;8,0;8,0;2021-05-12 16:56:00.000
TDC0J5;2017-10-01;123,836742;2,0;1803,94245829226;8,0;6,5;7,5;8,5;7,0;7,5;8,0;7,5;2023-02-28 17:31:29.063
T05077;1999-07-30;361,64621;;;8,5;7,25;7,75;8,75;7,0;9,0;8,0;7,5;2024-10-28 10:39:30.000
TDCEOU;2023-08-09;;;;;;;;;;;;
TCAZKM;2019-02-05;137,663016;;;;;;;;;;;
TFBMX4;2019-08-28;405,426628;;;10,0;10,0;10,0;9,0;8,0;10,0;8,0;10,0;2023-12-28 16:56:02.000
T78646;2007-09-21;521,414238;1,0;2892,56915843139;;;;;;;;;
TB6240;2016-10-25;67,780894;;;10,0;9,0;9,0;10,0;8,0;8,0;8,0;8,0;2024-03-06 11:42:25.000
TDCC19;2021-10-02;;;;;;;;;;;;
TFCVXO;2021-04-30;292,28419;1,0;3094,08946907736;4,0;3,5;4,0;3,5;4,5;4,0;2,0;1,0;2023-07-13 14:42:52.000
TDCENE;2018-01-31;;;;;;;;;;;;
T02282;1996-07-31;127,522171;;;9,857142857142858;8,142857142857142;8,285714285714286;9,428571428571429;7,857142857142857;9,285714285714286;8,142857142857142;8,571428571428571;2024-04-18 14:24:04.000
TDCE5U;2021-10-25;;;;;;;;;;;;
TB1918;2020-04-08;517,684326;;;7,0;7,25;7,75;7,0;5,75;8,0;7,25;5,75;2025-03-07 10:22:31.000
T55053;2001-08-16;455,071163;;;8,75;8,125;8,25;9,0;7,125;8,875;8,375;7,75;2025-03-17 16:43:39.000
T60309;2004-07-19;761,33525;3,0;2162,86780036525;9,0;7,0;8,0;9,0;9,0;9,0;8,0;8,0;2024-11-08 11:51:29.000
T53407;2009-02-09;1103,704567;2,0;12950,407211471;;;;;;;;;
T54556;2008-09-12;681,461694;;;8,5;8,5;9,0;9,5;6,5;9,25;7,75;6,5;2024-10-03 10:24:15.000
TFCGWX;2008-11-12;682,954409;2,0;92373,2160502575;10,0;7,0;8,0;5,0;7,0;7,0;8,0;9,0;2025-02-03 11:30:02.000
TFDPXW;2023-09-29;315,646462;3,0;3131,83170052654;;;;;;;;;
TFDF16;2019-12-12;1515,650009;;;8,0;8,0;9,0;4,0;5,0;6,0;7,0;7,0;2024-11-26 11:34:44.000
TFECRT;2024-11-26;147,840444;3,0;5803,51758127532;;;;;;;;;
TDC89U;2022-02-17;;;;;;;;;;;;
TEXPXZ;2015-11-30;196,683632;;;;;;;;;;;
TFCN22;2020-01-07;359,261289;;;6,0;8,5;6,0;4,5;5,5;7,5;8,0;8,0;2024-09-30 14:24:03.000
TDCA65;2022-06-21;;;;;;;;;;;;
TDCC6W;2022-01-14;;;;;;;;;;;;
TEZIK3;2017-11-30;676,626982;;;8,333333333333334;8,0;8,0;9,333333333333334;7,0;9,333333333333334;8,0;8,666666666666666;2025-02-28 11:05:06.000
TFCZE9;2021-09-30;36,60913;;;;;;;;;;;
TFDN30;2023-05-11;55,610888;;;;;;;;;;;
TFEBXP;2024-10-18;200,769922;1,0;3260,71355971223;;;;;;;;;
TB1398;2007-03-20;364,916029;;;8,0;8,0;8,0;9,0;7,0;9,0;8,0;8,0;2024-01-29 14:24:13.000
TFDDMG;2022-06-30;18,680689;;;;;;;;;;;
TB1925;2010-05-25;497,71269;1,0;3045,55593576472;7,8;7,6;7,6;7,8;6,0;8,4;8,0;8,0;2024-04-23 09:53:57.000
TEWOYT;2011-06-30;30,461797;;;;;;;;;;;
TDCCTK;2022-07-14;;;;;;;;;;;;
TEYIZG;2012-06-21;;;;;;;;;;;;
TDCDIS;2022-12-08;;;;;;;;;;;;
TDCDOK;2021-02-16;;;;;;;;;;;;
TFBZBR;2018-05-30;282,644152;1,0;9479,53861807908;7,5;7,5;7,5;8,0;8,0;9,0;7,5;8,5;2022-05-13 00:00:00.000
T57320;2008-09-08;606,66356;3,0;479,344836377051;8,25;8,5;8,25;9,25;7,25;8,75;8,25;8,0;2025-01-16 17:18:10.000
TFDFPF;2022-09-29;39,265482;;;;;;;;;;;
T09736;2002-11-07;1260,133409;;;10,0;8,0;8,666666666666666;9,0;8,0;9,0;8,0;8,666666666666666;2023-10-09 10:54:22.000
TFBX16;2018-04-27;73,30363;;;;;;;;;;;
TFDIT8;2023-03-01;963,888042;;;8,0;9,0;9,0;10,0;7,0;7,0;9,0;7,0;2024-05-03 09:53:22.000
T29119;2009-11-27;493,453087;2,0;5032,81179844249;6,8;7,6;7,8;7,8;6,2;8,6;7,4;7,4;2024-02-08 10:19:22.000
TFDQZV;2023-12-08;30,717909;;;;;;;;;;;
TDCEF4;2022-01-19;;;;;;;;;;;;
T00686;1994-03-01;2981,30592;3,0;0,260639156811025;8,0;8,0;8,333333333333334;9,0;7,666666666666667;8,333333333333334;8,0;8,0;2023-02-09 16:58:05.573
TFCAJ0;2018-08-31;89,763996;;;;;;;;;;;
TDCC8T;2024-03-11;;1,0;138,756720142928;;;;;;;;;
TFBSJP;2014-05-20;435,64144;3,0;6180,64982960877;8,5;5,5;5,5;8,5;6,0;5,0;9,5;8,5;2022-11-09 11:08:30.447
TFDSP6;2024-04-05;36,334023;1,0;189,846198735256;;;;;;;;;
TA3900;2003-10-23;223,62826;;;8,0;7,75;8,0;8,75;7,75;8,75;8,0;8,25;2024-09-16 10:44:29.000
T25084;1993-03-05;2762,627998;;;5,0;7,5;7,5;8,5;6,5;8,5;8,0;8,0;2024-08-08 13:46:40.000
T49424;2003-03-17;277,293087;;;2,5;8,0;8,0;9,0;7,0;9,0;8,0;8,0;2021-11-19 10:40:00.000
TDCD7Z;2021-09-27;;;;;;;;;;;;
TFEEAH;2025-02-05;;1,0;1683,43468298347;;;;;;;;;
TFDNMJ;2023-05-31;;;;;;;;;;;;
TFC440;2018-07-30;1830,884131;2,0;3020,67330400401;9,0;8,0;8,0;9,0;7,0;9,0;8,0;8,0;2021-09-30 10:37:00.000
TFCUWW;2023-05-10;37,805289;;;;;;;;;;;
TD0277;2013-11-01;565,576827;;;9,333333333333334;8,333333333333334;9,333333333333334;8,333333333333334;6,666666666666667;8,666666666666666;8,666666666666666;8,0;2024-09-02 10:34:01.000
TFDPNA;2023-09-12;;;;;;;;;;;;
TA8467;2010-07-30;1399,251548;2,0;7505,64261411656;8,5;8,0;7,75;8,25;7,5;8,75;8,0;8,0;2024-12-03 09:55:56.000
TFAB04;2016-11-30;612,707265;6,0;25463,5544026752;9,222222222222221;7,555555555555555;7,555555555555555;9,11111111111111;6,888888888888889;8,666666666666666;8,222222222222221;8,444444444444445;2025-02-06 16:47:46.000
TDC091;2014-10-01;598,932613;;;;;;;;;;;
TFD214;2021-11-17;64,645301;;;;;;;;;;;
TB3857;2014-12-20;303,600703;3,0;5847,9565575116;10,0;6,0;8,0;8,0;4,0;7,0;8,0;7,0;2022-05-13 00:00:00.000
TFDQUZ;2023-11-30;22,142245;1,0;139,635326332823;;;;;;;;;
TDCG7I;2021-12-22;;1,0;1303,19578405513;;;;;;;;;
TFCN65;2020-05-22;;;;10,0;10,0;10,0;10,0;8,0;10,0;10,0;8,0;2022-06-09 17:58:01.000
TFCWS0;2021-06-11;1428,332006;;;9,2;9,0;8,6;9,2;7,8;8,8;8,8;8,8;2025-01-31 16:15:30.000
T17405;2013-12-27;190,171337;;;8,5;8,166666666666666;8,5;9,333333333333334;7,333333333333333;9,0;8,0;8,0;2024-12-11 15:23:29.000
TFDEL1;2022-08-10;55,805056;;;;;;;;;;;
TEXKLM;2010-08-23;453,865554;1,0;797,480150409114;8,166666666666666;8,666666666666666;8,666666666666666;8,666666666666666;7,0;9,333333333333334;8,0;8,5;2023-07-10 10:33:08.000
TFCRRV;2020-09-25;711,506513;;;10,0;8,333333333333334;8,666666666666666;9,333333333333334;8,666666666666666;9,333333333333334;10,0;10,0;2024-11-28 13:46:34.000
T00255;2013-01-28;688,874163;;;7,5;8,0;8,0;6,5;5,5;9,0;8,0;7,0;2024-10-30 11:13:46.000
TDCH06;2018-02-28;;;;;;;;;;;;
TFDANF;2020-10-23;732,88991;;;;;;;;;;;
T09656;2009-04-23;347,597781;2,0;52041,6312668758;9,333333333333334;8,666666666666666;8,666666666666666;8,666666666666666;6,333333333333333;9,0;8,0;7,0;2024-08-14 13:44:04.000
TDCH6S;2023-02-08;;;;;;;;;;;;
TEZBTH;2013-02-05;38,933701;;;9,5;8,0;8,0;9,0;7,0;9,5;8,5;8,0;2023-01-18 12:31:46.543
TDCHCM;2024-08-30;;1,0;108,556208811792;;;;;;;;;
TDCDA1;2017-03-09;;;;;;;;;;;;
TFCYW1;2021-09-15;307,395694;6,0;4753,08712918111;7,0;8,0;8,0;9,0;7,0;9,0;8,0;8,0;2023-10-25 14:43:33.000
T50734;2007-01-19;1175,35264;2,0;460,255120069327;7,5;4,5;5,0;7,5;6,5;7,5;8,0;7,0;2023-02-08 17:24:35.457
TEXHPI;2011-11-21;;;;;;;;;;;;
TFDACG;2022-01-11;23,921437;1,0;198,674299207888;;;;;;;;;
TB6225;2017-02-05;360,345113;;;8,2;8,6;8,8;9,2;6,4;8,2;8,4;9,2;2025-01-22 14:53:57.000
T25254;2009-10-16;1842,522497;1,0;1037,46995982892;10,0;10,0;10,0;9,0;7,0;9,0;8,0;8,0;2024-03-18 15:13:11.000
TDC0PZ;2019-11-01;102,707406;1,0;222,636286205031;;;;;;;;;
TFDBUD;2022-03-31;4805,61853;1,0;5545,87157091026;8,0;6,5;7,5;9,0;6,5;8,5;7,5;7,5;2024-12-03 16:58:17.000
T13934;2005-08-10;241,35211;;;6,0;8,0;8,0;9,0;7,0;9,0;8,0;8,0;2020-09-28 00:00:00.000
TEZDK0;2013-07-16;;;;7,714285714285714;7,857142857142857;8,0;8,714285714285714;7,428571428571429;8,714285714285714;7,714285714285714;8,142857142857142;2025-02-24 16:04:22.000
TDCCAJ;2020-09-10;;;;;;;;;;;;
T76118;2010-05-03;;2,0;10745,1477134076;10,0;8,0;8,0;9,0;7,0;9,0;8,0;8,0;2020-12-10 14:37:00.000
TDCECE;2022-01-28;;;;;;;;;;;;
TFDN29;2023-05-11;55,610888;;;;;;;;;;;
TDCFFJ;2024-07-17;;1,0;120,209301435666;;;;;;;;;
TFBTRE;2018-02-27;902,642229;;;0,0;8,0;8,0;9,0;7,0;9,0;8,0;8,0;2019-08-27 16:22:00.000
TFDBWS;2022-04-06;722,175951;4,0;1883,87880614325;10,0;10,0;10,0;10,0;10,0;10,0;10,0;10,0;2023-09-11 10:51:36.000
TDC42B;2020-08-11;;;;;;;;;;;;
TDCFLM;2022-02-01;;;;;;;;;;;;
TDCGLU;2024-01-15;;;;;;;;;;;;
TFCN33;2020-01-08;168,627228;;;8,0;7,0;9,0;10,0;5,666666666666667;8,333333333333334;8,333333333333334;8,333333333333334;2025-02-25 11:09:59.000
T53699;2005-04-01;1640,926311;2,0;0,00840771473583952;7,666666666666667;8,333333333333334;8,0;9,0;7,333333333333333;9,0;8,0;8,333333333333334;2023-07-11 10:18:22.000
TEZSOM;2016-08-25;1885,35396;2,0;5863,44356805502;;;;;;;;;
TDC33K;2019-10-08;;;;;;;;;;;;
T29393;1996-01-12;547,107705;1,0;1662,20520327547;9,0;7,0;7,0;9,0;8,0;10,0;8,0;8,0;2024-05-20 15:14:30.000
TFDIEK;2023-01-31;383,60386;;;10,0;10,0;10,0;10,0;8,0;10,0;10,0;10,0;2024-08-15 17:07:37.000
TDC35C;2015-01-01;;;;;;;;;;;;
TFCKDR;2019-09-23;44,584429;1,0;12,6494068200706;;;;;;;;;
TFDGJN;2017-12-19;497,340831;;;;;;;;;;;
T37265;2012-12-21;582,302107;;;;;;;;;;;
TFCVAS;2021-03-19;215,840943;;;;;;;;;;;
TFDDJR;2022-06-28;320,495379;2,0;6368,0367717838;7,0;4,0;8,0;9,0;7,0;9,0;3,0;9,0;2024-10-14 17:38:52.000
TDCH3P;2022-09-30;;;;;;;;;;;;
TFDRE6;2023-12-27;3088,341474;3,0;3425,28616795155;;;;;;;;;
T25978;2011-11-30;933,699328;5,0;17999,1726486247;6,0;8,0;8,0;9,0;7,0;9,0;8,0;8,0;2019-08-06 14:09:00.000
TFDQN2;2023-11-17;228,46221;1,0;213,261684274569;;;;;;;;;
TFDVDT;2024-08-12;33,695317;1,0;36,4558510946002;;;;;;;;;
TFEE29;2025-01-31;1599,489256;1,0;13206,4179213199;;;;;;;;;
T06376;2000-05-25;;;;;;;;;;;;
TFDIHZ;2023-02-07;;;;;;;;;;;;
T74756;2010-05-28;670,652394;8,0;15256,5634902218;9,75;8,5;9,0;9,5;7,75;9,5;9,0;8,25;2024-02-02 10:08:20.000
TDCE9N;2021-02-19;;;;;;;;;;;;
TFECYL;2024-12-03;;1,0;258,974429293329;;;;;;;;;
T58233;2012-09-27;737,705172;1,0;34,3034761222252;8,0;2,0;7,0;10,0;5,0;10,0;5,0;0,0;2025-03-07 17:19:49.000
TEZIRS;2014-10-30;3443,05595;2,0;138003,346864023;8,571428571428571;6,0;6,285714285714286;8,857142857142858;7,857142857142857;9,428571428571429;8,285714285714286;8,714285714285714;2024-12-04 10:32:30.000
TDCG5D;2018-08-29;;;;;;;;;;;;
TEZCVK;2013-05-27;1138,213191;2,0;833,503004194819;9,6;8,2;8,4;9,2;7,4;9,0;8,2;8,4;2024-11-14 11:00:31.000
TFED12;2024-12-05;;1,0;665,239409186462;;;;;;;;;
TEZGIV;2014-03-31;295,697747;2,0;1384,82628642539;8,833333333333334;8,333333333333334;8,833333333333334;8,833333333333334;6,833333333333333;9,0;8,333333333333334;8,666666666666666;2024-12-09 11:09:30.000
TEZFZF;2014-02-21;185,255586;;;4,333333333333333;4,0;4,666666666666667;5,666666666666667;6,0;7,666666666666667;6,0;8,0;2024-12-05 09:08:40.000
TFCYHL;2021-08-25;52,307626;;;6,0;5,0;6,0;9,0;5,0;5,0;10,0;8,0;2024-07-10 17:49:02.000
TFDSHI;2024-03-21;33,44436;1,0;36,4558510946002;;;;;;;;;
TFECPO;2024-11-22;;1,0;96,7391657505695;;;;;;;;;
TEZSOY;2016-08-26;503,300502;;;9,0;8,5;8,5;9,5;7,75;9,5;8,75;9,0;2024-06-19 14:09:57.000
TFDUJZ;2022-11-11;;1,0;548,296504925671;;;;;;;;;
TDCCQK;2022-12-01;;;;;;;;;;;;
TFDH34;2022-11-30;2087,952699;;;;;;;;;;;
TEZEB8;2013-09-16;2133,896665;;;10,0;8,0;8,333333333333334;9,0;7,666666666666667;9,333333333333334;8,0;8,666666666666666;2024-11-12 17:15:39.000
TFCWLI;2021-05-31;703,029246;4,0;9783,42285563389;5,0;8,0;8,666666666666666;7,0;5,666666666666667;7,0;6,333333333333333;7,0;2024-12-17 17:31:16.000
TEVVMX;2013-11-29;2073,011741;4,0;66392,3517753156;;;;;;;;;
TFDGF7;2022-10-24;308,948896;4,0;3555,91683180229;8,0;7,0;8,0;8,0;8,0;8,0;6,0;7,0;2024-07-23 09:35:25.000
TA2826;2010-02-22;100,774492;;;8,0;7,75;8,0;9,25;7,0;9,0;8,25;7,0;2024-03-28 12:00:03.000
TFDV49;2022-10-27;425,46835;;;;;;;;;;;
TDCABU;2023-03-14;;;;;;;;;;;;
TFCUKG;2021-02-12;571,947209;2,0;2883,29544907776;;;;;;;;;
TDCEEV;2023-01-02;;;;;;;;;;;;
TDCFBW;2019-02-06;;;;;;;;;;;;
TDCFQS;2019-03-19;;;;;;;;;;;;
TFEDTL;2025-01-20;;1,0;311,875770411231;;;;;;;;;
TEZBFK;2012-12-27;;;;;;;;;;;;
TDCACO;2023-04-12;;;;;;;;;;;;
TEZCH0;2013-05-06;495,736711;3,0;611,20723043659;9,75;5,75;6,0;9,0;7,0;9,5;8,0;8,25;2024-07-05 14:42:37.000
TFBXL8;2011-04-14;1442,766495;1,0;27,1821417409692;7,666666666666667;7,333333333333333;7,666666666666667;9,0;7,0;8,0;8,333333333333334;7,333333333333333;2024-09-04 17:03:46.000
TFBKUH;2017-08-01;799,787302;;;7,0;6,75;7,5;8,75;7,0;9,0;8,25;8,25;2024-11-07 17:16:55.000
TFCLKJ;2019-10-31;136,90396;;;10,0;9,0;9,0;9,5;7,5;9,5;9,0;8,0;2022-06-09 17:48:55.000
TDCA2A;2022-02-22;;1,0;499,994183768272;;;;;;;;;
TFDUWK;2024-08-07;86,054379;2,0;4881,48974862685;;;;;;;;;
TAAONL;2010-09-30;279,14438;1,0;0,00420385736791976;9,333333333333334;8,0;8,0;8,666666666666666;7,0;8,666666666666666;8,333333333333334;8,333333333333334;2022-11-03 22:09:46.267
T14063;2005-07-29;607,775218;5,0;114538,571097071;;;;;;;;;
TDCG0H;2020-11-30;;;;;;;;;;;;
TFDQTS;2023-11-30;29,582081;2,0;92,732889678942;;;;;;;;;
TFDAAQ;2021-12-31;78,473405;;;;;;;;;;;
TEZH81;2014-05-23;104,085559;;;7,6;8,0;8,0;9,0;7,2;8,8;8,8;7,6;2024-01-22 16:55:07.000
TFDPYJ;2023-10-03;113,326939;;;;;;;;;;;
TFDUMU;2024-06-28;366,733254;2,0;6086,34469727423;;;;;;;;;
T11180;2004-08-30;;;;;;;;;;;;
TFCTKD;2017-03-14;406,878031;;;10,0;8,333333333333334;8,333333333333334;9,333333333333334;9,0;10,0;7,666666666666667;10,0;2024-11-11 14:28:42.000
TFCMEM;2019-11-28;358,119147;;;9,8;8,0;8,6;8,8;7,4;9,0;8,4;7,8;2025-01-28 14:44:39.000
T15467;2010-10-27;496,506827;1,0;1011,72974116514;6,2;7,8;7,8;8,6;7,0;7,4;8,2;8,2;2025-01-14 15:45:22.000
TEZMHC;2015-09-30;410,486128;13,0;36639,9968627445;7,5;8,0;9,5;9,5;7,5;9,0;8,5;7,5;2023-02-17 17:56:01.663
TFCUDE;2012-02-27;264,146386;;;;;;;;;;;
TFCW53;2021-05-06;79,233252;;;8,5;8,5;8,0;9,0;8,5;9,0;8,0;6,5;2025-03-07 10:27:54.000
TDC85D;2021-11-25;;1,0;415,774105259368;;;;;;;;;
TDCGFH;2024-06-13;;1,0;120,209301435666;;;;;;;;;
TDCGVP;2022-08-19;;;;;;;;;;;;
TDCCJI;2016-04-19;;;;;;;;;;;;
TEYT42;2012-07-24;;;;9,0;8,5;8,5;9,0;8,0;9,0;8,0;8,5;2023-08-22 15:34:50.000
TFDUB1;2024-05-29;527,57756;1,0;552,008510981544;;;;;;;;;
TA0719;2010-04-29;1131,641086;9,0;12409,3875836492;10,0;9,0;9,0;9,666666666666666;8,333333333333334;9,333333333333334;8,0;9,333333333333334;2023-07-13 14:02:25.000
TFCOI4;2020-02-28;865,850285;;;4,0;10,0;8,0;10,0;7,0;9,0;8,0;8,0;2022-12-06 14:00:34.650
TEZJGS;2014-12-23;397,505869;1,0;7140,58804800115;9,8;8,0;8,4;9,2;7,0;9,2;8,4;8,0;2022-07-18 13:45:59.907
TFBXLI;2017-01-04;;;;;;;;;;;;
TFDQNV;2023-11-20;33,518755;1,0;34,2698452632819;;;;;;;;;
TFECTE;2024-11-28;;1,0;174,304538046057;;;;;;;;;
TFDCZZ;2022-06-02;43,546291;;;6,5;5,0;5,0;3,0;6,5;8,0;8,5;5,0;2024-05-24 14:22:48.000
TDCC5T;2021-09-30;;;;;;;;;;;;
T62003;2005-07-07;712,470954;3,0;10402,8360156527;5,75;7,375;7,25;9,125;6,5;9,125;8,125;7,375;2025-02-05 14:57:33.000
T61126;2010-12-27;166,400221;;;8,666666666666666;8,0;8,0;9,0;7,0;9,0;8,0;8,0;2021-12-03 15:13:00.000
TDCHBC;2024-10-01;;1,0;97,2772594936633;;;;;;;;;
T06449;2000-06-20;1727,310024;6,0;37197,7184158891;9,0;9,0;8,0;10,0;7,0;9,0;8,0;8,0;2024-04-18 15:42:53.000
T14012;2004-12-16;2083,198034;3,0;2133,44920650454;9,0;7,0;9,0;10,0;8,0;9,0;10,0;8,0;2023-08-14 14:56:58.000
T80055;2006-09-28;;1,0;1902,7162910089;;;;;;;;;
TFDPFT;2023-08-31;70,467905;;;10,0;10,0;10,0;10,0;10,0;10,0;10,0;10,0;2024-12-16 17:41:29.000
TFDBKD;2022-03-22;37,695735;1,0;292,798665675611;;;;;;;;;
TFDKKC;2023-04-28;28,234682;;;;;;;;;;;
TDCCLP;2021-08-20;;;;;;;;;;;;
TDCFQ4;2022-06-06;;;;;;;;;;;;
TFBY24;2017-06-21;32,220141;;;;;;;;;;;
TEWLVK;2012-05-15;1036,472841;2,0;0,0126115721037593;5,375;6,0;6,125;8,0;5,25;7,625;4,125;7,375;2025-02-19 11:06:39.000
T76763;2010-04-06;118,717087;;;7,0;8,0;8,0;9,0;7,0;9,0;8,0;8,0;2021-06-30 14:34:00.000
TDCH4F;2020-12-11;;;;;;;;;;;;
TDCA4M;2021-02-02;;;;;;;;;;;;
T51994;2012-05-30;700,240124;;;9,4;8,0;8,0;9,8;7,8;9,4;8,8;7,8;2024-10-23 15:37:20.000
TDCCMN;2018-12-06;;;;;;;;;;;;
T81201;2010-04-22;638,87693;3,0;15819,7500579446;7,833333333333333;8,333333333333334;8,333333333333334;9,0;7,0;9,333333333333334;8,0;8,166666666666666;2024-12-16 15:20:47.000
TFCZJX;2022-02-03;162,039083;;;;;;;;;;;
TEZIGS;2014-09-26;73,753906;;;4,0;4,5;6,5;4,5;3,5;6,75;6,0;8,0;2025-02-14 14:55:58.000
T16621;2007-08-30;641,129236;;;10,0;5,0;5,0;10,0;7,0;9,0;8,0;5,0;2023-07-25 16:34:28.000
T98884;2010-04-22;422,445903;1,0;612,25819477857;7,666666666666667;9,333333333333334;9,666666666666666;9,0;7,666666666666667;9,666666666666666;8,0;8,0;2024-06-03 15:46:47.000
T81472;2010-02-03;825,418218;2,0;35611,5357692551;10,0;5,5;9,0;9,5;8,5;9,0;9,0;9,0;2024-07-01 15:23:34.000
TFCVWG;2021-04-30;;;;;;;;;;;;
TFCVXQ;2021-04-30;752,910335;7,0;34597,9521269906;8,0;5,0;6,0;9,0;7,0;8,0;8,0;9,0;2024-07-04 08:56:12.000
TEZLJF;2015-07-07;225,212013;1,0;181,753773302011;6,5;7,333333333333333;7,833333333333333;8,166666666666666;6,666666666666667;8,0;7,0;6,833333333333333;2024-09-26 14:14:29.000
TDCFA5;2024-06-19;;2,0;357,891193160481;;;;;;;;;
TEWRO6;2011-08-09;517,329289;;;8,666666666666666;8,666666666666666;8,0;9,333333333333334;8,333333333333334;9,333333333333334;8,666666666666666;8,666666666666666;2024-12-20 09:54:22.000
TDCD19;2024-02-26;;;;;;;;;;;;
TDCGJT;2021-07-06;;;;;;;;;;;;
T55270;2021-11-01;;;;;;;;;;;;
T45675;2010-03-12;2592,25028;1,0;1289,78547905146;9,4;7,6;8,2;9,4;7,2;8,6;8,4;8,6;2024-04-16 09:29:20.000
TEZOUC;2016-06-24;1224,931175;1,0;1124,03158689175;8,333333333333334;8,0;8,0;9,0;7,0;9,0;8,0;8,0;2021-09-16 15:51:00.000
TFCYX4;2023-04-28;4065,234847;3,0;0,0126115721037593;;;;;;;;;
T15580;2006-10-04;;;;;;;;;;;;
TB2803;2014-10-10;666,09581;;;7,0;6,5;7,0;7,0;5,0;8,5;7,5;5,0;2024-04-24 09:58:34.000
TDCGUF;2022-10-21;;;;;;;;;;;;
T32848;2007-12-13;2896,009314;2,0;13901,8704534096;8,333333333333334;8,5;8,666666666666666;9,0;7,333333333333333;9,166666666666666;8,166666666666666;8,0;2024-04-22 10:27:02.000
TCAQWQ;2016-11-09;;;;;;;;;;;;
T42836;2009-11-19;1475,468276;1,0;7749,18888686963;8,0;8,0;8,0;9,0;8,0;9,0;3,0;8,0;2024-03-14 15:02:28.000
TDCGM2;2023-12-26;;;;;;;;;;;;
TFDRIH;2024-01-12;41,428383;4,0;207,506603537887;;;;;;;;;
TDC0J8;2019-11-01;291,9566;;;8,5;7,0;7,0;9,0;7,0;8,0;8,0;7,5;2023-10-31 10:44:23.000
TFBYLI;2018-07-31;79,572342;1,0;98,1180309672472;;;;;;;;;
T15456;2006-08-14;769,787379;3,0;100,278813654358;10,0;9,0;9,0;9,0;8,5;9,5;9,0;9,0;2024-12-12 14:18:02.000
TFDUOG;2024-06-28;761,436819;2,0;19683,2126870692;;;;;;;;;
T16582;2007-07-26;1080,44577;2,0;805,467479408162;8,333333333333334;6,666666666666667;7,666666666666667;9,0;6,666666666666667;7,666666666666667;8,0;8,666666666666666;2024-12-12 15:06:42.000
TDCH5Y;2018-08-16;;;;;;;;;;;;
TFDFK7;2022-11-24;31,911642;1,0;121,932882956513;;;;;;;;;
TDCCML;2017-06-06;;;;;;;;;;;;
TFDUE9;2024-06-05;42,358592;1,0;133,796168448782;;;;;;;;;
TDCDJI;2019-06-06;;;;;;;;;;;;
TFDBFQ;2023-04-14;130,270963;;;8,0;9,0;9,0;9,0;8,0;9,0;8,5;8,5;2025-03-07 16:13:56.000
TCBLLU;2015-07-28;;;;;;;;;;;;
TDCDTX;2023-05-19;;;;;;;;;;;;
T49295;2008-03-31;1394,256284;1,0;62,0405270357598;9,666666666666666;8,333333333333334;8,333333333333334;9,0;7,666666666666667;9,333333333333334;8,666666666666666;8,666666666666666;2024-10-09 15:31:50.000
T32484;2011-07-06;100,151296;;;9,428571428571429;8,428571428571429;8,428571428571429;9,142857142857142;7,428571428571429;8,857142857142858;8,142857142857142;8,285714285714286;2025-03-19 16:44:11.000
TC8400;2013-11-14;104,433841;;;;;;;;;;;
TFDQH1;2023-10-31;;;;;;;;;;;;
T43952;2009-11-12;314,996133;;;8,4;6,4;6,8;8,4;6,2;8,6;7,8;6,6;2024-09-16 15:06:33.000
TDC0J0;2019-02-01;174,52836;7,0;30046,2339695903;7,5;5,0;7,5;10,0;5,0;9,5;8,5;9,5;2024-04-08 13:41:30.000
T02202;2000-12-20;121,749774;;;;;;;;;;;
TFDQE9;2023-10-27;148,430442;;;;;;;;;;;
TA3692;2014-05-12;;;;5,0;8,0;8,0;9,0;5,0;9,0;5,0;5,0;2022-05-09 00:00:00.000
TDCE5E;2018-07-24;;;;;;;;;;;;
TFEDKX;2025-01-10;53,715954;1,0;483,489839741819;;;;;;;;;
TFDN13;2023-05-11;36,149144;;;;;;;;;;;
TEXKIE;2011-12-29;214,346084;2,0;28972,8126215509;9,0;8,2;8,2;8,8;7,0;9,0;8,2;8,2;2023-09-01 10:43:09.000
TA3905;2007-11-09;100,96631;;;9,0;7,333333333333333;7,666666666666667;9,0;7,333333333333333;8,333333333333334;8,0;8,666666666666666;2024-06-25 17:23:07.000
TFD578;2021-11-30;895,730346;;;;;;;;;;;
TB1096;2023-10-25;;;;;;;;;;;;
TFDRRX;2024-02-05;187,446671;;;;;;;;;;;
T81684;2008-03-24;;;;;;;;;;;;
TFCJGR;2019-08-20;780,771743;;;6,6;4,4;6,8;8,0;5,2;7,8;4,4;8,0;2025-01-14 10:35:45.000
TDCGQF;2020-10-29;;;;;;;;;;;;
TFCWND;2021-05-31;1640,390994;;;8,5;7,5;7,0;7,5;5,5;8,5;7,0;8,0;2024-08-02 17:31:41.000
T73876;2010-02-03;1268,31856;3,0;1692,92699292023;8,0;8,0;8,0;9,0;7,0;9,0;8,0;8,0;2021-07-07 16:16:00.000
TDCG6C;2022-07-12;;;;;;;;;;;;
TFDOPX;2023-07-31;83,439777;;;;;;;;;;;
TFDDNV;2022-06-30;1475,764449;3,0;2354,53006548344;;;;;;;;;
TFDKKT;2023-04-27;328,172678;;;10,0;9,0;9,0;8,0;7,0;8,0;10,0;10,0;2024-07-17 10:42:39.000
T53489;2012-08-28;132,194098;;;8,285714285714286;8,0;8,0;9,0;7,285714285714286;9,0;8,0;8,0;2025-02-24 15:27:23.000
TEZIJ7;2014-09-28;2404,279736;;;8,0;6,5;8,0;8,5;7,0;9,0;8,0;7,5;2022-07-21 16:47:03.403
TDCAEN;2023-04-20;;;;;;;;;;;;
TDCEOY;2016-07-01;;;;;;;;;;;;
TEVVV9;2010-04-22;431,044997;1,0;246,720185065843;8,5;7,5;8,0;8,5;8,5;9,0;8,0;8,0;2023-04-27 14:51:10.953
TDC023;2010-02-01;542,459818;2,0;17881,3175073151;8,0;7,5;7,5;9,0;8,5;9,0;8,0;8,0;2024-08-29 08:53:26.000
TFEEOR;2025-02-28;;1,0;615,865104400245;;;;;;;;;
T81545;2009-08-18;;1,0;539,455792880935;;;;;;;;;
TFDUFE;2024-06-07;31,79821;1,0;76,4933886666679;;;;;;;;;
T60435;2009-06-03;31,20187;;;7,5;5,5;4,5;5,0;6,0;9,5;5,5;9,0;2024-07-23 09:46:50.000
TB4172;2015-03-25;546,672479;1,0;364,667811237567;7,0;8,0;8,333333333333334;9,0;7,0;9,0;8,0;8,0;2022-04-08 00:00:00.000
TFBKIU;2017-06-29;539,581584;;;5,0;9,0;9,0;9,5;8,5;9,5;9,0;7,5;2022-09-19 13:24:20.067
T53010;2013-03-06;176,073068;1,0;481,58969621152;;;;;;;;;
TB4788;2015-06-05;304,185459;;;9,0;8,0;8,0;10,0;6,0;9,0;8,0;8,0;2024-01-04 11:12:20.000
TFBMP1;2013-10-24;144,879153;;;10,0;8,0;8,0;10,0;8,0;10,0;10,0;8,0;2022-04-04 00:00:00.000
TDC88O;2020-02-12;;2,0;314,280376825681;;;;;;;;;
TEZMI3;2015-09-30;587,447028;2,0;185,011762762149;8,0;7,0;8,0;7,0;7,0;7,0;7,0;8,0;2022-04-06 00:00:00.000
TDCFIM;2022-08-16;;;;;;;;;;;;
TFCMDN;2019-11-28;135,673419;;;8,0;7,0;8,666666666666666;8,0;5,0;7,666666666666667;3,6666666666666665;4,666666666666667;2024-03-13 10:21:02.000
TDCD34;2022-05-03;;;;;;;;;;;;
TFDQXL;2023-12-01;55,512906;;;;;;;;;;;
TFDVHC;2024-08-21;781,331932;2,0;1311,11164747892;;;;;;;;;
TDCA7G;2022-09-28;;;;;;;;;;;;
TEVVVO;2004-02-16;1072,511513;;;10,0;9,8;9,6;8,6;5,8;9,4;8,6;9,4;2025-02-10 09:29:52.000
TA3755;2015-03-02;213,864928;;;10,0;8,0;8,0;9,0;10,0;8,0;10,0;10,0;2024-05-13 11:18:48.000
T81709;2009-11-09;187,589552;2,0;29887,0128717803;;;;;;;;;
TDC04B;2024-07-04;;1,0;1132,52337877495;;;;;;;;;
TDCFYJ;2014-09-05;;;;;;;;;;;;
T77620;2022-09-21;;;;;;;;;;;;
TFBLZ4;2016-05-13;1295,500623;1,0;69,363646570676;;;;;;;;;
T77270;2012-08-11;129,522159;3,0;4495,76481583337;8,0;9,0;8,0;7,0;5,0;10,0;9,0;7,0;2024-12-11 11:09:47.000
TFEBSD;2024-10-03;522,847286;1,0;3948,06105479658;;;;;;;;;
TFCXEZ;2020-02-10;57,531049;1,0;98,2063119719735;10,0;8,5;8,5;10,0;10,0;10,0;7,0;9,0;2025-01-20 10:49:52.000
T84733;2010-09-13;782,702274;;;6,5;8,0;7,5;8,5;7,0;8,0;8,0;7,5;2024-11-04 15:42:16.000
T42308;2005-10-31;1831,480623;;;7,833333333333333;7,166666666666667;7,333333333333333;8,833333333333334;7,333333333333333;9,166666666666666;8,5;8,166666666666666;2024-04-08 17:35:37.000
TDCF1L;2021-08-05;;;;;;;;;;;;
TFDGAB;2022-10-19;104,084921;;;;;;;;;;;
TFA753;2016-11-24;910,575612;;;;;;;;;;;
T52694;2010-04-05;549,175111;1,0;0,00420385736791976;7,5;8,0;8,0;8,75;7,5;8,5;8,0;8,0;2025-03-26 15:48:46.000
TFDHL9;2022-12-21;;;;;;;;;;;;
T51425;2012-03-26;336,400967;;;9,25;7,25;8,0;8,25;7,25;9,25;7,5;7,75;2024-10-14 16:21:15.000
TEZHR7;2014-07-30;89,189102;;;7,0;8,0;8,0;9,0;7,0;9,0;8,0;8,0;2021-11-25 10:54:00.000
T20994;2011-03-17;954,563249;1,0;3175,8797180276;6,857142857142857;6,142857142857143;6,142857142857143;9,285714285714286;7,571428571428571;9,142857142857142;8,0;8,285714285714286;2025-03-12 16:14:25.000
TFBRBL;2017-12-11;745,510764;2,0;30017,4039157611;8,0;7,4;7,8;8,8;7,4;8,2;7,4;7,8;2025-02-06 16:12:59.000
TDCCKZ;2021-11-09;;;;;;;;;;;;
TFDS35;2024-02-28;1088,350415;1,0;0,00420385736791976;;;;;;;;;
T32065;2013-04-04;479,516542;;;8,0;8,0;8,0;9,0;7,0;9,0;8,0;8,0;2020-10-29 00:00:00.000
TFDOBH;2023-06-30;1428,506585;;;;;;;;;;;
TFDRK0;2024-01-18;179,257975;;;;;;;;;;;
T59290;2011-07-12;112,213241;;;10,0;9,0;10,0;10,0;9,0;10,0;8,0;4,0;2024-02-07 16:04:03.000
T16759;2007-09-21;305,25465;;;;;;;;;;;
TCAWN0;2012-07-02;218,266861;;;;;;;;;;;
TA2963;2008-11-12;118,674569;;;8,666666666666666;7,666666666666667;8,333333333333334;9,0;7,333333333333333;8,0;7,333333333333333;8,0;2023-02-03 18:53:53.260
TB5383;2016-02-10;326,129524;1,0;3372,5613888431;8,0;7,75;8,75;8,5;7,5;8,5;8,0;8,25;2024-02-02 16:34:38.000
TFDJDM;2023-03-28;33,26868;;;;;;;;;;;
TFDS13;2024-02-28;;;;;;;;;;;;
TFCBKW;2015-10-05;277,014474;;;8,333333333333334;8,333333333333334;8,333333333333334;8,666666666666666;7,333333333333333;8,666666666666666;8,333333333333334;8,333333333333334;2022-03-11 00:00:00.000
TFBZLA;2018-04-18;73,855821;1,0;12,2332249406465;;;;;;;;;
T79557;2008-10-22;668,723718;1,0;2654,95452842446;8,4;8,6;8,6;8,8;7,2;8,6;8,2;7,6;2024-10-28 15:20:30.000
TB5078;2015-11-05;149,850099;;;9,0;8,0;7,75;8,25;7,0;8,75;8,0;8,25;2024-07-24 16:04:39.000
T29964;1995-08-09;11329,171;;;7,0;5,0;8,0;9,0;7,0;9,0;8,0;8,0;2024-11-25 16:57:11.000
TFECR3;2024-11-26;;1,0;2739,00645263865;;;;;;;;;
T05797;1999-12-31;590,041508;;;9,6;7,6;7,6;7,8;7,0;9,0;8,6;8,0;2024-10-24 09:24:39.000
TEZUUG;2016-09-30;;;;10,0;8,0;8,0;9,0;7,0;9,0;8,0;8,0;2022-03-03 11:29:00.000
TB4988;2013-09-05;229,568634;2,0;8711,41400367015;8,333333333333334;5,666666666666667;5,666666666666667;6,0;7,0;9,333333333333334;7,666666666666667;7,666666666666667;2024-04-18 16:28:42.000
TDCH0A;2022-10-11;;;;;;;;;;;;
T75243;2010-05-17;1650,623004;1,0;4519,6763565421;;;;;;;;;
TFCIT0;2019-07-29;524,179544;1,0;652,833826093731;9,0;7,6;8,0;9,2;6,8;8,0;8,0;8,2;2025-02-17 16:35:01.000
TDCELX;2020-04-15;;;;;;;;;;;;
TFDQTE;2023-12-01;727,835745;;;;;;;;;;;
TFDHWO;2023-01-10;202,250164;1,0;615,865104400245;1,0;1,0;1,0;0,0;1,0;1,0;0,0;1,0;2024-11-21 09:12:35.000
TCAJLC;2015-12-17;109,384018;;;7,0;7,0;8,0;7,0;5,0;5,0;8,0;8,0;2022-05-10 00:00:00.000
T76001;2009-11-27;1499,362678;4,0;37774,126115034;9,0;8,0;8,0;9,0;7,0;9,0;8,0;8,0;2020-09-11 00:00:00.000
T34957;2013-08-20;689,528282;;;;;;;;;;;
T03450;1998-02-02;307,827296;;;9,0;8,2;8,2;8,8;5,6;8,6;8,0;7,4;2025-02-19 11:30:51.000
TCBINB;2012-03-14;;;;;;;;;;;;
TB1362;2014-06-25;1091,28128;1,0;4810,65895583477;4,666666666666667;7,0;7,0;6,0;6,333333333333333;9,0;8,0;8,0;2024-12-12 17:25:25.000
TEZGUV;2014-04-30;96,163721;;;;;;;;;;;
TC2857;2012-12-04;24,97932;;;;;;;;;;;
TDCGWU;2024-08-22;;1,0;144,696770603798;;;;;;;;;
T54415;2009-12-11;170,100837;;;6,0;8,0;8,0;9,0;7,0;9,0;8,0;8,0;2021-02-09 10:01:00.000
TFDFKD;2022-09-22;205,452534;;;8,0;8,0;9,0;9,0;8,0;7,0;8,0;8,0;2024-08-23 14:57:07.000
T56291;1997-12-15;5069,27204;2,0;37697,5696685068;0,0;0,0;3,0;0,0;0,0;9,0;10,0;0,0;2024-05-29 14:46:01.000
T61585;2009-11-19;380,421974;3,0;7079,45975801422;9,857142857142858;8,285714285714286;8,428571428571429;9,142857142857142;7,571428571428571;9,285714285714286;8,857142857142858;8,571428571428571;2024-10-11 15:11:12.000
TDCH0N;2022-05-12;;;;;;;;;;;;
T41764;2002-02-28;;;;;;;;;;;;
T75573;2008-02-25;1792,89337;3,0;25442,3837769703;9,2;7,8;7,8;9,0;7,0;8,8;8,4;8,0;2024-09-16 14:04:10.000
TB2622;2011-10-25;382,440155;1,0;201,05368247813;;;;;;;;;
T15560;2006-09-28;966,995847;;;8,0;8,5;8,5;8,5;8,5;8,5;8,5;9,0;2023-04-04 19:28:09.320
TFDHXZ;2023-01-12;;;;;;;;;;;;
TEZFVF;2013-12-03;485,793973;;;10,0;6,5;9,0;9,5;6,0;8,5;8,0;8,0;2024-07-26 15:03:53.000
T26313;2012-12-18;2322,336325;;;9,166666666666666;8,666666666666666;8,5;9,5;7,833333333333333;9,5;9,0;9,0;2024-11-22 15:51:25.000
TFC071;2018-07-12;247,224191;1,0;32187,1029843492;8,6;8,0;6,8;7,8;6,6;8,6;8,4;8,6;2023-10-26 15:33:10.000
TFDFXF;2022-10-07;26,728044;;;;;;;;;;;
TFCVE9;2021-03-25;170,596277;1,0;2942,07378279601;8,666666666666666;8,0;8,666666666666666;9,0;7,0;8,666666666666666;6,666666666666667;8,333333333333334;2024-12-12 15:19:53.000
TFECAD;2024-10-31;47,312733;1,0;63,7472931271352;;;;;;;;;
TEWP91;2011-06-21;215,912775;2,0;7819,27559690758;7,5;8,0;8,0;7,0;6,5;9,0;6,0;7,5;2023-03-27 12:25:31.500
TFECP1;2024-11-21;;1,0;182,371740335095;;;;;;;;;
T55539;2013-01-15;928,823965;1,0;29537,4369084936;9,5;10,0;10,0;9,5;7,0;8,0;0,0;8,0;2024-10-16 17:17:31.000
TFCIBJ;2019-06-19;102,333206;;;;;;;;;;;
TFCPH7;2014-06-30;786,150431;;;9,0;8,0;8,0;9,0;7,0;9,0;8,0;8,0;2021-10-19 14:44:00.000
T89992;2009-12-03;74,099453;;;7,5;8,5;8,5;4,5;6,0;6,5;7,5;5,0;2024-09-09 15:00:13.000
TFCTBZ;2021-04-30;1035,383429;;;9,0;8,666666666666666;8,666666666666666;10,0;7,0;9,333333333333334;6,666666666666667;8,333333333333334;2024-02-20 17:01:40.000
TEZOHE;2011-03-31;3189,709007;1,0;10731,4809731045;8,0;8,666666666666666;8,666666666666666;9,0;6,333333333333333;9,0;8,0;7,333333333333333;2024-07-22 09:08:27.000
TFDVDI;2024-08-09;82,716148;1,0;1229,89312313071;;;;;;;;;
TFDUGW;2024-06-15;238,682977;4,0;9428,22633504625;;;;;;;;;
TFDMBQ;2023-04-28;198,533119;1,0;1045,04951466328;10,0;10,0;10,0;9,0;9,0;10,0;10,0;8,0;2024-10-09 15:59:09.000
TDCCMW;2021-10-06;;;;;;;;;;;;
TFDPDN;2023-08-29;509,747642;;;;;;;;;;;
TDCFG5;2018-12-06;;;;;;;;;;;;
TFCLJL;2019-10-30;280,422185;;;7,0;8,0;8,0;9,0;7,0;9,0;8,0;8,0;2020-08-03 11:03:00.000
TEVS97;2010-09-22;199,541494;2,0;9483,91903745645;9,857142857142858;8,857142857142858;8,857142857142858;9,285714285714286;7,428571428571429;9,428571428571429;8,714285714285714;8,571428571428571;2023-07-28 15:10:25.000
TFDRGV;2024-01-04;264,173549;;;8,0;8,0;8,0;8,0;7,0;9,0;8,0;8,0;2024-11-29 09:48:51.000
TFBKIA;2017-06-29;307,622922;;;9,0;9,0;8,666666666666666;9,666666666666666;7,0;9,0;8,666666666666666;8,0;2024-08-06 17:09:40.000
TFDC39;2022-04-20;75,698893;1,0;35,0895974500262;8,5;8,0;8,0;8,5;8,5;7,5;9,0;7,0;2025-03-20 16:30:31.000
TFAIL1;2010-08-27;1008,693112;;;;;;;;;;;
TA2836;2010-04-03;91,572879;;;;;;;;;;;
TFDVC9;2024-08-20;37,143518;2,0;674,164198378556;;;;;;;;;
TFBXPD;2016-01-14;152,715143;;;;;;;;;;;
TFBNFD;2012-02-27;;;;;;;;;;;;
TDC33Q;2017-09-05;;;;;;;;;;;;
TFEDFP;2024-12-23;;1,0;428,894344104646;;;;;;;;;
TCBJ30;2014-03-26;;;;;;;;;;;;
TFCVE0;2021-03-26;747,727659;;;10,0;8,0;10,0;10,0;8,0;10,0;10,0;9,0;2022-08-05 13:10:12.110
TFDSPG;2024-05-02;1662,736991;2,0;4840,19525770177;;;;;;;;;
TDCCLZ;2022-04-29;;;;;;;;;;;;
TFDNI8;2023-05-29;855,872588;;;10,0;10,0;8,0;10,0;10,0;10,0;8,0;8,0;2025-03-12 11:29:40.000
TFDRV0;2024-02-19;44,805692;;;;;;;;;;;
TFEDGF;2024-12-26;899,085281;1,0;1807,47369848131;;;;;;;;;
TFDB73;2022-02-25;106,595927;;;;;;;;;;;
TFBTBH;2018-01-31;;;;;;;;;;;;
TFCDW5;2019-01-03;2891,764192;1,0;77106,4329827743;9,0;6,0;8,0;9,0;6,0;9,0;7,0;9,0;2024-12-04 15:31:11.000
T16995;2007-12-13;561,905571;;;3,6666666666666665;6,333333333333333;6,333333333333333;9,333333333333334;7,333333333333333;8,333333333333334;6,333333333333333;7,666666666666667;2024-06-11 11:30:04.000
TEYVPH;2010-05-18;562,887143;;;9,2;8,2;8,0;8,6;7,2;9,0;8,2;8,2;2023-06-26 17:50:44.000
TDCG2O;2024-05-29;;1,0;1304,18789439395;;;;;;;;;
TFBXX1;2013-01-18;111,423043;1,0;321,721204366899;7,0;5,0;6,0;9,0;7,0;7,0;8,0;5,0;2024-03-05 11:26:34.000
T35033;2010-09-13;2414,958325;;;8,5;8,0;7,5;8,0;7,5;9,0;7,5;8,0;2024-07-10 10:43:15.000
TFCXO0;2021-07-13;;;;;;;;;;;;
TFDRCT;2024-02-28;729,70904;1,0;429,007848253579;;;;;;;;;
T35509;2012-12-21;706,101667;1,0;2165,81890823752;9,25;8,0;8,5;8,5;7,5;8,75;8,5;8,25;2022-04-28 00:00:00.000
TDCCM6;2022-11-14;;;;;;;;;;;;
TFDHF8;2022-12-19;;3,0;123,95914220785;;;;;;;;;
T60430;2010-07-07;;;;8,0;7,0;7,0;9,0;6,0;9,0;8,0;7,0;2023-09-01 10:02:14.000
TA3799;2002-12-19;;1,0;1252,41318705065;;;;;;;;;
T50750;2007-02-12;867,187701;3,0;20840,3202237317;8,333333333333334;7,333333333333333;7,333333333333333;9,0;6,0;8,0;7,666666666666667;7,0;2023-03-22 14:49:04.880
TFCNMH;2020-01-28;;;;;;;;;;;;
TFDGF9;2022-10-26;;;;;;;;;;;;
TFCGYD;2016-12-07;140,048414;;;10,0;8,666666666666666;8,666666666666666;9,0;8,333333333333334;9,666666666666666;8,666666666666666;8,666666666666666;2023-08-11 14:17:11.000
TFDS01;2024-02-27;832,686681;;;;;;;;;;;
TFDTL9;2024-04-18;33,474475;1,0;36,4558510946002;;;;;;;;;
T04697;1999-04-15;812,982947;;;7,0;7,0;8,0;10,0;5,0;10,0;8,0;6,0;2023-10-02 11:46:35.000
TCBTCJ;2017-09-05;;1,0;18,1942946883567;;;;;;;;;
TDC1LS;2020-06-01;99,689601;1,0;554,543436974399;9,0;7,0;9,0;10,0;7,0;9,0;9,0;8,0;2022-05-30 00:00:00.000
T25006;2012-12-17;1270,51823;;;9,25;7,75;7,75;9,0;6,75;9,0;6,75;8,0;2024-11-07 09:09:36.000
TC3698;2015-07-27;1151,157931;60,0;5210,8703811181;;;;;;;;;
TFDAW2;2022-02-15;;;;;;;;;;;;
TEZSQB;2016-08-30;1356,155979;1,0;2712,32036606709;6,2;4,6;5,4;5,6;6,8;7,8;7,6;5,8;2024-11-14 09:04:58.000
TFDCXB;2022-05-31;232,937418;;;;;;;;;;;
T77352;2012-01-03;;1,0;2007,46380504536;;;;;;;;;
TFCJVK;2019-09-05;;;;;;;;;;;;
TEWU57;2011-08-29;18955,312525;1,0;98855,6313733077;;;;;;;;;
TFEBWK;2024-10-15;;1,0;0,00420385736791976;;;;;;;;;
TAAKBN;2011-01-11;;;;7,8;7,8;8,4;8,8;6,2;9,4;8,0;8,4;2024-04-29 11:03:43.000
TEZK60;2015-03-12;908,190836;1,0;4447,34899052704;5,0;0,0;8,0;9,0;0,0;0,0;8,0;0,0;2025-03-14 16:52:45.000
TFCVRY;2021-04-26;471,013779;;;7,666666666666667;6,0;8,666666666666666;7,0;7,333333333333333;9,0;8,333333333333334;7,666666666666667;2024-04-24 09:36:24.000
TFCLFN;2019-10-28;;1,0;120,600260170882;;;;;;;;;
T57936;2010-06-30;900,694139;3,0;66331,3958434808;;;;;;;;;
TFDGNH;2022-11-07;387,626226;;;5,0;3,0;5,0;10,0;5,0;10,0;8,0;10,0;2023-10-31 11:37:35.000
T47723;2005-06-13;1877,537587;1,0;0,00420385736791976;7,333333333333333;8,0;8,0;9,0;7,666666666666667;9,0;8,333333333333334;8,0;2024-11-05 17:06:20.000
TFCCMX;2014-06-27;2,193766;;;10,0;10,0;10,0;9,0;7,0;10,0;8,0;8,0;2024-07-22 16:11:22.000
TFDCP9;2022-05-23;236,195606;;;;;;;;;;;
TFEBLO;2024-09-26;500,036868;1,0;9322,22186765678;9,0;9,0;8,0;10,0;8,0;9,0;9,0;9,0;2025-02-14 17:27:22.000
TDCDCS;2023-07-17;;;;;;;;;;;;
TFCLPP;2019-11-04;94,007881;;;;;;;;;;;
TEZAZ9;2012-11-13;527,113557;;;8,0;7,5;8,0;9,0;7,0;9,0;8,0;7,0;2022-10-31 13:24:36.893
TFDUYV;2024-07-25;52,11049;1,0;63,7472931271352;;;;;;;;;
TDCABO;2023-03-02;;;;;;;;;;;;
TDCGN7;2022-09-27;;;;;;;;;;;;
TEZMEM;2015-09-11;78,850551;;;10,0;10,0;8,0;8,0;8,0;10,0;10,0;9,0;2022-03-15 00:00:00.000
TEZMIS;2015-09-10;524,732082;2,0;0,00840771473583952;8,75;6,25;7,0;8,75;7,25;8,25;8,25;8,75;2024-11-22 10:42:35.000
TFBT24;2018-01-31;274,415653;1,0;2174,86981315066;7,0;8,0;5,0;6,0;7,0;8,0;6,0;4,0;2024-04-03 16:21:23.000
T43789;2002-01-01;176,39771;;;;;;;;;;;
TFCBW9;2018-10-31;166,563943;;;;;;;;;;;
T10159;2010-02-24;320,639538;;;8,5;6,5;7,5;7,5;8,0;9,0;8,0;9,0;2024-07-15 09:29:55.000
TDCGM5;2023-01-12;;1,0;1531,15835754531;;;;;;;;;
TFCMYC;2019-12-30;;;;;;;;;;;;
TDCGVJ;2023-04-14;;;;;;;;;;;;
TB1934;2012-10-25;;;;;;;;;;;;
TDCG9U;2016-04-15;;;;;;;;;;;;
TDCEAG;2022-05-27;;;;;;;;;;;;
TEZDFI;2013-06-25;151,094129;;;9,0;9,0;9,0;8,0;3,0;9,0;8,0;9,0;2024-09-13 14:36:25.000
TFCMLS;2019-12-06;67,356466;;;;;;;;;;;
TA2604;2010-10-28;41,931418;;;;;;;;;;;
TFDPTA;2023-09-26;106,434877;;;;;;;;;;;
TFECTR;2024-11-28;;1,0;169,381821068223;;;;;;;;;
TFCZ42;2021-09-24;;;;;;;;;;;;
T55956;2002-01-01;238,194022;;;8,25;8,25;9,0;9,0;7,0;9,0;8,25;8,5;2024-08-14 16:35:00.000
TFDQQ9;2023-11-24;31,1868;;;;;;;;;;;
TFDPQK;2023-09-20;55,510966;;;;;;;;;;;
TB3552;2013-03-23;229,528123;1,0;886,009182720137;7,0;7,666666666666667;7,666666666666667;9,0;7,333333333333333;8,333333333333334;7,666666666666667;7,666666666666667;2024-07-17 11:58:25.000
TDCDYN;2022-03-07;;;;;;;;;;;;
TCBLOF;2016-09-09;;;;;;;;;;;;
TFCFJQ;2019-03-14;554,35976;;;10,0;9,333333333333334;9,333333333333334;9,666666666666666;9,0;9,666666666666666;9,333333333333334;8,666666666666666;2024-02-27 16:09:04.000
TDCF4N;2023-09-01;;;;;;;;;;;;
TCAYK0;2011-11-08;;;;;;;;;;;;
TFDPT0;2023-09-25;;;;;;;;;;;;
TFCM06;2019-11-20;;;;;;;;;;;;
TFCOXY;2020-03-26;945,760108;;;3,0;6,0;6,0;6,0;2,0;2,0;8,0;7,0;2022-12-13 13:22:08.763
T31146;2009-11-11;1364,35691;1,0;6019,65050013218;8,333333333333334;7,333333333333333;7,666666666666667;7,0;7,0;9,333333333333334;8,666666666666666;8,666666666666666;2024-11-08 09:27:44.000
TDCE4D;2019-02-06;;;;;;;;;;;;
TFDRG1;2021-09-30;686,599768;2,0;0,00840771473583952;;;;;;;;;
TFDGH1;2022-10-27;29,593021;;;;;;;;;;;
TDC0AZ;2019-04-01;2,279404;;;8,0;8,0;8,0;9,0;7,0;9,0;8,0;8,5;2023-11-08 15:18:14.000
TFBXHH;2013-01-18;77,324214;1,0;44,2582103694592;;;;;;;;;
TFBXHM;2017-08-07;170,185825;;;;;;;;;;;
TFAGPE;2016-12-16;466,507576;1,0;169,44908278611;8,4;8,0;8,4;9,2;8,4;8,4;5,2;8,2;2025-03-25 17:04:30.000
TFDUQV;2024-06-30;33,557291;1,0;36,4558510946002;;;;;;;;;
TEWAA8;2003-10-22;368,759593;;;6,833333333333333;7,333333333333333;7,833333333333333;7,5;4,5;6,0;7,333333333333333;8,0;2025-02-21 16:58:03.000
TB1640;2014-01-05;327,146865;1,0;14212,9096562046;;;;;;;;;
TFECV1;2024-11-29;967,568219;1,0;7686,74058566918;;;;;;;;;
TEXSP0;2012-03-30;;;;;;;;;;;;
TFDQUK;2023-11-30;24,062407;2,0;167,052884086395;;;;;;;;;
T27008;2009-10-27;789,368066;1,0;1568,50963025928;;;;;;;;;
T92246;2004-07-30;351,427174;2,0;1192,20133796994;4,0;8,0;8,0;9,0;7,0;9,0;8,0;8,0;2021-08-04 13:54:00.000
TEZM89;2015-08-27;680,297598;4,0;61604,8686851502;5,666666666666667;6,666666666666667;7,333333333333333;9,0;6,0;9,0;8,0;6,666666666666667;2024-11-27 14:22:38.000
T03013;2008-12-01;1923,067029;2,0;16802,6497452806;7,333333333333333;8,0;8,0;9,0;6,666666666666667;8,0;8,0;7,333333333333333;2023-01-05 14:08:00.527
TB4615;2015-10-10;234,580873;6,0;4316,47029909159;5,333333333333333;8,333333333333334;8,333333333333334;9,0;7,666666666666667;9,0;8,333333333333334;8,333333333333334;2022-09-28 17:35:18.707
TFEETF;2025-03-11;;1,0;2108,4782937391;;;;;;;;;
TC3843;2005-08-15;1502,60786;;;;;;;;;;;
TFCROE;2020-09-21;171,549078;3,0;5934,3920688534;10,0;10,0;10,0;10,0;8,0;10,0;8,0;10,0;2023-02-14 13:51:31.933
TDCEFK;2023-11-28;;;;;;;;;;;;
TDCCQ6;2020-12-14;;;;;;;;;;;;
TDCCZL;2022-01-28;;;;;;;;;;;;
TFBWZ2;2018-04-27;723,990775;2,0;2192,71518767748;9,285714285714286;8,285714285714286;7,714285714285714;8,714285714285714;7,714285714285714;8,428571428571429;8,714285714285714;8,285714285714286;2024-07-18 16:33:08.000
T41917;2011-09-05;764,02782;1,0;17202,6719969823;6,5;8,0;7,5;9,5;6,0;8,0;8,0;7,5;2022-03-14 00:00:00.000
TFBZQ5;2018-06-25;3266,245431;1,0;5820,98040478166;10,0;9,0;9,666666666666666;7,333333333333333;7,0;8,666666666666666;10,0;9,333333333333334;2024-03-07 15:25:22.000
TFCX12;2021-06-24;302,611106;1,0;1292,46333619483;8,0;6,333333333333333;8,666666666666666;10,0;6,666666666666667;9,333333333333334;10,0;9,333333333333334;2024-09-05 11:50:54.000
TAA637;2010-08-27;141,763955;1,0;317,126388263763;6,0;8,0;8,0;9,0;7,0;9,0;8,0;8,0;2022-02-09 11:43:00.000
TDCDSZ;2014-05-08;;;;;;;;;;;;
TFCPUN;2014-05-30;243,863624;;;;;;;;;;;
TDC0GW;2017-05-01;598,932613;;;;;;;;;;;
T60447;2013-01-24;1385,36826;;;;;;;;;;;
T35446;2012-06-29;317,028991;;;8,0;8,0;8,0;9,0;7,0;9,0;8,0;8,0;2019-02-28 10:00:00.000
TFCEZ9;2019-02-20;116,642489;;;;;;;;;;;
TDCFMK;2020-10-09;;;;;;;;;;;;
TFEBO7;2024-09-30;201,103528;2,0;695,696355817041;;;;;;;;;
TB1645;2011-03-20;933,51228;2,0;6656,00520534367;;;;;;;;;
T16237;2007-03-14;919,305929;1,0;1472,64066298387;10,0;8,5;9,0;9,5;8,5;9,5;9,0;9,0;2024-01-16 15:13:19.000
TEZDT9;2013-08-09;407,487083;;;9,5;8,0;8,0;9,0;7,0;9,0;8,0;8,0;2021-08-18 09:50:00.000
T22396;2013-02-07;456,083075;;;;;;;;;;;
T51026;2007-03-30;1171,15522;2,0;33646,169391892;6,6;6,0;7,0;6,8;6,4;8,6;4,6;7,6;2025-03-20 14:44:22.000
TDCCG8;2021-12-27;;;;;;;;;;;;
TD0679;2017-02-24;;;;;;;;;;;;
T04366;1999-01-06;346,236471;;;7,0;8,0;8,0;9,0;7,0;6,0;8,0;9,0;2022-08-03 20:22:29.957
TDC81P;2022-05-31;;1,0;348,873919106293;;;;;;;;;
TFDI69;2023-01-26;16,052752;;;;;;;;;;;
TFDPUF;2023-09-26;1650,450829;;;;;;;;;;;
TDCF2M;2020-09-22;;;;;;;;;;;;
TFCFT6;2019-03-28;318,838247;;;9,0;8,4;8,8;9,2;7,8;9,0;8,6;8,8;2024-11-04 11:27:21.000
TFDIBZ;2023-01-27;917,631298;5,0;7937,91265568765;;;;;;;;;
TEZIUB;2014-10-30;151,156844;;;8,8;8,0;8,6;9,0;7,2;9,2;8,2;8,2;2023-04-24 14:03:21.597
T53550;2007-06-15;846,139098;;;;;;;;;;;
TF6007;2011-06-29;101,682416;;;5,666666666666667;7,666666666666667;8,666666666666666;7,0;3,6666666666666665;9,333333333333334;7,0;6,666666666666667;2024-03-11 14:01:48.000
TDC34Z;2020-02-01;;;;;;;;;;;;
TDC164;2018-07-01;108,06762;;;9,5;8,5;9,5;9,0;7,0;9,0;9,5;10,0;2024-03-14 14:16:16.000
TFBN21;2024-03-27;267,042757;1,0;36,4558510946002;;;;;;;;;
T92111;2009-12-18;;;;8,0;8,0;8,0;9,0;7,0;9,0;8,0;8,0;2020-11-17 00:00:00.000
T53570;2000-04-27;3840,844571;1,0;6087,22750732149;9,333333333333334;8,333333333333334;8,333333333333334;9,666666666666666;8,0;9,333333333333334;8,666666666666666;9,333333333333334;2024-11-25 11:46:05.000
TEZCRS;2013-05-08;106,031334;;;;;;;;;;;
TFDRHO;2024-01-09;;;;;;;;;;;;
TFEDL8;2025-01-23;241,732074;1,0;49,7148172330191;;;;;;;;;
TB5934;2016-10-10;235,913178;;;8,25;5,5;6,75;8,75;6,75;8,5;8,25;7,5;2024-04-01 16:59:25.000
TA2570;2002-10-04;25,487555;2,0;89,5505696514267;;;;;;;;;
TFDR69;2023-12-14;30,717909;;;;;;;;;;;
T07537;2001-06-22;1192,458824;;;9,5;9,0;9,0;9,25;8,25;9,5;7,75;8,0;2023-01-11 13:28:55.787
T09168;2015-11-17;194,969834;;;8,0;7,8;8,0;9,0;5,6;8,6;8,0;8,2;2022-05-23 00:00:00.000
TFECWT;2024-11-29;510,710867;1,0;785,520176197383;;;;;;;;;
T50368;2010-05-10;191,493204;;;10,0;8,0;8,0;9,0;7,0;9,0;8,0;8,0;2022-01-28 10:38:00.000
TFBLGP;2014-06-30;531,178397;;;7,5;7,5;7,5;8,0;7,0;7,5;8,0;6,5;2023-04-04 12:33:35.667
TEZNRH;2016-01-26;1605,980119;;;8,5;7,5;8,0;9,5;7,0;8,5;8,0;9,0;2024-12-05 09:16:28.000
TFDSHT;2024-03-21;528,452196;1,0;1155,10229669805;;;;;;;;;
TEZNKW;2016-01-08;843,825996;;;5,0;4,0;5,6;6,0;5,2;4,8;5,0;5,2;2024-11-18 15:28:16.000
T76078;2009-11-11;1136,745614;3,0;20110,3330033646;7,5;8,166666666666666;8,166666666666666;8,833333333333334;7,0;8,666666666666666;7,166666666666667;8,5;2025-03-20 16:09:05.000
TDCELM;2023-08-16;;;;;;;;;;;;
TFDBJB;2013-05-27;504,95074;;;;;;;;;;;
TFDQZ8;2023-12-06;24,838571;;;;;;;;;;;
TFALIE;2017-01-12;775,631099;6,0;17423,647759527;8,333333333333334;8,5;8,166666666666666;9,0;7,166666666666667;9,0;8,333333333333334;8,5;2024-05-08 17:00:18.000
TEZBZC;2013-02-25;629,324174;2,0;4305,17033048663;8,0;8,0;8,0;9,0;7,0;8,0;8,0;8,0;2022-05-09 00:00:00.000
TDCDXI;2021-07-07;;;;;;;;;;;;
TCAC14;2015-03-12;51,343733;6,0;1973,33268707521;;;;;;;;;
TEZIZI;2012-12-13;1690,568467;;;6,0;8,0;8,0;9,0;7,0;9,0;8,0;8,0;2019-09-02 11:06:00.000
T25029;2011-12-26;195,909984;;;9,0;9,0;9,4;9,2;7,8;9,0;8,6;8,8;2024-05-08 16:56:22.000
TB6662;2019-06-21;166,291662;;;9,0;10,0;10,0;10,0;8,0;9,0;9,0;10,0;2022-05-13 00:00:00.000
T05513;1999-10-25;624,690727;1,0;29073,33946279;6,0;3,0;8,0;7,0;7,0;9,0;6,0;6,0;2024-08-12 16:00:15.000
T60696;2010-02-02;1798,277124;3,0;14558,5886437113;7,2;6,2;7,2;7,4;4,4;7,6;8,0;8,0;2024-07-10 17:19:11.000
T15144;2006-05-18;133,836399;;;5,0;8,0;8,0;9,0;7,0;9,0;8,0;8,0;2021-05-26 15:53:00.000
TFBXL6;2017-06-08;102,126175;1,0;34,6608039984984;;;;;;;;;
TFCRUR;2020-09-30;533,30798;;;9,0;9,0;9,0;10,0;7,0;8,5;9,0;7,0;2023-04-27 12:47:50.747
TFCDG4;2010-09-03;857,245145;1,0;1989,8328272443;9,0;8,0;8,0;9,0;7,0;9,0;9,0;10,0;2022-03-21 00:00:00.000
TFDEF5;2022-07-29;;;;;;;;;;;;
TFEDZG;2025-01-31;;1,0;569,601654066288;;;;;;;;;
T46735;2010-07-30;958,054533;3,0;8142,31681248801;9,25;8,0;8,25;9,0;6,75;9,25;8,5;8,5;2022-05-04 00:00:00.000
TB4835;2015-08-05;245,052169;;;10,0;8,0;8,0;9,0;9,0;9,666666666666666;8,0;8,0;2024-11-13 14:19:40.000
T77325;2003-03-31;1246,740781;3,0;32485,8290889136;9,0;9,0;8,333333333333334;9,0;7,0;9,0;8,0;8,0;2024-01-18 15:59:48.000
TFCLEK;2019-10-28;368,264977;4,0;7304,49224291897;8,0;0,0;5,0;8,0;8,0;7,0;6,0;4,0;2022-04-19 00:00:00.000
T43110;2009-05-27;2485,633347;1,0;4171,79454777464;8,0;6,0;6,0;10,0;10,0;6,0;5,0;10,0;2024-10-21 11:21:53.000
TFCXUX;2021-07-27;223,889643;2,0;1518,68551273469;7,5;7,5;8,5;9,0;6,5;8,5;7,5;9,0;2024-09-13 16:20:27.000
TFCKB6;2019-09-18;626,405539;1,0;100,325056085405;6,166666666666667;7,5;7,833333333333333;8,5;6,5;8,666666666666666;8,0;7,666666666666667;2024-12-10 16:16:57.000
TFBWO7;2018-04-17;203,374034;;;9,25;7,5;8,0;9,25;5,75;8,25;8,5;7,75;2024-11-13 15:17:37.000
TB5599;2016-12-10;510,745237;;;7,5;5,5;5,5;9,0;5,5;7,0;5,5;8,0;2023-12-20 16:13:05.000
T51706;2010-08-27;1421,365777;10,0;146547,401102018;9,5;8,0;8,0;9,0;7,0;9,0;8,0;8,0;2020-12-07 16:22:00.000
TDCCOS;2024-03-15;;1,0;991,542818084394;;;;;;;;;
TFCPV1;2020-06-09;33,536433;;;;;;;;;;;
T16970;2009-10-23;238,728882;;;9,5;8,625;8,5;9,25;7,0;9,125;8,75;8,75;2025-03-18 11:03:11.000
T09869;2011-09-22;209,825954;;;;;;;;;;;
TDCDXQ;2024-01-04;;;;;;;;;;;;
TA8471;2010-08-18;201,234047;;;8,571428571428571;8,142857142857142;8,714285714285714;9,571428571428571;7,142857142857143;9,428571428571429;8,428571428571429;8,0;2024-05-16 14:04:00.000
T54237;2008-05-13;;2,0;0,00840771473583952;10,0;4,0;6,0;9,666666666666666;7,0;9,666666666666666;8,666666666666666;9,333333333333334;2025-03-05 17:13:48.000
TFDEY1;2022-08-30;22,535063;;;8,0;10,0;8,0;9,0;7,0;10,0;8,0;8,0;2024-07-18 10:14:35.000
T26272;1997-12-02;1285,465776;;;;;;;;;;;
TFEEJK;2025-02-25;;1,0;615,865104400245;;;;;;;;;
TDCES4;2023-09-20;;;;;;;;;;;;
TEZLZ9;2016-01-18;;;;;;;;;;;;
TFCWET;2021-05-19;617,332352;;;8,0;7,5;10,0;9,0;6,0;9,0;8,5;9,5;2023-06-15 15:27:36.000
TEVOVX;2010-05-27;1478,410657;5,0;129950,837056485;9,5;8,0;8,5;9,0;6,5;9,25;8,0;8,25;2024-12-04 09:52:12.000
TFDFBG;2022-09-03;132,954796;1,0;92,3209116568859;;;;;;;;;
TDCG6F;2023-05-10;;;;;;;;;;;;
TEZIWX;2014-11-12;163,306812;;;7,0;8,0;8,0;9,0;7,0;9,0;8,0;8,0;2019-10-25 11:53:00.000
TFCS77;2020-10-14;;;;;;;;;;;;
TDCH29;2022-02-09;;;;;;;;;;;;
T43356;2022-02-25;;;;;;;;;;;;
TEWTY2;2013-02-01;737,830131;1,0;0,00420385736791976;9,6;9,2;9,2;9,6;6,2;9,0;9,2;8,8;2024-07-10 15:55:21.000
TDCDLO;2022-04-11;;;;;;;;;;;;
TFEDD2;2024-12-18;;1,0;548,21663163568;;;;;;;;;
TFCUBV;2014-09-19;509,81727;;;6,5;8,0;8,0;9,0;7,0;9,0;8,0;8,0;2024-05-20 14:17:45.000
TFCPWH;2020-05-29;133,450856;;;7,0;6,666666666666667;7,666666666666667;7,333333333333333;7,0;8,333333333333334;8,0;7,0;2025-03-19 16:39:18.000
T41056;2010-04-26;246,644385;1,0;587,993530050937;8,0;8,0;8,0;9,0;7,0;9,0;8,0;8,0;2019-05-20 09:36:00.000
TFAELN;2016-12-12;963,948551;4,0;16104,170435886;9,222222222222221;7,777777777777778;8,666666666666666;8,88888888888889;6,777777777777778;8,88888888888889;8,333333333333334;8,11111111111111;2024-06-21 12:01:50.000
TB1040;2007-09-05;308,199339;3,0;16360,9504516332;8,333333333333334;6,666666666666667;6,666666666666667;9,333333333333334;7,333333333333333;8,666666666666666;7,666666666666667;8,0;2025-02-28 10:21:12.000
TEZH55;2014-05-23;927,851075;1,0;0,00420385736791976;9,0;6,5;8,0;8,75;7,0;8,25;8,25;8,25;2024-04-05 16:30:09.000
TEZIQ6;2014-10-17;1026,656307;1,0;2520,51516979839;7,0;6,0;6,0;8,0;8,0;8,0;8,0;8,0;2024-07-02 09:13:21.000
TFEDAN;2024-12-13;139,561758;1,0;143,683640978129;;;;;;;;;
T16660;2010-04-28;474,225507;;;;;;;;;;;
TFDVLH;2024-08-30;294,682807;2,0;8881,87621608192;;;;;;;;;
TDCEIS;2022-08-16;;;;;;;;;;;;
TFCRVL;2020-09-30;34,337688;;;;;;;;;;;
TFCXNV;2021-07-14;;;;;;;;;;;;
TFCSPC;2020-11-17;67,978313;;;;;;;;;;;
TDCESO;2022-01-12;;;;;;;;;;;;
TDCCKD;2024-02-05;;;;;;;;;;;;
TA3626;2008-08-06;64,159619;1,0;79,0535378037311;;;;;;;;;
TC6175;2013-09-18;107,536288;;;10,0;10,0;10,0;10,0;8,0;10,0;10,0;10,0;2022-11-07 17:52:46.273
TEZI79;2014-08-26;77,629218;1,0;174,001860315567;;;;;;;;;
TFDNCG;2023-05-19;60,245129;;;;;;;;;;;
TFBTMT;2018-02-19;559,956258;;;7,2;7,6;7,8;9,2;6,8;8,6;7,6;8,0;2024-10-25 10:41:56.000
TFBYTL;2018-05-16;167,756142;;;;;;;;;;;
TEZAY0;2023-09-04;;;;7,0;8,0;9,0;8,0;6,0;8,0;8,0;6,0;2024-03-20 16:03:08.000
T35769;2011-06-30;753,378937;2,0;9757,98951855798;8,142857142857142;7,857142857142857;7,857142857142857;8,857142857142858;6,428571428571429;8,571428571428571;8,0;8,142857142857142;2024-04-18 17:14:13.000
TFDE06;2022-07-22;706,793638;;;;;;;;;;;
TFDTYQ;2024-05-17;467,630345;3,0;15951,34760899;;;;;;;;;
T16588;2003-06-27;606,877991;1,0;5999,98065150769;3,4;7,6;7,6;8,2;6,0;9,0;8,0;8,0;2023-08-22 14:52:45.000
TDCH43;2022-10-27;;;;;;;;;;;;
T58681;1999-04-19;117,331599;;;7,0;8,0;8,0;9,0;7,0;9,0;8,0;9,0;2024-02-14 15:37:13.000
TFDUJD;2024-06-21;210,971384;5,0;110391,053825596;;;;;;;;;
T51726;2009-11-26;331,479333;;;;;;;;;;;
TFCSO4;2020-11-30;1840,732955;1,0;486,331647322533;;;;;;;;;
TFCDJG;2018-12-12;114,336312;1,0;58,3285209798867;8,666666666666666;8,0;8,0;9,0;7,666666666666667;9,0;8,333333333333334;8,0;2023-09-22 11:11:10.000
T60275;2009-05-25;166,915454;;;9,333333333333334;8,0;8,666666666666666;9,0;7,0;9,0;8,0;8,0;2022-10-26 13:31:47.863
TFBXHN;2019-10-22;;;;7,0;8,0;8,0;9,0;7,0;9,0;8,0;7,0;2023-08-23 16:53:45.000
T53815;1994-03-22;;;;;;;;;;;;
TB6566;2023-03-30;127,507844;;;10,0;8,0;8,0;10,0;7,0;10,0;8,0;8,0;2024-10-21 13:40:01.000
TFCPAP;2021-03-18;;;;;;;;;;;;
TFBLTE;1989-06-14;74,248436;;;;;;;;;;;
TFBKKF;2017-06-30;121,290935;2,0;4835,13801728817;7,25;6,25;7,25;6,5;7,5;6,5;6,25;7,0;2025-02-12 11:44:27.000
TEZDDG;2013-06-26;4452,345921;;;;;;;;;;;
T15837;2006-12-29;469,421105;;;;;;;;;;;
T96535;2010-02-26;243,527156;;;10,0;8,666666666666666;8,333333333333334;8,0;7,666666666666667;9,0;7,666666666666667;9,333333333333334;2024-03-05 16:04:20.000
TFDIES;2023-01-31;33,162452;;;;;;;;;;;
TFEEDH;2025-02-13;;1,0;192,801510464904;;;;;;;;;
TDCH8K;2018-05-13;;;;;;;;;;;;
TAAHZ2;2010-11-26;25,567559;;;9,5;4,0;3,5;8,0;8,0;9,0;8,0;8,5;2024-10-18 10:55:04.000
TEXKCC;2011-12-13;1173,726785;2,0;0,00840771473583952;;;;;;;;;
TDCE8S;2021-07-06;;;;;;;;;;;;
TDCCGR;2018-10-01;;;;;;;;;;;;
T96461;2010-02-24;525,366628;1,0;0,00420385736791976;8,75;8,0;8,0;9,0;6,5;8,75;8,0;8,0;2023-11-30 09:42:39.000
TFBKMR;2017-04-10;2771,596556;1,0;0,00420385736791976;8,333333333333334;7,0;8,666666666666666;9,0;7,0;9,0;8,0;8,0;2025-01-24 14:15:53.000
TFEEQD;2025-02-28;;1,0;17188,1476697762;;;;;;;;;
TA3606;2013-01-18;63,951988;;;10,0;7,0;7,0;10,0;9,0;9,0;10,0;8,0;2024-03-19 15:01:07.000
TFBKTY;2017-07-31;;1,0;3845,61725459774;8,0;8,0;8,0;9,0;7,0;9,0;8,0;8,0;2021-10-22 09:53:00.000
TA2614;2014-01-21;78,730103;;;;;;;;;;;
TFEDHR;2024-12-30;40,987609;1,0;163,967252778342;;;;;;;;;
TEZLXL;2015-08-18;1171,759605;1,0;7089,13283381781;7,333333333333333;7,0;6,666666666666667;8,333333333333334;6,333333333333333;8,333333333333334;7,0;7,0;2024-11-29 08:23:48.000
TCBLYJ;2012-04-10;;;;;;;;;;;;
TDCF2R;2021-08-30;;;;;;;;;;;;
TFDVQ7;2024-09-12;752,21075;1,0;5847,1704361838;;;;;;;;;
TFDDI5;2023-12-06;200,684305;;;;;;;;;;;
TFBKG6;2010-10-20;232,915053;;;;;;;;;;;
TFECB7;2024-10-31;24,687152;1,0;128,028476139996;;;;;;;;;
TEYVYX;2012-08-31;216,816794;;;;;;;;;;;
T12280;2004-08-16;918,874164;1,0;1029,10007980939;8,0;8,0;8,0;9,0;7,0;9,0;8,0;8,0;2019-11-28 10:27:00.000
TFBER2;2009-09-05;466,993251;;;6,25;6,0;6,25;7,5;6,5;9,0;7,25;5,5;2024-01-26 13:58:02.000
TDCGCF;2014-04-11;;;;;;;;;;;;
T53615;2011-03-30;4411,478159;4,0;36101,3103757619;10,0;9,0;9,0;9,5;6,5;9,5;9,0;9,0;2023-05-05 13:25:59.603
TFDSNQ;2024-03-28;;2,0;4257,002532765;;;;;;;;;
T18287;1993-09-20;1090,256718;;;;;;;;;;;
T53021;2011-03-15;;;;;;;;;;;;
TFDVNV;2025-03-17;;1,0;616,853010881706;;;;;;;;;
T47490;2012-05-29;85,876074;;;7,333333333333333;7,0;8,333333333333334;8,666666666666666;5,666666666666667;9,0;8,0;7,333333333333333;2024-12-16 15:50:09.000
TFCYLN;2023-07-18;187,820604;3,0;4850,38961181898;;;;;;;;;
TCAWFB;2016-09-28;;;;;;;;;;;;
TFDE98;2022-07-26;29,281267;1,0;36,4558510946002;;;;;;;;;
TFDUKY;2021-03-12;;1,0;546,858785705842;;;;;;;;;
T82418;2008-02-25;;;;;;;;;;;;
TB0375;2009-06-05;285,457629;;;10,0;9,0;9,0;9,5;8,5;9,0;9,0;9,0;2023-12-14 11:06:51.000
T06574;2000-08-24;915,250781;;;;;;;;;;;
TEZUUE;2016-09-29;68,324711;;;9,666666666666666;6,666666666666667;9,0;9,0;8,333333333333334;9,0;8,666666666666666;7,333333333333333;2024-08-28 14:34:40.000
TDCDAG;2023-03-30;;;;;;;;;;;;
T15526;2006-09-05;2015,507958;2,0;0,00840771473583952;9,5;9,0;9,0;9,5;6,5;9,5;8,333333333333334;9,0;2024-04-17 16:19:01.000
TDCCG5;2019-07-02;;;;;;;;;;;;
TFCXHI;2021-07-02;1177,546367;;;1,6666666666666667;4,0;6,333333333333333;3,6666666666666665;6,666666666666667;5,666666666666667;3,0;5,0;2024-07-22 09:35:38.000
TEZNRQ;2016-01-12;;;;9,0;9,0;9,0;8,0;7,0;9,0;7,0;7,0;2023-10-19 10:47:21.000
TDCEPF;2022-03-25;;;;;;;;;;;;
TFDHAN;2022-12-05;94,776287;;;;;;;;;;;
TEZBC3;2004-12-01;380,933358;1,0;0,0294270015754383;8,0;5,666666666666667;7,333333333333333;8,666666666666666;6,0;9,0;7,333333333333333;7,0;2022-05-18 00:00:00.000
TDCE8Z;2022-02-09;;;;;;;;;;;;
T32650;2012-05-23;174,708567;3,0;3029,10624188405;8,166666666666666;8,5;8,5;9,0;7,333333333333333;9,166666666666666;8,0;8,166666666666666;2023-05-22 17:23:51.357
TEZEUQ;2013-10-31;674,551238;3,0;5328,59099899196;8,8;8,2;8,0;9,2;6,6;9,2;8,0;8,2;2025-03-05 15:37:39.000
TDCGC5;2020-05-25;;;;;;;;;;;;
TFCYR3;2021-09-03;36,910837;;;;;;;;;;;
TFDCMG;2012-01-25;5731,900475;4,0;65947,6593352223;;;;;;;;;
TFED25;2024-12-16;30,023701;2,0;286,791353496854;;;;;;;;;
T48259;2003-01-30;;;;10,0;9,0;8,666666666666666;9,333333333333334;8,5;9,166666666666666;8,333333333333334;9,333333333333334;2025-03-07 09:16:44.000
TCBANZ;2019-05-31;25572,089268;1,0;1745,44998687502;;;;;;;;;
TFCVPH;2021-04-20;;2,0;238,627759632597;;;;;;;;;
TFDUJ1;2024-06-20;342,962314;2,0;19738,2664031595;;;;;;;;;
T01846;1996-09-03;749,130844;;;9,6;8,6;8,6;8,4;7,4;9,2;8,0;9,2;2024-08-21 11:32:02.000
TDCEH1;2020-07-15;;;;;;;;;;;;
T06198;2010-03-24;719,046394;;;;;;;;;;;
TFBXSO;2017-07-20;61,689835;;;8,0;5,0;8,0;9,0;7,0;9,0;8,0;7,0;2024-08-23 16:07:25.000
TEZESA;2013-10-28;;;;;;;;;;;;
T10121;2003-01-24;218,260527;;;9,285714285714286;9,0;8,857142857142858;9,142857142857142;7,142857142857143;9,571428571428571;8,857142857142858;9,142857142857142;2025-02-28 10:35:32.000
TFBKQU;2008-01-15;;;;6,0;8,0;8,0;9,0;7,0;9,0;8,0;8,0;2020-08-17 16:20:00.000
TFAEAJ;2016-12-07;203,868277;2,0;3202,33038858656;9,0;8,333333333333334;8,666666666666666;9,166666666666666;8,333333333333334;9,0;8,0;8,5;2025-02-25 09:40:50.000
TFDTMG;2024-04-22;442,628346;2,0;12797,2144451266;;;;;;;;;
TFECLE;2024-11-14;;1,0;120,70535660508;;;;;;;;;
TDCFUG;2017-02-24;;;;;;;;;;;;
TFDIWB;2023-03-09;;;;;;;;;;;;
TB2985;2012-04-15;1140,628185;;;9,25;8,5;9,0;9,5;8,25;9,5;9,0;8,5;2024-02-29 11:09:00.000
TDCGBV;2020-08-24;;;;;;;;;;;;
TDCCD9;2024-02-21;;;;;;;;;;;;
TFDQGO;2023-10-31;237,485862;;;;;;;;;;;
TB2743;2012-01-05;872,808501;1,0;3152,89302593982;9,0;7,5;8,5;7,5;7,0;8,5;8,0;8,0;2024-06-18 14:34:49.000
T18952;2003-02-17;161,668532;;;6,5;3,75;6,25;8,25;8,0;8,75;6,75;8,75;2024-09-02 10:31:21.000
TFCX62;2021-06-13;;1,0;859,903228465355;;;;;;;;;
TCAATF;2013-06-26;101,38087;;;;;;;;;;;
TFDCBH;2022-04-27;3199,293334;2,0;871,837979532879;;;;;;;;;
T28442;2010-02-04;802,693247;1,0;4138,16789268865;10,0;10,0;10,0;10,0;7,0;9,0;10,0;9,0;2023-05-17 12:56:35.593
TFEDS6;2025-01-15;;1,0;967,98860525194;;;;;;;;;
TFBJSN;2016-04-06;823,091685;;;9,0;8,5;8,0;9,5;7,5;8,0;9,5;8,0;2025-01-24 17:08:16.000
TDC0MZ;2019-05-01;92,909849;1,0;20,3971159491467;;;;;;;;;
TFBKOT;2015-01-10;141,265533;;;7,666666666666667;7,333333333333333;7,333333333333333;9,0;6,333333333333333;9,333333333333334;8,666666666666666;8,0;2024-03-15 15:49:22.000
T34846;2011-02-09;52,594459;;;9,833333333333334;8,5;8,666666666666666;9,333333333333334;7,5;9,166666666666666;8,0;8,5;2024-05-09 17:17:04.000
TFDSCV;2024-03-07;498,604474;1,0;18247,3431644825;;;;;;;;;
T08322;2011-06-30;580,741275;;;9,0;8,428571428571429;8,428571428571429;9,285714285714286;7,428571428571429;8,857142857142858;8,0;8,285714285714286;2024-10-21 10:55:08.000
TFBLB1;2014-12-27;235,171056;;;;;;;;;;;
TFCYEA;2021-08-18;;;;;;;;;;;;
TFCTM4;2020-12-22;26,253412;;;6,0;4,666666666666667;7,0;8,0;6,333333333333333;8,0;6,333333333333333;7,666666666666667;2024-12-12 15:50:24.000
TEXFEW;2011-10-06;95,240161;;;;;;;;;;;
TFBKX2;2015-01-30;1365,992404;5,0;19078,9838598633;9,0;10,0;10,0;8,0;6,0;10,0;8,0;10,0;2024-06-03 15:38:25.000
T36201;2009-12-22;160,787334;;;;;;;;;;;
TFDVE2;2024-08-12;389,71139;4,0;10853,4432830626;;;;;;;;;
TFCWI4;2021-05-26;1309,685291;;;8,75;8,5;8,5;9,25;7,75;9,0;8,0;8,25;2024-07-16 09:22:16.000
TB5773;2016-09-20;485,604248;;;9,666666666666666;7,0;8,0;9,666666666666666;6,333333333333333;7,333333333333333;7,333333333333333;7,666666666666667;2024-06-12 15:30:11.000
TDCFMC;2023-09-01;;;;;;;;;;;;
TEXKLJ;2006-10-27;2514,277514;4,0;12887,0676925085;8,6;8,6;8,4;9,0;7,4;9,0;8,2;8,2;2024-12-17 08:50:57.000
TDC536;2021-01-11;0,0;1,0;4568,84467231729;;;;;;;;;
T01384;2003-10-10;2994,304206;2,0;2134,9752067291;9,0;9,0;8,0;9,0;7,0;9,0;9,0;9,0;2025-02-24 11:47:59.000
TDCA8C;2016-06-08;;;;;;;;;;;;
TDCGCK;2019-11-06;;;;;;;;;;;;
TFCRF0;2023-06-05;887,838592;;;;;;;;;;;
TFCHJ3;2019-05-31;619,487988;;;8,8;9,0;9,0;9,6;7,6;9,4;7,6;8,6;2025-03-24 14:11:45.000
TEYJ00;2024-03-28;524,618301;1,0;175,906207703234;;;;;;;;;
TFDGD8;2022-10-20;2784,862128;1,0;5665,83704861858;9,0;8,0;8,0;9,0;7,0;9,0;8,0;8,0;2023-11-08 16:09:07.000
TFDBCK;2022-03-03;170,968292;;;10,0;8,0;8,0;9,0;8,0;9,0;8,0;9,0;2023-02-07 19:59:22.763
TFDELO;2022-08-11;112,908692;2,0;103,881519418665;10,0;10,0;8,0;7,0;10,0;7,0;10,0;8,0;2025-01-14 14:08:46.000
TEZFES;2013-12-10;43,857056;;;7,857142857142857;7,285714285714286;7,285714285714286;7,714285714285714;6,142857142857143;8,428571428571429;7,142857142857143;6,857142857142857;2024-05-17 09:27:14.000
TEYTDZ;2012-08-15;391,479204;;;;;;;;;;;
T38839;2010-05-31;315,661481;;;8,0;8,0;8,0;9,0;7,0;9,0;8,0;8,0;2022-03-04 16:45:00.000
TFECY4;2024-12-02;;1,0;1764,23702545225;;;;;;;;;
TB1719;2009-06-16;1365,532844;;;;;;;;;;;
TFDVNQ;2024-09-04;49,445069;1,0;63,7472931271352;;;;;;;;;
TFEDB9;2024-12-16;;2,0;1403,81090629892;;;;;;;;;
TCB063;2015-05-04;218,300733;5,0;4960,96787602474;6,0;5,0;5,0;8,0;5,0;5,0;2,0;6,0;2024-07-26 11:08:52.000
TDCGSV;2018-04-25;;1,0;63,6464005503052;;;;;;;;;
TCAUCX;2017-09-06;103,932785;2,0;34,2025835453952;;;;;;;;;
TA2609;2012-08-28;;;;;;;;;;;;
TEZGR6;2014-04-22;84,834787;;;3,0;8,0;8,0;9,0;7,0;9,0;8,0;8,0;2021-10-25 10:40:00.000
TFDBQ1;2022-03-29;887,348302;;;;;;;;;;;
TFDVK4;2024-08-29;2302,671841;1,0;12272,9345773439;;;;;;;;;
TDCCWB;2021-02-12;;;;;;;;;;;;
TFBLZR;2011-08-10;665,838759;;;10,0;8,0;8,0;9,0;7,0;9,0;8,0;8,0;2019-05-23 10:13:00.000
TDCFIH;2022-03-29;;;;;;;;;;;;
TEZFXT;2015-03-30;;;;;;;;;;;;
TEZEDP;2013-09-23;80,620703;;;8,8;8,8;9,0;9,4;7,2;9,2;9,2;9,2;2024-11-25 16:41:20.000
TFDVHV;2024-08-23;889,846303;2,0;7833,57711967325;;;;;;;;;
T08451;2002-01-08;;;;7,5;7,5;8,0;8,5;7,5;8,0;8,5;9,0;2024-10-09 11:22:30.000
TFECTF;2024-11-28;42,739216;1,0;132,434118661576;;;;;;;;;
TFDQ17;2023-10-10;494,63987;;;;;;;;;;;
TDCDC4;2020-10-29;;;;;;;;;;;;
TFDTSM;2024-05-02;;1,0;0,0840771473583952;;;;;;;;;
TFCEH0;2019-03-19;114,096892;;;9,333333333333334;8,333333333333334;8,666666666666666;9,0;7,333333333333333;9,333333333333334;8,0;7,666666666666667;2022-09-09 19:02:55.563
TEZGWY;2014-05-06;;1,0;103,08278651876;10,0;8,0;8,0;9,0;7,0;9,0;8,0;8,0;2020-08-19 16:05:00.000
TCAXU6;2014-04-14;49,960904;;;10,0;10,0;10,0;9,0;6,0;10,0;8,0;10,0;2022-09-09 19:26:56.613
T75330;2010-04-01;3386,070189;2,0;107378,725178467;7,8;8,0;8,0;9,0;7,4;9,0;8,0;8,6;2024-11-27 09:31:26.000
TB1029;2008-01-28;588,271735;;;9,0;8,0;8,5;10,0;7,0;9,0;5,0;8,0;2025-01-30 12:06:35.000
TFCZ69;2021-09-24;376,210027;1,0;24,9835243375471;9,5;9,5;9,5;9,5;9,0;9,5;9,5;9,5;2023-03-23 17:39:10.847
TFDPM9;2023-09-08;106,226948;;;;;;;;;;;
TFEEOE;2025-02-28;;1,0;213,782962588191;;;;;;;;;
TEVVM3;2010-06-30;2178,26683;1,0;0,00420385736791976;9,75;8,0;8,75;9,5;6,5;8,5;8,0;9,25;2024-04-25 10:01:05.000
T07272;1996-07-31;502,166737;1,0;0,00420385736791976;7,5;7,75;7,75;7,75;6,75;8,5;7,75;7,5;2024-11-21 17:20:51.000
TDCFCJ;2020-01-23;;;;;;;;;;;;
TFDU80;2024-05-28;2276,201693;1,0;4731,77357232575;;;;;;;;;
TEZJR8;2015-02-09;846,052569;1,0;1879,2335437517;9,0;8,0;8,0;9,0;7,0;9,0;8,0;8,0;2020-09-16 00:00:00.000
TFDQMY;2023-11-18;;;;;;;;;;;;
TFDBMD;2022-03-24;40,429997;1,0;52,1992969374597;;;;;;;;;
TEZN32;2015-11-25;861,648206;2,0;93354,8545803831;6,666666666666667;8,0;8,0;9,0;7,0;9,0;8,0;8,0;2022-03-11 11:19:00.000
TB4183;2014-03-21;331,39277;;;10,0;8,333333333333334;9,333333333333334;9,666666666666666;7,666666666666667;9,0;8,666666666666666;9,0;2024-08-27 15:54:03.000
TDCF1I;2023-05-16;;;;;;;;;;;;
TFCBTL;2018-10-30;260,059347;;;;;;;;;;;
TFDVCC;2024-08-05;;2,0;2069,55477836953;;;;;;;;;
TFDAPJ;2022-02-01;183,703626;;;;;;;;;;;
T99366;2011-02-11;;;;;;;;;;;;
TA2531;2004-05-01;107,317902;;;8,666666666666666;7,333333333333333;8,333333333333334;9,666666666666666;6,333333333333333;10,0;9,0;7,0;2024-05-08 09:16:36.000
TCAMQG;2016-06-01;;;;;;;;;;;;
TDCGDD;2019-03-18;;;;;;;;;;;;
T84560;2010-08-09;2897,631653;2,0;23529,8809060089;10,0;8,0;8,0;9,0;7,0;9,0;8,0;8,0;2019-04-08 14:25:00.000
TFECJ1;2024-11-08;;1,0;557,645883711924;;;;;;;;;
TB2752;2015-02-11;;;;;;;;;;;;
TDCE2L;2021-02-26;;;;;;;;;;;;
T09466;1996-09-25;1288,471357;;;;;;;;;;;
TFCIB4;2019-07-02;;;;;;;;;;;;
TFDVS5;2024-09-24;105,51724;1,0;221,127101409947;;;;;;;;;
T15062;2011-01-31;476,946929;;;8,0;8,0;8,0;9,0;7,0;9,0;8,0;8,0;2020-02-06 15:55:00.000
TDCDSO;2023-08-21;;;;;;;;;;;;
T17085;2007-12-26;405,496374;2,0;0,00840771473583952;7,6;8,0;8,0;8,8;6,8;8,6;8,0;7,0;2024-03-11 14:35:26.000
TFDMYW;2023-05-09;67,823741;;;;;;;;;;;
TDCFE1;2022-07-29;;;;;;;;;;;;
TFDEII;2022-08-04;;;;;;;;;;;;
TB3291;2016-08-02;6141,137391;5,0;140640,254232767;7,333333333333333;7,666666666666667;8,0;9,666666666666666;5,666666666666667;9,333333333333334;7,333333333333333;8,0;2023-03-27 17:28:27.650
T62318;2009-08-13;595,956236;2,0;0,00840771473583952;10,0;8,0;8,0;9,0;7,0;9,0;8,0;8,0;2021-11-23 11:36:00.000
TEZMYJ;2013-07-08;;;;7,666666666666667;5,666666666666667;7,0;10,0;7,666666666666667;4,0;6,0;9,666666666666666;2024-08-05 10:30:12.000
TCAGZU;2015-06-26;134,828376;;;;;;;;;;;
T08855;1992-02-21;2848,19518;;;9,6;8,4;7,8;8,4;6,4;9,6;8,2;8,8;2024-05-13 14:03:46.000
TB4727;2016-08-28;808,172629;;;8,166666666666666;7,333333333333333;8,333333333333334;9,166666666666666;7,666666666666667;9,0;8,833333333333334;7,666666666666667;2024-06-20 15:19:28.000
TFDPNN;2023-09-12;71,02708;;;;;;;;;;;
TEZE63;2013-09-10;1391,287787;5,0;51540,237198604;8,0;7,666666666666667;7,666666666666667;9,333333333333334;6,666666666666667;9,0;8,0;8,0;2024-10-04 10:01:16.000
TDC0TJ;2021-03-15;473,362838;2,0;16009,3776560967;7,0;7,0;7,0;8,0;5,0;7,0;7,0;7,0;2023-12-19 11:26:36.000
TB5155;2017-08-14;;;;7,666666666666667;6,333333333333333;8,333333333333334;9,333333333333334;7,666666666666667;8,666666666666666;7,666666666666667;9,333333333333334;2024-07-18 14:28:40.000
TFCEBK;2019-01-18;70,873801;;;8,333333333333334;8,0;8,0;9,0;6,333333333333333;9,0;8,0;8,0;2024-03-22 10:00:38.000
TFDPXB;2023-09-29;492,224843;;;;;;;;;;;
TFDROB;2024-01-30;;;;;;;;;;;;
TFBWZZ;2018-04-30;39,392521;;;;;;;;;;;
TEZMXD;2012-02-17;486,651617;;;;;;;;;;;
TB0791;2012-10-20;331,725915;3,0;369,922632947467;10,0;9,0;8,5;9,75;9,25;9,5;9,0;9,5;2025-01-20 11:53:32.000
TFDAEY;2022-01-14;72,982186;1,0;12,2332249406465;;;;;;;;;
TEZDR4;2013-08-08;75,078251;1,0;276,441456657035;10,0;6,0;5,5;9,0;7,5;10,0;9,0;10,0;2024-10-11 15:01:38.000
TEZFTH;2014-01-31;215,300322;;;7,4;7,4;7,8;8,8;6,8;8,2;7,6;8,2;2023-02-27 12:24:39.587
TFCRJ4;2020-08-31;970,064938;2,0;7698,74259845459;;;;;;;;;
TFC668;2018-08-06;30,874818;;;;;;;;;;;
TCAFRH;2014-12-17;;;;;;;;;;;;
TFDESX;2022-08-25;22,364305;;;;;;;;;;;
TEZLO7;2015-07-15;51,242026;1,0;0,235416012603507;7,0;8,0;8,0;9,0;7,0;9,0;8,0;8,0;2022-01-31 14:35:00.000
TDCEAA;2023-11-16;;;;;;;;;;;;
TFCQV8;2020-07-31;458,19117;3,0;108372,945853695;9,0;7,0;7,0;9,0;6,0;8,0;6,0;8,0;2022-10-03 14:49:36.737
T59082;2005-07-25;1601,982215;6,0;18665,3663334337;9,333333333333334;7,666666666666667;7,666666666666667;9,333333333333334;7,666666666666667;9,333333333333334;8,0;8,0;2022-04-14 00:00:00.000
TDCD0J;2016-05-06;;;;;;;;;;;;
TFCB37;2018-09-28;1192,766688;1,0;455,151637224672;9,4;9,2;9,2;9,0;6,0;8,4;9,0;8,2;2024-11-21 15:25:19.000
TFCRGT;2022-02-24;175,76925;;;8,5;8,0;9,0;9,0;8,5;9,0;9,5;9,5;2024-12-19 13:59:50.000
TB5129;2016-01-20;335,756465;;;9,8;9,0;9,0;9,2;8,4;9,4;8,8;9,0;2025-02-10 10:35:43.000
T17997;2004-10-18;914,873582;5,0;5641,38321030939;9,666666666666666;8,333333333333334;8,333333333333334;9,0;7,333333333333333;9,0;8,333333333333334;8,333333333333334;2024-07-02 16:56:28.000
TC1348;2011-06-15;2432,79538;;;;;;;;;;;
TFCRLG;2013-02-13;;;;9,0;8,0;8,0;9,0;7,0;9,0;8,0;8,0;2021-11-10 10:31:00.000
T12712;2010-11-29;179,117435;;;9,0;8,0;8,5;9,0;7,0;8,5;8,0;8,0;2022-07-15 13:37:02.163
TEZJBZ;2014-12-08;177,124527;2,0;11145,9518825798;6,0;8,0;8,0;9,0;7,0;9,0;8,0;8,0;2020-12-08 10:56:00.000
TFDQKY;2023-11-13;33,306029;;;;;;;;;;;
TDCCJO;2020-11-20;;;;;;;;;;;;
TFBSMQ;2013-11-01;524,197104;1,0;94,5867907781946;7,5;7,5;7,5;9,5;6,5;9,5;9,0;8,0;2022-03-24 00:00:00.000
TDCC5J;2019-02-22;;;;;;;;;;;;
TFECME;2024-11-18;;1,0;139,605899331247;;;;;;;;;
T58645;2010-04-13;1411,026423;;;8,0;8,0;8,0;9,0;7,0;9,0;8,0;8,0;2019-08-19 11:26:00.000
TFDUGN;2024-06-14;1117,218589;1,0;10199,1296991754;;;;;;;;;
TFCPYM;2021-09-30;675,727928;;;;;;;;;;;
TB0123;1998-01-05;539,356531;1,0;989,550189692;7,6;6,8;8,4;9,4;7,6;9,4;8,8;8,2;2024-04-19 14:27:13.000
T03314;1997-11-17;1784,897681;4,0;125737,689163783;8,0;7,0;7,0;9,0;7,0;7,0;7,0;9,0;2024-03-20 10:18:26.000
T07457;2001-05-31;1071,254709;1,0;146,962649725107;10,0;8,5;9,0;10,0;8,5;9,5;8,0;9,0;2025-03-11 15:54:24.000
TFDVFL;2024-08-16;212,477664;1,0;3429,06963958268;;;;;;;;;
TEZUTA;2016-09-27;295,291553;;;10,0;9,0;9,5;9,0;6,0;9,0;8,0;10,0;2024-08-14 10:36:24.000
TEWLW3;2006-08-07;252,324827;2,0;193,579224077969;8,666666666666666;7,0;6,333333333333333;6,0;7,0;8,0;7,333333333333333;8,666666666666666;2024-12-10 16:56:53.000
TFCX36;2021-06-23;;1,0;1072,18121011583;;;;;;;;;
TB5398;2016-05-20;192,825436;;;9,0;8,0;8,0;9,0;7,0;9,0;8,0;8,0;2019-08-22 09:59:00.000
TFDOC7;2023-06-30;848,121017;;;;;;;;;;;
TFDTJY;2024-04-16;42,77665;3,0;878,862625194673;;;;;;;;;
TFCZUK;2021-10-28;562,208606;1,0;3715,94086636952;8,0;8,0;8,0;9,0;2,0;8,0;2,0;8,0;2024-11-04 15:52:09.000
T37473;2000-08-16;1298,515005;;;7,666666666666667;8,0;7,666666666666667;8,666666666666666;7,0;9,0;8,0;8,0;2023-05-15 16:55:39.940
TFCFE7;2019-02-28;217,731677;;;9,0;9,0;9,0;9,0;9,0;9,0;9,0;9,0;2022-04-26 00:00:00.000
T61799;2011-03-25;;;;7,0;8,0;8,0;9,0;7,0;9,0;8,0;8,0;2019-08-27 11:22:00.000
TCAOQ8;2016-10-01;248,620888;1,0;63,7472931271352;;;;;;;;;
T21576;1991-02-01;7479,544905;1,0;0,00420385736791976;6,0;8,0;8,0;9,0;7,0;9,0;8,0;8,0;2021-08-02 10:59:00.000
TFCKB8;2019-09-16;183,482098;;;10,0;10,0;9,0;9,5;8,5;7,5;8,0;10,0;2025-03-24 11:20:31.000
TEZNZY;2016-03-11;1108,184795;;;;;;;;;;;
TAABOZ;2022-07-01;;;;;;;;;;;;
T06253;2012-06-29;243,573689;;;9,0;8,0;8,666666666666666;9,333333333333334;7,333333333333333;9,333333333333334;7,666666666666667;8,0;2023-08-10 11:02:15.000
TFDIM4;2023-02-15;;;;;;;;;;;;
TDCDIX;2024-08-05;;1,0;120,600260170882;;;;;;;;;
T75123;2007-06-22;273,429159;;;;;;;;;;;
TDCE41;2023-09-19;;;;;;;;;;;;
TFEBQE;2024-10-02;2547,874013;1,0;22535,0128367465;;;;;;;;;
T15644;2009-11-10;1090,74802;2,0;0,00840771473583952;8,8;8,2;8,2;9,0;7,0;9,0;7,6;9,0;2024-01-15 16:28:31.000
TDCC1H;2019-09-10;;;;;;;;;;;;
TAAC29;2010-09-29;379,884373;;;;;;;;;;;
T39536;2023-09-28;2802,973208;;;8,0;8,0;8,0;6,0;5,0;6,0;8,0;8,0;2024-04-08 10:49:10.000
TEZFFQ;2013-12-13;98,941859;1,0;594,286704530713;10,0;8,0;8,0;9,0;7,0;9,0;8,0;8,0;2020-01-10 11:02:00.000
TB0902;2014-03-05;486,502072;2,0;3584,26764589154;9,25;8,5;8,25;9,25;7,5;9,25;9,0;8,75;2024-10-17 09:17:43.000
T57766;2009-11-26;179,755671;;;8,0;8,0;9,0;9,0;8,0;8,0;8,0;8,0;2022-11-07 13:23:17.313
TFBERX;2017-02-22;723,718086;;;7,333333333333333;8,0;7,666666666666667;5,333333333333333;6,0;8,666666666666666;5,333333333333333;6,333333333333333;2023-02-24 13:26:13.203
TFEDCQ;2025-01-14;30,739539;1,0;276,655853382799;;;;;;;;;
TFDTLG;2024-04-23;30,085325;2,0;536,639208444429;;;;;;;;;
TFECW2;2024-11-29;1377,446714;1,0;21066,6517005632;;;;;;;;;
TB3859;2016-01-12;825,190903;;;8,5;7,0;7,5;9,0;5,5;9,0;9,0;6,0;2025-02-25 15:01:35.000
TDC118;2021-10-22;230,708985;1,0;14,7807625056059;;;;;;;;;
TFDQAE;2023-10-19;37,262818;;;;;;;;;;;
TFDQDP;2023-10-27;2395,113134;1,0;0,00420385736791976;9,0;9,0;9,0;9,0;10,0;9,0;10,0;7,0;2024-07-03 16:14:54.000
TB4951;2016-01-10;263,916998;;;9,5;8,5;8,5;9,5;7,5;9,25;8,25;8,5;2024-04-02 11:18:15.000
TDCGFY;2022-01-26;;;;;;;;;;;;
TFEDDL;2024-12-19;613,382726;1,0;616,474663718593;;;;;;;;;
TDCGB1;2015-08-18;;;;;;;;;;;;
TDCCDO;2021-08-03;;;;;;;;;;;;
TFDNMT;2023-05-31;185,083528;1,0;177,381761639374;;;;;;;;;
T36761;2012-12-21;550,259105;;;8,2;7,8;7,8;7,0;6,6;8,0;8,0;8,0;2024-12-10 10:55:51.000
TFCY75;2008-07-31;;;;10,0;10,0;10,0;9,0;7,0;10,0;10,0;10,0;2023-09-25 14:32:02.000
TEXHTW;2011-12-08;63,976091;;;;;;;;;;;
TEXKE8;2011-12-22;;;;;;;;;;;;
TFDVFA;2024-09-30;142,842391;2,0;2108,95332962167;;;;;;;;;
TB3627;2013-04-23;299,468438;4,0;7796,43603982767;3,0;8,0;8,0;9,0;7,0;9,0;8,0;8,0;2021-01-27 17:21:00.000
TDCHDH;2024-09-30;;1,0;76,5312233829792;;;;;;;;;
TFCMUC;2019-12-20;261,02342;;;7,666666666666667;6,666666666666667;7,333333333333333;8,666666666666666;6,0;8,333333333333334;8,0;7,666666666666667;2024-07-18 13:35:38.000
TB4892;2015-08-18;573,060102;1,0;817,21305689413;7,833333333333333;8,0;8,0;9,0;6,833333333333333;9,0;8,0;8,0;2023-03-09 14:21:45.740
T11271;2003-12-19;3791,314527;1,0;0,00420385736791976;;;;;;;;;
TDCCEO;2015-10-22;;;;;;;;;;;;
TDC1KW;2020-06-01;870,603802;1,0;592,172164274649;6,5;6,25;7,25;7,75;7,0;8,75;8,25;5,25;2025-01-17 15:36:48.000
TB5517;2016-02-05;137,767002;;;7,833333333333333;8,0;8,0;9,0;7,0;8,333333333333334;8,166666666666666;8,166666666666666;2024-11-13 16:19:25.000
TFDTWD;2024-05-14;64,449547;1,0;152,990981190704;;;;;;;;;
TFCMXL;2019-12-27;174,764014;;;9,0;8,0;8,0;7,0;7,0;9,0;8,0;8,0;2022-05-02 00:00:00.000
TDCFPL;2018-10-31;;;;;;;;;;;;
TFBLCS;2017-08-31;413,250698;;;8,666666666666666;8,333333333333334;8,166666666666666;8,833333333333334;7,666666666666667;8,833333333333334;7,833333333333333;8,333333333333334;2024-10-07 11:28:02.000
TFDEG5;2022-08-01;;;;;;;;;;;;
T53563;2006-08-17;1534,460648;;;9,75;7,5;8,5;9,0;6,0;9,0;8,0;8,0;2024-12-03 10:14:13.000
TFEEDZ;2025-02-13;;1,0;2348,1275907121;;;;;;;;;
TAAQR8;2011-03-21;96,866898;;;;;;;;;;;
TFEDZU;2025-01-31;1698,263369;1,0;13570,1861070808;;;;;;;;;
TFEBME;2024-09-27;34,609306;1,0;89,2436880635686;;;;;;;;;
TFEEEA;2025-02-14;;1,0;23874,7821799025;;;;;;;;;
TFEEPA;2025-02-28;;1,0;192,801510464904;;;;;;;;;
TFEC42;2024-10-30;25,538433;1,0;342,639598629668;;;;;;;;;
TDCFZB;2014-06-09;;;;;;;;;;;;
T09016;2002-05-03;55,271346;;;9,0;8,333333333333334;8,333333333333334;9,333333333333334;7,666666666666667;8,666666666666666;8,333333333333334;8,666666666666666;2024-11-26 08:31:39.000
TFDSH1;2024-03-20;19,822804;1,0;439,450229955492;;;;;;;;;
TEXCMR;2011-09-27;124,0146;;;9,0;8,25;8,25;9,25;7,5;8,75;8,5;8,25;2024-05-16 17:36:22.000
TDC34K;2018-12-01;;;;;;;;;;;;
TDCG5G;2022-08-18;;;;;;;;;;;;
T06883;2000-11-29;1749,566422;;;8,0;9,5;8,5;7,5;5,5;8,75;8,0;9,5;2024-10-30 13:59:36.000
TFBJZI;2017-05-19;259,354457;1,0;0,00420385736791976;6,5;8,0;9,0;9,5;7,0;9,5;9,0;9,0;2023-12-07 15:45:38.000
TEZHAX;2014-05-30;622,540771;2,0;475,296521731744;7,75;7,25;8,25;8,25;7,0;9,0;8,25;5,75;2024-07-19 13:45:11.000
TDCC2Q;2022-02-09;;;;;;;;;;;;
TEZCV3;2013-05-24;123,763278;;;6,0;8,0;8,0;9,0;7,0;9,0;8,0;8,0;2022-03-15 00:00:00.000
T07650;2001-06-30;288,641263;1,0;63,8986319923804;9,75;7,75;8,0;9,25;6,5;7,75;9,0;9,0;2024-10-21 10:02:58.000
TFDGEM;2022-10-25;141,135779;;;;;;;;;;;
TDCA0I;2023-12-26;;;;;;;;;;;;
TDCG40;2014-06-09;;;;;;;;;;;;
TFEET3;2025-03-11;;1,0;18304,4063243946;;;;;;;;;
TDCEAJ;2020-07-16;;;;;;;;;;;;
T57575;2009-09-30;847,219777;;;4,0;7,5;7,5;9,5;7,5;9,5;8,0;8,0;2023-09-15 11:04:25.000
TDCGZQ;2023-08-09;;;;;;;;;;;;
TFCIE1;2019-07-08;723,481941;;;8,2;8,0;8,0;9,2;7,4;8,6;7,6;8,0;2023-02-23 12:23:38.717
T26902;2000-06-26;644,151126;3,0;29154,8312378671;6,333333333333333;5,333333333333333;7,333333333333333;8,666666666666666;5,0;8,666666666666666;8,0;7,333333333333333;2024-10-17 16:46:40.000
T42299;2012-06-25;629,636335;2,0;4276,53365409636;;;;;;;;;
TFBT97;2018-01-30;;;;;;;;;;;;
TFDGKR;2022-10-31;346,966062;2,0;893,534087408713;8,0;7,5;8,0;9,0;7,5;9,0;7,0;8,5;2024-10-10 10:35:46.000
TFDGZL;2022-11-30;99,073226;2,0;883,133744280479;;;;;;;;;
TFDQFU;2023-10-31;106,484353;;;;;;;;;;;
TEZLEW;2017-08-10;928,542475;2,0;3761,79654253879;9,0;6,5;7,5;8,5;5,5;8,5;8,0;9,5;2025-02-13 15:32:48.000
TEZJBE;2014-12-04;177,528686;;;7,4;7,6;8,0;9,0;7,0;8,6;8,0;8,0;2024-12-09 16:09:09.000
TFBYN7;2010-08-25;1983,112561;1,0;19865,4288846817;;;;;;;;;
TDC9ZM;2017-10-16;;;;;;;;;;;;
TFBU18;2018-03-16;194,943013;;;8,0;8,5;8,333333333333334;9,166666666666666;7,333333333333333;9,166666666666666;8,0;8,166666666666666;2023-12-19 14:27:33.000
T76189;2010-11-30;184,10412;1,0;21800,5611198546;;;;;;;;;
TFDB05;2022-02-23;264,418891;1,0;1458,16257820875;;;;;;;;;
TEZBAC;2012-12-03;639,846646;;;5,0;8,0;8,0;9,0;7,0;9,0;8,0;8,0;2019-02-25 16:11:00.000
T06816;2012-04-10;303,545206;3,0;883,070686419961;8,0;7,4;7,6;8,6;7,4;9,4;8,0;8,0;2023-08-09 16:06:26.000
TEZEI8;2006-05-29;;;;;;;;;;;;
T57058;2015-11-30;403,92263;;;;;;;;;;;
T84929;2008-09-08;212,162375;;;8,5;7,5;8,0;9,0;6,5;8,5;7,5;8,0;2025-02-25 10:18:26.000
TDCDL1;2018-12-27;;;;;;;;;;;;
TB4232;2008-10-06;332,344129;2,0;30667,3791188446;7,0;5,0;8,0;7,0;3,0;7,0;8,0;8,0;2022-05-12 00:00:00.000
T04404;2010-11-11;426,1583;;;8,5;8,0;8,0;9,0;7,333333333333333;9,166666666666666;8,0;8,0;2024-12-03 09:51:01.000
TFDITE;2023-03-01;110,502432;;;;;;;;;;;
TEZJX7;2015-02-25;84,044934;;;9,0;8,0;8,0;9,0;7,8;9,4;8,2;8,4;2024-11-29 11:05:52.000
T03455;2004-08-26;207,223473;1,0;34,1395256848764;9,2;8,6;8,4;9,0;7,4;9,0;8,0;9,0;2025-02-24 09:14:18.000
TFEDIF;2025-01-13;1516,85183;3,0;78603,8007347963;;;;;;;;;
TDCEJ3;2023-07-25;;;;;;;;;;;;
T21416;2006-08-30;115,596194;;;6,75;5,75;6,5;8,25;5,75;6,5;7,0;6,5;2023-02-06 12:25:13.480
T09724;1997-09-25;307,255086;;;9,666666666666666;8,166666666666666;8,0;9,333333333333334;7,666666666666667;9,0;8,833333333333334;7,5;2024-10-07 16:32:54.000
T38502;2010-07-16;6761,687927;3,0;2920,9115648059;8,0;5,5;7,5;8,5;7,0;7,0;9,0;6,5;2024-10-23 14:53:12.000
TFCXNE;2021-07-15;;;;;;;;;;;;
TFECPV;2024-11-22;;1,0;96,81903904056;;;;;;;;;
TFCXQQ;2021-07-21;;;;8,5;8,0;8,5;9,0;7,0;8,5;8,0;9,0;2023-03-07 16:39:37.957
TFDOF6;2023-07-10;344,733035;1,0;3469,51074746206;;;;;;;;;
T54187;2008-04-15;809,50518;4,0;1502,20639185245;8,428571428571429;6,857142857142857;7,285714285714286;8,285714285714286;6,714285714285714;8,714285714285714;6,857142857142857;7,714285714285714;2025-02-06 14:41:02.000
TB6410;2017-02-10;;;;8,5;8,0;8,0;9,0;8,0;6,5;8,0;8,0;2023-07-11 10:37:45.000
T76289;2008-09-16;323,52479;1,0;3363,08589433581;;;;;;;;;
TFCRXC;2020-10-01;41,038702;;;8,5;6,5;9,5;9,5;9,0;9,0;9,0;8,5;2023-03-01 19:03:16.737
TFDQBB;2023-10-23;53,395294;1,0;162,222651970656;;;;;;;;;
TDCD3O;2021-05-25;;;;;;;;;;;;
TFDTIP;2024-04-11;905,088169;3,0;21835,2765739989;;;;;;;;;
TDCCSG;2022-07-15;;;;;;;;;;;;
TFEDQH;2025-01-13;524,523691;1,0;524,523691510084;;;;;;;;;
TFBSVB;2018-01-22;540,877497;6,0;49342,7674482434;6,0;7,333333333333333;7,0;7,666666666666667;6,333333333333333;8,333333333333334;8,0;8,0;2022-06-27 12:39:17.000
TEZMHI;2015-09-29;330,274762;1,0;107,664991049793;9,0;8,0;8,0;10,0;9,0;9,0;7,0;8,0;2024-07-01 14:34:08.000
TFDSXB;2020-09-25;;;;;;;;;;;;
TFCUKX;2022-12-12;576,900829;;;9,0;9,0;8,5;8,0;8,0;8,5;8,5;8,0;2024-07-08 10:20:31.000
T51367;2013-05-16;527,616203;4,0;88037,8662277266;8,0;7,4;8,0;8,2;6,6;8,6;6,6;7,8;2025-01-24 15:13:10.000
TFDVEW;2024-08-14;;1,0;334,084748885951;;;;;;;;;
TFDRKC;2024-01-18;310,753987;;;;;;;;;;;
TFCHLH;2021-09-30;;;;;;;;;;;;
TFCVYE;2021-07-08;28,1838;4,0;840,687396436594;;;;;;;;;
TFCVYN;2024-04-30;459,932363;1,0;2086,37861555594;;;;;;;;;
T21777;1991-03-18;493,015587;1,0;30003,4765363012;;;;;;;;;
TEZLOS;2024-05-06;;1,0;120,209301435666;;;;;;;;;
T12315;2004-08-18;71,824953;;;;;;;;;;;
T03967;2005-11-30;789,44992;;;8,0;7,0;6,5;9,0;7,5;7,0;7,5;7,5;2023-05-02 20:30:15.243
TDCC8Q;2023-03-29;;;;;;;;;;;;
TFCXZX;2021-08-02;;;;;;;;;;;;
TFCRYN;2020-11-06;274,784196;2,0;4582,301219752;9,5;9,0;9,0;9,0;8,5;9,5;8,5;9,5;2024-12-11 16:50:03.000
TDCCPF;2022-07-11;;;;;;;;;;;;
T11910;2004-06-01;585,699625;2,0;0,00840771473583952;5,5;7,0;6,5;8,5;7,5;8,5;7,5;7,5;2023-09-26 14:31:16.000
TEZKMD;2015-04-22;561,992876;;;7,0;8,0;8,0;9,0;7,0;9,0;8,0;8,0;2021-12-15 10:19:00.000
TFCWKZ;2021-05-31;114,552526;;;10,0;9,0;9,0;10,0;9,0;9,0;10,0;9,0;2024-11-26 10:28:52.000
T83980;2011-05-03;;;;;;;;;;;;
TDCFEX;2021-12-29;;;;;;;;;;;;
TFDFF6;2022-09-14;28,186863;1,0;34,3286992664328;;;;;;;;;
TDC9SP;2020-04-09;;;;;;;;;;;;
TFDTRI;2024-04-30;955,247213;1,0;10543,8796342037;;;;;;;;;
TFECW9;2024-11-29;728,072222;1,0;14955,5378756771;;;;;;;;;
TEZGOP;2014-04-10;754,307694;2,0;0,00840771473583952;9,5;9,0;9,0;9,5;7,5;8,5;8,0;7,5;2023-03-30 18:58:31.190
TDCELT;2018-10-01;;;;;;;;;;;;
TDCEPW;2024-05-27;;1,0;120,209301435666;;;;;;;;;
TEZCO4;2013-04-30;661,248491;1,0;568,130303987516;10,0;7,0;6,0;7,0;8,0;10,0;9,0;9,0;2024-10-01 16:37:20.000
TFCQRY;2020-07-31;972,578916;;;;;;;;;;;
TFDSHL;2024-03-20;319,330158;3,0;1246,50256359136;;;;;;;;;
TEZOU0;2016-06-24;;;;3,0;8,0;8,0;9,0;7,0;9,0;8,0;8,0;2021-08-19 15:21:00.000
TB4733;2015-09-25;151,474435;2,0;5003,02326513341;9,0;8,666666666666666;8,666666666666666;9,333333333333334;7,333333333333333;9,0;8,0;7,666666666666667;2024-09-23 16:15:19.000
T15074;2006-05-23;201,50203;;;5,2;7,4;7,6;8,8;5,6;7,8;7,4;7,2;2025-03-05 17:49:38.000
T74414;2007-09-21;1304,132128;2,0;3694,16908906106;8,0;7,4;8,0;8,6;6,8;8,6;8,0;7,4;2024-12-11 15:35:43.000
TFBKPC;2017-07-24;123,867411;;;8,5;8,5;8,0;9,5;7,5;9,0;9,0;8,0;2024-03-12 16:04:09.000
TDCH9X;2019-04-08;;;;;;;;;;;;
TB5814;2023-05-11;52,213075;;;;;;;;;;;
TEZAXR;2012-11-15;;;;;;;;;;;;
TB5560;2017-03-10;;;;;;;;;;;;
TD0569;2012-11-14;986,002134;;;8,0;6,75;6,75;8,75;7,0;9,0;8,0;8,0;2024-07-19 09:25:29.000
T54374;2011-06-30;108,366792;;;10,0;8,0;9,0;9,0;6,0;8,0;8,0;4,0;2024-01-23 16:43:10.000
TB2234;2012-01-28;716,110574;2,0;15926,6667623829;7,833333333333333;8,166666666666666;8,166666666666666;8,833333333333334;7,166666666666667;8,5;8,166666666666666;7,833333333333333;2024-12-09 15:39:43.000
TFBRJZ;2017-12-20;720,761363;2,0;38,8940883679936;8,857142857142858;7,714285714285714;8,0;8,571428571428571;7,714285714285714;8,285714285714286;8,0;8,428571428571429;2024-07-22 10:15:29.000
TDCE40;2023-07-13;;;;;;;;;;;;
TB5585;2016-02-15;170,327922;5,0;20268,4989329752;8,5;7,25;7,5;9,0;7,0;9,0;8,25;8,0;2024-07-29 14:41:58.000
T79264;2012-12-14;354,110881;1,0;6956,29514484891;;;;;;;;;
TFDEUW;2022-08-26;533,613632;;;10,0;10,0;10,0;10,0;10,0;10,0;10,0;10,0;2024-11-06 16:45:28.000
TFEDGP;2024-12-27;748,06801;1,0;12093,0262974264;;;;;;;;;
TDCG7Q;2022-12-02;;;;;;;;;;;;
TEWBJ1;2011-02-28;246,516759;;;9,0;8,0;9,0;9,5;6,25;9,5;9,0;8,0;2024-11-28 16:26:38.000
TDCDTD;2022-01-03;;;;;;;;;;;;
TEXSOB;2012-03-30;1227,443767;3,0;7298,66569660703;9,0;8,428571428571429;8,714285714285714;9,571428571428571;7,571428571428571;9,428571428571429;7,857142857142857;8,571428571428571;2025-01-15 10:43:26.000
TDCCU0;2015-06-03;;;;;;;;;;;;
TFDCTV;2022-02-21;2427,745646;1,0;908,987467093186;;;;;;;;;
T50762;2013-05-14;543,402914;;;;;;;;;;;
T36812;2009-11-05;1304,0567;;;6,833333333333333;7,5;7,666666666666667;8,5;7,5;8,833333333333334;8,0;8,0;2024-04-16 09:11:53.000
T13830;2005-06-15;388,771794;1,0;0,00420385736791976;9,5;9,0;9,0;9,5;7,5;9,5;9,0;7,5;2024-11-06 17:44:59.000
TFDJAJ;2023-03-23;404,580233;1,0;108,434296948122;;;;;;;;;
TFCT16;2020-11-30;778,277815;;;9,0;8,0;10,0;9,0;6,0;8,0;8,0;8,0;2024-08-26 13:48:21.000
TFBXEA;2017-07-10;96,271293;4,0;427,061462292233;8,5;8,0;9,0;9,0;7,5;9,0;8,25;8,0;2025-02-13 11:56:04.000
TFDOU6;2023-08-04;319,035047;;;9,0;8,0;8,0;9,0;7,0;10,0;8,0;8,0;2024-02-27 10:18:12.000
TDC857;2021-09-28;;;;;;;;;;;;
TFDBJH;2022-03-21;699,163262;1,0;3837,13807428665;7,5;8,5;9,0;8,0;6,0;8,0;5,0;6,5;2025-01-21 10:55:01.000
TEZEM1;2013-07-18;;;;8,0;8,0;8,0;9,0;7,0;9,0;8,0;8,0;2019-10-30 11:19:00.000
TFDOQK;2023-07-31;;;;;;;;;;;;
TFDVQM;2024-09-12;;1,0;64,0037284265783;;;;;;;;;
T53335;2000-01-01;1501,562483;1,0;0,00840771473583952;5,333333333333333;7,333333333333333;7,333333333333333;7,333333333333333;7,0;8,333333333333334;8,0;7,0;2024-11-28 13:45:15.000
TFDEFM;2022-07-29;289,840267;7,0;5519,96740180914;8,0;7,5;8,5;9,0;6,0;8,0;6,0;7,0;2024-03-06 17:34:17.000
TDCF8M;2019-12-13;;;;;;;;;;;;
TFDHTZ;2023-11-30;1675,173125;1,0;6186,95981951802;;;;;;;;;
TFDSM6;2024-03-28;945,667406;1,0;3499,87100537318;;;;;;;;;
T06435;2005-09-29;307,879121;;;10,0;9,0;9,0;9,5;8,5;8,5;8,0;8,5;2024-07-22 14:55:08.000
TFD080;2021-11-10;323,05034;1,0;3274,93941304527;;;;;;;;;
TEZCT3;2015-07-31;106,634645;;;10,0;5,333333333333333;7,0;8,666666666666666;9,333333333333334;7,666666666666667;10,0;8,0;2025-03-11 14:44:51.000
TFBKJR;2017-06-30;123,48504;;;;;;;;;;;
TFDEDL;2022-07-29;315,854775;;;8,0;6,0;6,0;9,0;5,0;7,0;8,0;5,0;2024-10-02 14:47:13.000
TDCE7R;2023-03-31;;;;;;;;;;;;
TDCGE2;2021-07-08;;;;;;;;;;;;
TFEEWC;2025-03-19;;1,0;297,637305506087;;;;;;;;;
T07684;2001-11-14;1356,163505;4,0;47705,5163423039;8,25;7,75;8,0;8,25;6,5;9,0;8,25;8,75;2025-02-11 14:37:46.000
TFDUHZ;2024-06-19;31,88088;2,0;370,864296997881;;;;;;;;;
TEZFEU;2013-12-10;;;;;;;;;;;;
TC0486;2011-07-04;189,83488;;;9,0;10,0;10,0;10,0;8,0;10,0;10,0;10,0;2022-09-15 14:43:37.893
TFDSS1;2024-04-08;;1,0;620,607055511258;;;;;;;;;
TDCC5H;2015-12-22;;;;;;;;;;;;
TFCAFR;2018-08-30;1605,867363;2,0;4188,01302950007;;;;;;;;;
TFDFJK;2023-05-30;693,488129;3,0;18206,4984862958;10,0;10,0;10,0;10,0;10,0;10,0;10,0;10,0;2024-05-28 15:05:15.000
TDCEEB;2022-06-09;;;;;;;;;;;;
TFEDIO;2024-12-30;;1,0;167,460658251084;;;;;;;;;
TDCF0V;2022-04-29;;;;;;;;;;;;
TFDUSS;2024-07-02;913,012309;2,0;17867,8441444509;;;;;;;;;
TEZDBB;2013-06-19;;;;;;;;;;;;
TFDUR4;2024-07-04;56,161389;1,0;623,562367240906;;;;;;;;;
TEZOOU;2016-05-23;1088,791813;4,0;14030,0418607001;;;;;;;;;
TA3512;2013-01-18;544,279604;1,0;87,9194729926738;;;;;;;;;
TFECLK;2024-11-14;;1,0;128,511919737307;;;;;;;;;
TFCPRD;2020-05-29;1486,522739;4,0;49244,6410095615;10,0;9,0;9,0;9,0;9,0;10,0;8,0;10,0;2024-01-19 10:40:44.000
TFCPXC;2020-06-15;106,269398;;;9,4;8,2;8,4;9,2;7,6;9,2;8,2;8,2;2023-11-24 14:24:56.000
TDCC2N;2021-11-05;;;;;;;;;;;;
TFDRUS;2024-02-15;615,218367;;;;;;;;;;;
TFCRDM;2020-08-21;75,879786;;;7,0;8,0;8,0;9,0;7,0;9,0;8,0;8,0;2022-02-25 14:29:00.000
TCAISI;2015-07-30;;;;;;;;;;;;
T04305;1998-12-28;901,79031;4,0;39574,8273992956;10,0;9,0;9,0;9,5;8,5;9,5;9,0;9,0;2025-02-04 17:08:50.000
TFDJT2;2023-04-25;122,396533;1,0;52,3632473748085;8,0;7,0;8,0;9,0;7,0;9,0;8,0;8,0;2024-05-07 09:56:20.000
TDCDIF;2021-09-16;;;;;;;;;;;;
TDCAC2;2023-03-16;;;;;;;;;;;;
TDCCYD;2015-04-13;;;;;;;;;;;;
TFCGN2;2021-08-12;181,604259;;;;;;;;;;;
TFEBMS;2024-09-27;364,554307;1,0;3378,74946688868;;;;;;;;;
TB2014;2010-10-05;134,876698;;;10,0;8,0;8,0;9,0;7,0;9,0;8,0;8,0;2020-10-07 00:00:00.000
TDCC2F;2020-09-28;;;;;;;;;;;;
TFDTS2;2024-04-30;358,378469;1,0;7487,40628085453;;;;;;;;;
TFDQH4;2023-10-31;531,159793;3,0;2608,07731491479;;;;;;;;;
TFCQJC;2020-07-14;124,19925;1,0;36,4348318077606;8,0;8,0;8,0;8,0;8,0;8,0;7,0;8,0;2023-06-13 11:01:19.000
TFDPWX;2023-09-29;546,425694;3,0;3142,24465522688;5,0;8,0;8,0;0,0;0,0;10,0;8,0;8,0;2024-12-05 15:36:02.000
TFEDLT;2025-01-09;;2,0;43,2913231748377;;;;;;;;;
TDCGBB;2018-12-19;;;;;;;;;;;;
TFCAQP;2018-09-14;347,148936;;;10,0;5,0;7,0;7,0;6,0;8,5;9,0;7,5;2023-04-13 21:27:47.693
TAAJUS;2010-12-15;34,674396;;;;;;;;;;;
T92121;2009-12-09;3933,994123;1,0;9028,97759310017;7,5;8,0;8,0;9,0;7,0;9,0;8,0;8,0;2021-07-01 09:32:00.000
TFDQDY;2023-10-27;615,954517;;;;;;;;;;;
TDCEH6;2022-03-23;;;;;;;;;;;;
TDCFFG;2024-02-21;;;;;;;;;;;;
TDCEOX;2018-04-13;;;;;;;;;;;;
TFDTMX;2024-04-25;17,821297;1,0;204,858173396098;;;;;;;;;
T01254;2006-11-30;438,545686;1,0;0,0420385736791976;8,5;8,25;8,0;9,0;6,75;8,75;8,25;8,25;2025-01-23 15:33:31.000
TDCERW;2022-11-28;;;;;;;;;;;;
TFBJT0;2021-05-28;1434,200898;;;8,0;9,0;10,0;9,0;2,0;9,0;9,0;8,0;2023-09-26 10:28:23.000
TEZJH2;2014-12-23;1300,232247;3,0;542,890344350526;8,6;8,4;8,4;9,2;7,0;9,0;8,0;8,4;2024-05-10 11:10:16.000
T73768;2010-07-27;1211,201647;1,0;2581,52154792164;9,0;7,666666666666667;9,333333333333334;9,0;6,666666666666667;9,333333333333334;9,333333333333334;8,0;2024-07-01 15:57:30.000
TB3109;2012-08-15;;;;10,0;8,0;8,0;9,5;7,0;9,5;8,0;8,0;2022-06-13 18:19:37.000
TFDCJ4;2022-05-10;28,286397;;;;;;;;;;;
TFCZFY;2021-09-30;602,958592;3,0;3645,95925276576;7,5;7,5;8,5;7,5;7,0;9,5;8,0;8,0;2024-11-21 10:07:28.000
T03655;1998-05-29;103,584464;;;9,428571428571429;7,142857142857143;7,714285714285714;8,714285714285714;7,428571428571429;9,0;8,0;8,428571428571429;2024-06-21 15:02:48.000
TDCCUF;2020-05-12;;;;;;;;;;;;
TEZMJK;2013-07-30;207,54744;;;;;;;;;;;
T00390;1994-03-01;2950,072429;;;8,75;8,75;8,0;8,0;7,25;8,5;8,0;8,25;2024-02-23 15:33:01.000
TFDTRS;2024-04-30;1324,513754;1,0;9354,99513969709;;;;;;;;;
TDCG9O;2024-04-03;;1,0;124,896602400896;;;;;;;;;
TFDPNU;2023-09-13;14,012857;1,0;25,2315519222544;;;;;;;;;
TFCOXM;2020-03-25;;;;6,75;7,0;8,0;8,75;6,75;8,5;8,0;8,0;2025-01-23 15:38:34.000
TEXCJH;2011-09-26;290,169152;2,0;7750,45424793737;8,428571428571429;8,142857142857142;8,428571428571429;9,142857142857142;7,285714285714286;9,0;7,714285714285714;8,142857142857142;2025-03-07 15:05:55.000
TEVVQ4;2014-04-30;750,134206;1,0;0,00420385736791976;8,666666666666666;8,0;8,0;9,0;7,0;9,0;8,0;8,0;2023-12-21 11:34:18.000
TFDUEW;2024-06-06;622,965804;3,0;69951,5181888633;;;;;;;;;
TFCWN6;2021-05-31;1417,850177;1,0;1806,31343384776;10,0;8,0;8,0;8,0;8,0;9,0;7,0;8,0;2023-11-24 16:08:03.000
T42463;2010-11-16;1497,819413;2,0;5079,89079710582;7,857142857142857;7,428571428571429;7,571428571428571;8,714285714285714;7,428571428571429;8,571428571428571;8,0;7,857142857142857;2024-11-08 14:34:54.000
TDC9Z1;2020-11-24;;;;;;;;;;;;
TDCGPQ;2021-02-22;;;;;;;;;;;;
TCBCNW;2012-06-28;;;;;;;;;;;;
T14539;2010-01-14;368,914463;;;8,0;8,0;8,0;9,0;7,0;9,0;8,0;8,0;2021-08-18 11:43:00.000
TDCGUZ;2021-05-27;;;;;;;;;;;;
T28098;2012-12-19;1122,038657;;;10,0;8,0;8,0;9,0;7,0;9,0;8,0;8,0;2019-10-31 11:45:00.000
TDCFOY;2022-04-12;;;;;;;;;;;;
TFDB66;2022-02-25;326,388286;1,0;33,1432114886794;;;;;;;;;
TEZCHF;2013-04-03;;;;;;;;;;;;
TEZOOJ;2016-05-30;219,067035;;;4,2;8,0;8,0;9,0;6,8;9,0;8,0;7,6;2023-03-21 19:13:13.270
TFBLO2;2017-09-29;1197,846794;2,0;886,471607030608;8,6;8,4;9,0;9,2;6,4;8,4;9,2;7,0;2024-04-03 09:25:18.000
T44012;2011-09-30;1047,574865;2,0;318,942454646704;6,833333333333333;8,5;8,666666666666666;9,333333333333334;8,0;9,166666666666666;8,0;8,333333333333334;2024-07-23 15:03:51.000
T23438;1991-12-30;1335,935397;;;4,0;8,0;8,0;9,0;7,0;9,0;8,0;8,0;2019-09-03 10:31:00.000
TDCDAS;2022-11-22;;;;;;;;;;;;
TFDVHQ;2024-08-23;33,695317;1,0;36,4558510946002;;;;;;;;;
T60726;2009-06-25;1091,178161;2,0;0,00840771473583952;10,0;10,0;10,0;10,0;10,0;10,0;10,0;10,0;2023-08-21 15:52:40.000
TFED39;2024-12-09;;1,0;203,235484452081;;;;;;;;;
TFBYGE;2013-11-06;149,963101;;;;;;;;;;;
TFBSPA;2021-10-21;390,173491;3,0;19354,2019940263;;;;;;;;;
TFDOH7;2023-07-14;;;;;;;;;;;;
T73851;2009-11-03;2853,373461;7,0;51910,6979252946;;;;;;;;;
TDCGKR;2022-09-29;;;;;;;;;;;;
TFCBN5;2018-10-22;800,358304;;;;;;;;;;;
TFEEER;2025-02-17;;1,0;533,103764398008;;;;;;;;;
TFDOSH;2023-07-31;782,912246;;;;;;;;;;;
T26188;2010-08-03;105,596007;;;7,0;8,0;8,0;9,0;7,0;9,0;8,0;8,0;2019-05-27 15:06:00.000
TEZGC5;2010-01-28;748,886533;;;8,0;7,5;7,5;8,0;7,5;8,0;8,0;7,0;2022-11-09 19:48:04.820
TFDNXL;2023-06-23;;;;;;;;;;;;
TFCSHZ;2020-10-30;;1,0;40,3612345893976;;;;;;;;;
TFDUP6;2024-06-28;;1,0;1352,67938913291;;;;;;;;;
TFBQZU;2014-12-15;238,210451;4,0;17586,8709295513;8,0;7,5;8,5;9,0;7,0;9,0;8,0;8,5;2022-05-09 00:00:00.000
TDCG5J;2023-04-10;;;;;;;;;;;;
T04819;2008-07-18;1254,596245;5,0;15449,4238546898;8,333333333333334;8,0;8,0;8,0;7,166666666666667;8,333333333333334;8,166666666666666;8,5;2025-03-24 09:31:00.000
TA8438;2010-07-29;;;;;;;;;;;;
T07483;2010-12-27;1574,639723;3,0;1707,93055986634;10,0;9,0;9,0;8,0;5,0;9,0;8,0;9,0;2022-08-29 18:18:02.577
T04786;2022-07-29;;;;;;;;;;;;
T57095;2008-08-11;228,770414;2,0;2263,54177661219;9,285714285714286;8,714285714285714;8,571428571428571;9,428571428571429;6,571428571428571;9,285714285714286;8,857142857142858;8,142857142857142;2025-01-14 15:02:30.000
TFCCRW;2004-02-03;312,755553;;;10,0;8,0;9,0;8,0;6,5;8,0;8,0;8,5;2023-03-23 18:33:23.893
TB0766;2005-10-10;606,978166;3,0;41119,7996321519;9,0;7,666666666666667;7,666666666666667;9,333333333333334;7,666666666666667;8,666666666666666;8,666666666666666;8,0;2024-03-26 15:52:27.000
T42367;2002-07-01;148,833042;;;9,6;8,0;8,0;9,2;7,8;9,2;8,0;8,4;2023-04-13 17:54:33.050
T16016;2007-02-15;;;;;;;;;;;;
TCAIVC;2015-09-30;68,959499;2,0;87,1627786664483;0,0;8,0;8,0;9,0;7,0;9,0;8,0;8,0;2019-11-05 16:22:00.000
TEZKLA;2015-04-13;458,223508;1,0;8782,7198323448;10,0;3,0;5,0;9,0;8,0;9,0;8,0;9,0;2022-09-01 13:45:42.643
TDC890;2021-08-06;;1,0;643,539097453261;;;;;;;;;
T44252;2017-11-09;;1,0;942,239978873431;;;;;;;;;
T09269;2000-11-30;213,194498;;;;;;;;;;;
T76374;2016-05-23;;;;;;;;;;;;
TFDRKS;2024-01-22;881,313809;1,0;8984,72358658808;;;;;;;;;
TFDUGH;2024-06-13;;1,0;639,810275967916;;;;;;;;;
TFBO04;2017-05-29;142,410923;;;;;;;;;;;
TEZNKM;2015-12-29;481,419493;;;9,333333333333334;8,0;8,666666666666666;8,666666666666666;7,333333333333333;8,333333333333334;9,0;8,666666666666666;2024-08-07 10:38:20.000
TB6029;2018-08-20;88,241148;;;7,0;5,5;6,5;9,5;6,5;9,5;8,0;7,5;2023-06-07 16:34:42.000
TDCE78;2023-06-09;;;;;;;;;;;;
TDCDO2;2022-10-05;;;;;;;;;;;;
TFBZTD;2018-06-29;297,353176;;;;;;;;;;;
TEZINH;2014-09-18;;;;;;;;;;;;
TDC9W4;2021-08-19;;;;;;;;;;;;
TFDQLY;2023-11-16;22,697195;1,0;249,91932052283;;;;;;;;;
TFDREI;2023-12-28;;;;;;;;;;;;
TDCH8W;2020-01-30;;;;;;;;;;;;
TDCEUM;2021-11-10;;;;;;;;;;;;
TFBZXZ;2018-07-04;68,168026;;;8,0;8,0;8,0;9,0;7,5;8,5;8,0;8,0;2022-08-03 17:51:32.000
TFDF53;2022-08-31;607,13605;;;;;;;;;;;
TFCMM7;2019-12-16;;1,0;535,760602254534;;;;;;;;;
TDCEP1;2020-03-10;;;;;;;;;;;;
T76838;2016-05-23;1375,521209;;;;;;;;;;;
T41387;2002-01-31;;;;7,5;7,5;8,166666666666666;8,833333333333334;6,5;7,333333333333333;7,666666666666667;7,5;2024-04-22 10:44:21.000
TEXHWY;2011-11-30;548,108899;;;8,0;8,2;8,0;9,0;7,0;9,0;7,0;8,0;2024-09-19 16:48:51.000
TFCFZD;2019-04-17;318,852071;;;;;;;;;;;
T35043;2005-08-31;493,793494;2,0;437,213777835759;9,333333333333334;9,0;8,666666666666666;8,0;6,666666666666667;9,0;9,0;9,666666666666666;2024-07-04 09:35:46.000
TFDTJE;2024-06-06;1684,478335;1,0;22280,7803585642;;;;;;;;;
TEZHBA;2014-05-30;72,593201;;;7,333333333333333;7,666666666666667;8,666666666666666;7,0;7,666666666666667;9,333333333333334;9,0;9,0;2023-04-28 16:45:59.763
TFDS73;2024-02-29;91,828909;;;;;;;;;;;
TEXFC5;2011-10-17;362,841141;1,0;71,3184402467587;9,5;8,0;8,0;9,0;8,5;9,5;8,0;8,5;2023-03-23 14:01:18.987
TDCACB;2023-03-30;;1,0;928,653111860314;;;;;;;;;
TA4192;2010-04-10;482,991288;2,0;14800,0245800657;8,5;8,5;8,0;8,75;6,75;8,75;7,0;9,0;2024-06-07 16:01:18.000
T96529;2010-02-26;198,028568;;;7,0;3,0;8,0;3,0;3,0;5,0;8,0;8,0;2025-03-07 11:36:39.000
TFDV89;2024-07-31;939,028757;1,0;1183,57502265097;;;;;;;;;
TFDOY2;2023-08-16;;1,0;426,485533832828;;;;;;;;;
TFDIRF;2023-02-28;214,43188;;;;;;;;;;;
TDCG5M;2014-07-28;;;;;;;;;;;;
TFDIDJ;2023-01-31;1658,779059;;;;;;;;;;;
TFCPIP;2020-05-08;;1,0;0,00420385736791976;;;;;;;;;
TDC9Y1;2022-04-11;;;;;;;;;;;;
TDCCEI;2019-08-26;;;;;;;;;;;;
TFBRAR;2014-07-07;206,269845;;;;;;;;;;;
TDCHA7;2022-08-22;;;;;;;;;;;;
TFDRJK;2024-01-16;962,424961;;;;;;;;;;;
TFCOKH;2020-02-28;36,032312;;;9,25;7,75;8,5;8,25;8,0;9,0;9,25;8,75;2024-12-27 10:38:22.000
TDCF7E;2022-01-31;;;;;;;;;;;;
T05723;1999-12-15;358,052049;3,0;18373,1225769307;;;;;;;;;
T59191;2012-06-28;236,776485;;;10,0;10,0;10,0;10,0;10,0;10,0;10,0;10,0;2024-04-09 09:31:51.000
TFCAWM;2018-09-25;56,743666;;;;;;;;;;;
T10680;2000-02-02;636,018782;;;8,5;7,5;7,5;9,0;7,0;9,0;8,0;8,0;2024-10-29 15:33:38.000
TCAE51;2016-06-23;48,730467;;;;;;;;;;;
TDCE7B;2023-12-22;;;;;;;;;;;;
TDC85G;2021-12-06;;;;;;;;;;;;
TEZUNZ;2016-09-14;923,035141;;;3,0;8,0;8,0;9,0;7,0;9,0;8,0;8,0;2023-11-29 09:36:27.000
T98750;2010-03-31;726,373355;;;9,5;8,166666666666666;8,666666666666666;9,166666666666666;7,5;9,166666666666666;8,166666666666666;8,833333333333334;2025-01-23 10:18:44.000
TFCXMZ;2021-07-16;81,340953;;;8,0;7,5;8,5;9,0;6,5;7,5;8,0;8,0;2023-06-13 09:49:42.000
T29710;2010-01-20;749,439614;;;9,0;7,5;7,5;10,0;7,0;9,5;9,5;9,0;2024-11-25 10:18:30.000
TDC86O;2021-04-05;;;;;;;;;;;;
TB4508;2010-04-25;541,944864;;;;;;;;;;;
TDCCOD;2022-05-19;;;;;;;;;;;;
TFDBVB;2022-03-31;;;;;;;;;;;;
T10182;2012-05-31;492,115075;;;7,8;7,8;8,2;9,0;6,4;8,0;7,8;8,2;2024-11-29 10:55:02.000
TDCEB8;2024-04-01;;1,0;92,3461348010934;;;;;;;;;
T32634;1998-07-02;400,738752;;;8,0;8,0;8,0;9,0;4,0;7,0;8,0;10,0;2022-04-13 00:00:00.000
TFBMIR;2011-11-01;725,66758;;;7,0;8,0;8,0;9,0;7,0;9,0;8,0;8,0;2019-06-28 16:06:00.000
TEZI72;2014-08-29;174,751606;;;10,0;7,666666666666667;9,333333333333334;9,0;7,0;9,0;8,0;8,666666666666666;2023-05-22 18:00:30.367
TA3573;2011-05-24;2052,178834;;;8,666666666666666;7,333333333333333;8,0;9,0;6,666666666666667;6,333333333333333;8,0;7,666666666666667;2024-10-15 10:39:18.000
TFDBYT;2022-04-12;75,79257;;;;;;;;;;;
TDCH40;2019-11-01;;;;;;;;;;;;
TFCSZU;2020-11-30;;;;2,0;8,0;8,0;9,0;7,0;9,0;8,0;8,0;2021-11-24 17:28:00.000
TFBZL4;2018-05-07;71,527986;;;;;;;;;;;
TEZNJY;2015-12-13;459,437954;;;8,833333333333334;8,5;8,333333333333334;8,666666666666666;7,666666666666667;9,0;8,166666666666666;8,333333333333334;2025-02-20 15:09:21.000
TFDFWC;2022-10-05;29,449422;1,0;36,4558510946002;;;;;;;;;
T12817;2004-12-22;132,130517;1,0;0,00420385736791976;8,0;7,0;4,0;2,0;2,0;8,0;8,0;7,0;2023-09-04 15:26:56.000
TFCXE8;2021-06-30;88,391081;;;10,0;6,5;7,25;9,25;6,5;9,0;8,0;8,25;2025-03-19 17:49:55.000
TFCTRW;2020-12-31;2140,341239;1,0;852,378323776778;;;;;;;;;
TEXFBB;2013-07-11;501,235022;1,0;6050,15368919381;8,5;8,25;8,25;9,25;7,75;9,25;8,25;8,75;2025-02-17 10:42:55.000
TB2357;2012-01-12;932,632871;;;9,5;8,25;8,5;9,5;8,0;9,5;8,5;9,0;2024-04-02 13:33:49.000
TDCGMM;2023-09-14;;;;;;;;;;;;
T74810;2008-10-01;856,632878;2,0;7288,60166206823;8,75;7,25;7,25;8,0;6,5;8,5;7,25;8,0;2022-11-24 11:48:29.890
TFCZQG;2021-10-25;106,609675;1,0;22,5957333525687;;;;;;;;;
TDCEV5;2023-06-30;;;;;;;;;;;;
TFCO67;2020-02-13;193,426545;1,0;43,9597364963369;8,666666666666666;8,333333333333334;8,0;9,333333333333334;7,0;9,0;8,666666666666666;8,0;2025-03-12 16:13:57.000
TDCDBM;2023-07-26;;;;;;;;;;;;
T05748;2008-02-18;1677,614162;2,0;0,00840771473583952;8,0;7,5;7,75;8,0;7,0;9,0;8,0;7,0;2024-10-28 15:00:10.000
T05997;2000-02-29;;2,0;800,66247043663;10,0;8,5;9,0;9,5;6,0;8,5;9,0;9,0;2024-11-13 14:39:39.000
TFDPV1;2023-09-28;203,779477;5,0;2785,11856410736;10,0;10,0;10,0;10,0;10,0;10,0;8,0;10,0;2024-10-01 16:32:38.000
TEZIYJ;2014-11-19;465,690852;1,0;0,00420385736791976;9,2;8,6;8,4;8,8;7,2;9,0;8,0;8,2;2024-08-19 11:36:32.000
TFBLX1;2017-10-31;744,877883;;;7,666666666666667;8,0;6,666666666666667;7,333333333333333;5,666666666666667;9,0;8,0;8,666666666666666;2023-03-23 14:18:59.077
T51140;2007-05-16;86,833415;;;7,333333333333333;4,333333333333333;6,333333333333333;9,0;5,333333333333333;8,333333333333334;4,333333333333333;3,0;2023-05-24 18:07:19.077
TB5965;2016-10-25;158,563649;;;8,0;6,666666666666667;8,666666666666666;10,0;5,0;8,0;9,333333333333334;8,666666666666666;2024-09-11 13:52:14.000
T16194;2007-04-27;538,122142;3,0;0,0126115721037593;10,0;8,0;8,0;9,0;7,0;9,0;8,0;8,0;2020-08-14 16:50:00.000
TFCC84;2018-11-08;757,772777;;;;;;;;;;;
T14535;1989-11-06;106,370828;;;10,0;8,571428571428571;8,857142857142858;8,857142857142858;8,428571428571429;9,428571428571429;8,857142857142858;9,142857142857142;2025-02-06 09:46:50.000
TDCCKS;2021-05-12;;;;;;;;;;;;
TFCMWB;2024-04-04;348,288373;1,0;263150,839676493;;;;;;;;;
TFCZME;2021-10-18;124,879739;1,0;101,888891026271;;;;;;;;;
TCAIR0;2015-11-03;;;;;;;;;;;;
TDCC6R;2024-05-24;;1,0;120,209301435666;;;;;;;;;
TFEBQP;2024-10-02;541,404364;1,0;32016,9350419532;7,0;7,0;8,0;7,0;5,0;5,0;4,0;8,0;2025-02-24 10:10:04.000
TDCGNW;2022-07-29;;;;;;;;;;;;
TFDUP0;2024-06-28;1043,887766;2,0;7461,33395745869;;;;;;;;;
TFDNQK;2022-11-22;107,149179;5,0;9807,46891977839;8,0;9,0;8,0;10,0;8,0;9,0;10,0;9,0;2025-01-20 14:24:53.000
TEZHH6;2014-06-25;105,300042;;;6,666666666666667;6,666666666666667;6,666666666666667;7,0;6,0;9,0;7,666666666666667;7,666666666666667;2023-05-29 11:49:20.507
TB5440;2023-06-30;265,282963;;;;;;;;;;;
TDCDQ2;2022-05-02;;;;;;;;;;;;
TFDTSW;2024-05-08;25,974865;2,0;258,461558694443;;;;;;;;;
TFDIZT;2023-03-16;;;;;;;;;;;;
TFDCU2;2022-05-27;37,033396;;;;;;;;;;;
TFCQWE;2020-08-05;;1,0;289,881188662275;7,666666666666667;6,0;7,0;8,333333333333334;5,666666666666667;8,0;7,666666666666667;8,666666666666666;2024-12-18 16:07:36.000
TB4591;2019-11-12;39,157735;;;;;;;;;;;
TDC1P2;2020-06-01;47,535628;1,0;198,758376355246;;;;;;;;;
TFBZSP;2018-06-28;1334,802243;1,0;0,00420385736791976;7,5;8,0;8,0;9,0;7,0;9,0;8,0;8,0;2023-11-10 15:11:23.000
TB1259;2011-03-20;1077,700066;;;8,5;8,25;9,0;9,25;8,0;9,25;9,0;9,0;2024-10-18 13:49:41.000
T51053;2010-08-16;375,701657;1,0;4894,65622990317;9,0;8,5;8,5;7,25;8,0;9,25;9,0;8,0;2025-01-28 14:16:23.000
TFDNSO;2020-10-16;531,964249;5,0;16895,6348664016;9,0;8,0;8,0;9,0;8,0;9,0;7,0;8,0;2024-12-06 16:20:09.000
TCBEV8;2016-09-19;;;;;;;;;;;;
TFDCA5;2022-04-25;384,729728;;;10,0;7,0;7,0;8,0;7,0;8,0;7,0;9,0;2024-09-20 15:22:32.000
TDCGDE;2024-03-25;;1,0;267,651190900715;;;;;;;;;
T58706;2011-01-13;809,56755;3,0;2924,04764240237;9,666666666666666;8,666666666666666;9,0;9,0;7,666666666666667;9,333333333333334;8,666666666666666;9,0;2024-07-22 10:59:59.000
TFDXTV;2024-09-23;;1,0;2121,71203673331;;;;;;;;;
TDCCFC;2024-06-28;;1,0;102,195772614129;;;;;;;;;
TDCF4Q;2024-05-07;;1,0;120,209301435666;;;;;;;;;
T13468;2009-11-23;825,939857;2,0;22607,6344727773;8,0;9,0;9,0;8,0;8,0;9,5;8,0;7,5;2024-12-05 15:57:34.000
TEXY99;2019-07-15;268,607759;2,0;15953,0207442224;;;;;;;;;
T46027;2000-01-01;170,127843;;;9,0;8,5;8,5;9,0;7,5;8,5;8,5;8,0;2022-09-30 13:05:55.013
T53366;2006-08-02;2397,937088;2,0;210,911728005902;9,333333333333334;8,0;8,0;8,666666666666666;7,333333333333333;9,0;8,333333333333334;8,333333333333334;2023-08-08 14:29:45.000
T41869;2002-04-03;1257,360156;;;;;;;;;;;
TEZCRL;2012-12-21;141,894599;;;;;;;;;;;
TFDIND;2023-02-19;;;;;;;;;;;;
TC0199;2013-05-29;102,046885;;;;;;;;;;;
TEXY56;2012-07-27;1355,685587;5,0;25919,8873238202;8,666666666666666;9,333333333333334;9,333333333333334;9,0;7,333333333333333;9,0;8,666666666666666;5,666666666666667;2024-11-26 15:53:31.000
TAAI74;2010-12-03;137,336857;;;8,5;8,5;10,0;10,0;8,0;8,5;9,0;8,0;2024-10-29 15:28:23.000
TFCNSC;2020-01-31;571,198324;;;2,6666666666666665;8,0;8,0;9,0;7,0;9,0;8,0;8,0;2022-11-08 12:59:39.927
T07912;1997-06-30;859,958771;1,0;97,2982787805028;8,714285714285714;7,857142857142857;8,142857142857142;9,571428571428571;7,0;8,857142857142858;8,285714285714286;8,428571428571429;2024-12-13 16:21:02.000
TFBXGS;2008-06-03;125,223301;;;9,5;9,5;9,5;9,5;8,0;9,5;9,5;9,5;2023-08-03 10:19:52.000
TA8402;2010-07-27;168,810038;2,0;8252,36959452278;8,0;8,0;8,5;9,0;6,666666666666667;8,5;7,5;8,166666666666666;2024-10-31 15:45:36.000
TDCFCM;2022-03-09;;1,0;31,276698817323;;;;;;;;;
TFCAXX;2018-09-26;964,787893;1,0;33658,1798123922;10,0;8,333333333333334;8,333333333333334;9,0;7,666666666666667;9,0;8,666666666666666;8,666666666666666;2022-03-17 00:00:00.000
TFDTJN;2024-04-15;35,13689;1,0;642,782403127035;;;;;;;;;
TDCHBT;2024-10-11;;1,0;118,035907176451;;;;;;;;;
TDC1NS;2020-08-17;71,111308;;;6,8;6,6;7,6;8,4;7,2;8,2;7,4;7,4;2024-12-16 17:36:21.000
T04389;1999-01-25;962,665874;;;;;;;;;;;
TFECLL;2024-11-14;;1,0;128,432046447317;;;;;;;;;
TFD156;2021-11-16;910,121307;;;;;;;;;;;
TFCAC5;2018-08-31;51,667811;;;7,0;8,0;9,0;8,0;6,0;5,0;7,5;6,5;2023-02-16 18:30:40.553
TAAG64;2001-12-13;477,703415;1,0;23670,6891085474;9,333333333333334;9,0;9,333333333333334;9,333333333333334;8,666666666666666;9,0;9,0;10,0;2023-07-12 10:13:57.000
TB3507;2013-05-15;370,544441;3,0;9816,76785227623;8,5;6,666666666666667;8,333333333333334;9,0;6,666666666666667;9,0;8,0;8,166666666666666;2025-02-05 15:03:42.000
TA2555;2001-01-02;69,049357;;;8,4;8,6;8,6;9,0;7,0;9,0;8,6;8,0;2025-01-28 08:36:01.000
T04251;1998-12-18;1888,844656;5,0;118459,807338003;8,0;8,0;8,0;9,0;7,0;9,0;8,0;8,0;2020-12-12 07:12:00.000
TDC04J;2016-03-01;74,174364;1,0;183,603470543895;;;;;;;;;
TFBYDV;2017-05-01;207,382898;2,0;2569,67087400147;6,0;7,0;7,0;9,0;7,0;9,0;3,0;8,0;2024-10-22 10:12:42.000
TEZHYA;2014-08-20;;;;7,0;8,0;8,0;9,0;7,0;9,0;8,0;8,0;2019-04-23 11:21:00.000
TFEBNY;2024-09-30;699,671306;1,0;73311,9430414852;;;;;;;;;
T61718;2008-07-24;309,360978;;;7,0;8,0;8,0;9,0;7,0;9,0;8,0;8,0;2019-12-05 09:19:00.000
TFCJPH;2019-08-30;1059,68501;;;9,333333333333334;7,666666666666667;8,0;9,333333333333334;7,333333333333333;9,0;7,0;7,666666666666667;2024-02-23 15:59:43.000
TDC881;2019-07-12;;1,0;742,716500477224;;;;;;;;;
TFDUT7;2024-07-10;94,645841;2,0;1543,01323532284;;;;;;;;;
TFBW34;2020-11-26;;;;10,0;8,0;8,5;9,0;8,0;9,0;8,0;10,0;2023-08-10 13:51:33.000
T54284;2008-04-30;704,608178;2,0;0,0126115721037593;9,0;7,8;7,8;8,8;7,4;8,8;8,2;8,4;2024-08-12 09:01:36.000
TDCH4A;2022-10-04;;;;;;;;;;;;
TF2240;2016-11-03;158,603407;;;9,6;7,8;8,4;9,4;7,2;9,4;8,0;8,6;2023-11-08 14:48:17.000
T60625;2010-06-17;1082,013708;3,0;3543,82653801215;8,833333333333334;8,333333333333334;8,666666666666666;8,833333333333334;7,333333333333333;8,833333333333334;7,833333333333333;8,0;2025-02-04 15:59:44.000
T27866;2011-07-04;186,240039;;;;;;;;;;;
T51945;2010-03-08;4123,547116;1,0;49514,335275143;9,25;8,0;8,5;9,25;7,0;8,75;7,75;8,0;2022-07-20 17:49:32.183
TFBYIW;2001-05-18;238,318648;;;9,333333333333334;8,333333333333334;8,666666666666666;8,666666666666666;6,666666666666667;9,0;8,0;8,0;2023-03-14 20:03:32.033
TDCG43;2021-07-09;;;;;;;;;;;;
TFCHHS;2019-05-31;1229,250983;;;7,666666666666667;7,0;8,0;7,666666666666667;6,333333333333333;9,333333333333334;5,666666666666667;9,0;2024-08-16 10:49:13.000
TDCDTW;2014-05-21;;;;;;;;;;;;
TC0896;2011-07-27;268,466739;;;8,0;8,0;8,0;9,0;7,0;9,0;8,0;8,0;2019-11-04 17:35:00.000
TDC1IV;2025-02-21;82,321389;1,0;184,284495437499;;;;;;;;;
TDCG24;2022-10-25;;;;;;;;;;;;
TFCXG0;2021-06-30;668,912347;2,0;5835,00867681841;7,0;6,0;8,0;9,0;7,0;9,0;5,0;8,0;2022-11-24 12:26:50.967
TFDVPG;2024-09-11;60,716311;1,0;63,1209183793152;;;;;;;;;
T46506;2012-08-28;;2,0;0,00840771473583952;6,833333333333333;7,166666666666667;7,333333333333333;7,5;5,833333333333333;7,5;7,333333333333333;6,333333333333333;2025-02-03 15:33:32.000
T10698;2000-10-31;1470,800828;2,0;0,00840771473583952;8,0;7,0;7,0;8,0;5,0;6,0;8,0;8,0;2023-10-06 09:02:33.000
TB6427;2017-01-17;637,112895;;;8,25;8,5;7,75;8,5;7,75;9,0;8,0;9,5;2025-01-20 14:00:47.000
TEZHRM;2014-07-29;;;;;;;;;;;;
TFDUPX;2024-06-28;159,401576;1,0;929,153370887097;;;;;;;;;
TFDAGQ;2022-01-18;528,117619;;;;;;;;;;;
TFCQ42;2022-10-13;454,849767;;;;;;;;;;;
T04491;1991-09-26;596,596303;;;7,0;8,0;8,0;9,0;7,0;9,0;8,0;8,5;2024-08-23 13:53:08.000
TFCS74;2020-10-14;1307,563591;;;9,666666666666666;9,0;9,333333333333334;9,0;7,666666666666667;9,333333333333334;8,0;9,0;2025-03-19 16:41:17.000
T11677;2004-04-01;1049,093625;3,0;30123,5723335879;8,5;8,0;8,0;9,0;7,5;9,0;8,0;8,0;2023-10-24 11:22:06.000
T02855;2013-09-13;1468,797205;;;6,0;6,0;5,666666666666667;7,333333333333333;5,333333333333333;6,333333333333333;5,666666666666667;6,0;2024-06-28 15:19:10.000
TDCGWH;2023-08-02;;;;;;;;;;;;
TFBLKG;2002-01-01;222,164058;1,0;111,112154091487;7,5;6,0;7,0;6,0;5,0;8,5;7,5;5,5;2023-05-12 19:15:37.553
TB6036;2016-10-05;178,093114;;;;;;;;;;;
TFCXO8;2021-07-12;;;;;;;;;;;;
TEZJGM;2014-12-15;146,000855;2,0;3719,3501946949;9,5;8,166666666666666;8,166666666666666;9,333333333333334;7,833333333333333;9,0;8,5;8,666666666666666;2024-04-17 16:29:30.000
TEZJUL;2015-03-06;;;;;;;;;;;;
TDCH8L;2023-12-26;;;;;;;;;;;;
T08245;2001-12-28;1316,396791;;;9,0;8,0;8,5;9,0;7,0;9,0;8,5;8,5;2024-11-12 15:58:31.000
TDCGJV;2023-09-22;;;;;;;;;;;;
TDCFYT;2021-08-04;;;;;;;;;;;;
TFCAPX;2009-10-30;486,295213;;;;;;;;;;;
T47844;2005-06-28;148,415356;;;;;;;;;;;
TFDAS4;2022-02-07;310,826644;2,0;767,090465496422;7,0;6,0;8,0;7,0;6,5;6,5;8,0;7,5;2024-07-12 12:24:00.000
TFBLIB;2005-09-05;324,080538;;;;;;;;;;;
TEXKLA;2011-12-28;198,552362;;;6,666666666666667;8,0;8,0;9,0;7,0;9,0;8,0;8,0;2021-05-06 11:54:00.000
TFBXSS;2011-07-12;150,903999;1,0;84,1444090762819;9,0;9,0;8,0;9,0;7,0;9,0;8,0;8,0;2023-04-14 14:28:53.963
TFDQET;2023-10-30;87,269006;;;;;;;;;;;
T23632;2016-05-20;1881,545665;;;7,8;8,4;8,4;9,0;7,4;9,0;8,2;8,4;2024-11-28 17:29:53.000
T15225;2006-06-12;1652,390397;2,0;0,00840771473583952;9,0;8,0;8,0;9,5;7,5;9,5;8,0;8,0;2022-10-17 12:13:51.460
TEZB39;2018-09-28;480,795767;1,0;0,00420385736791976;9,666666666666666;8,333333333333334;8,333333333333334;9,0;9,0;9,0;8,0;8,0;2024-08-07 14:31:56.000
TFBLB4;2017-08-28;1057,605769;1,0;1258,73999238937;;;;;;;;;
TFDIMB;2023-02-16;134,626349;1,0;4157,28283214058;10,0;8,0;8,0;7,0;7,0;8,0;10,0;10,0;2025-03-12 15:57:39.000
T76679;2010-07-01;699,858265;4,0;7957,88097818527;8,5;8,5;8,0;8,0;7,0;9,5;6,5;9,5;2024-04-03 16:15:45.000
TDCGR1;2017-11-30;;;;;;;;;;;;
TB2788;2011-11-10;424,638504;;;9,0;8,0;9,0;9,0;7,0;9,0;8,0;8,0;2023-09-06 10:06:35.000
T57215;2008-08-18;370,629158;;;9,0;7,25;9,0;9,25;6,75;9,0;8,0;9,0;2024-12-05 10:20:15.000
T23177;2011-07-04;416,984007;1,0;1353,59583003912;9,2;8,0;8,0;9,0;7,0;8,8;8,0;8,0;2022-12-20 12:28:43.407
TFC490;2018-07-31;372,062951;;;9,5;9,0;9,5;9,5;8,0;9,5;9,5;8,5;2024-03-04 09:19:19.000
TC7605;2016-03-16;;;;;;;;;;;;
TEZJ47;2014-11-28;270,315247;;;9,0;9,0;9,0;9,0;5,0;10,0;10,0;10,0;2024-10-14 10:09:50.000
T23659;2010-09-06;228,78793;;;9,5;8,0;8,25;9,0;8,25;9,0;8,5;8,0;2024-09-23 14:07:39.000
TFDAI9;2022-01-21;730,167635;;;3,0;7,0;5,0;3,0;3,0;3,0;1,0;9,0;2024-07-26 13:45:52.000
TFCFM0;2019-03-19;1113,688911;;;10,0;9,0;8,0;8,0;8,0;10,0;10,0;10,0;2025-03-06 16:12:11.000
T44188;2003-08-07;29,096698;;;;;;;;;;;
TDCC2I;2021-07-15;;;;;;;;;;;;
TEZCOQ;2013-04-24;110,251812;;;8,0;8,0;8,333333333333334;9,0;7,333333333333333;8,666666666666666;8,0;8,0;2022-11-25 18:29:29.343
TFDELI;2022-08-11;;;;;;;;;;;;
TFCEIR;2019-01-30;2806,530951;1,0;22177,407505887;7,0;7,666666666666667;8,0;9,0;7,0;9,0;8,0;7,666666666666667;2022-12-23 14:23:33.500
T05500;1999-10-26;3501,197622;;;8,333333333333334;8,0;8,0;9,0;7,333333333333333;9,0;8,0;8,0;2024-12-03 10:59:41.000
TEXNBJ;2012-02-08;110,756856;;;;;;;;;;;
TFBMED;2011-05-27;;;;;;;;;;;;
T60518;2010-07-07;912,08655;2,0;4798,47617718254;8,25;9,25;9,0;9,25;8,25;9,75;8,0;8,25;2025-02-28 15:55:22.000
TFDH76;2023-02-13;98,967986;;;;;;;;;;;
TDCGXM;2024-04-22;;1,0;168,242575721517;;;;;;;;;
T26230;2010-11-30;262,195022;2,0;3839,40395340796;8,0;7,0;8,5;8,5;7,5;9,0;9,0;9,0;2023-08-07 15:22:25.000
T61539;2010-08-31;2030,644981;;;6,666666666666667;8,0;7,666666666666667;5,0;6,333333333333333;6,333333333333333;8,0;8,0;2024-12-17 13:55:12.000
TFDIRC;2023-02-28;27,097013;;;;;;;;;;;
TEZMUE;2015-10-30;;;;9,0;8,0;8,0;9,0;7,0;9,0;8,0;8,0;2021-05-18 17:12:00.000
TA8453;2005-10-18;205,273566;2,0;7800,50537375982;9,333333333333334;8,333333333333334;8,666666666666666;9,333333333333334;7,666666666666667;9,0;9,0;8,333333333333334;2024-05-16 15:28:01.000
TFCTNX;2020-12-23;283,461808;;;10,0;10,0;10,0;10,0;7,0;10,0;10,0;10,0;2023-03-16 18:29:27.403
TFDFBF;2022-09-03;178,483172;1,0;114,798937003153;;;;;;;;;
T21852;2005-08-31;661,366686;;;8,4;8,8;9,0;9,0;7,0;8,2;8,6;9,0;2023-07-06 11:57:39.000
T06552;2005-09-30;1067,148792;3,0;5123,06441227436;10,0;10,0;10,0;10,0;7,5;10,0;8,0;7,5;2023-05-04 12:51:38.720
TEZLD6;2015-06-17;421,67023;2,0;339,15880472903;8,5;8,166666666666666;8,5;8,666666666666666;6,166666666666667;8,833333333333334;8,333333333333334;8,333333333333334;2024-07-04 11:41:55.000
T12248;2005-07-27;754,567389;;;8,0;7,0;8,0;10,0;7,0;9,0;8,0;8,0;2025-03-12 17:00:02.000
TFD796;2021-12-14;40,810885;;;;;;;;;;;
TDCDFJ;2019-03-22;;;;;;;;;;;;
TFDTXO;2024-05-15;;1,0;228,63939452642;;;;;;;;;
TDCC8K;2022-10-07;;;;;;;;;;;;
TA3570;2014-07-30;54,152193;;;9,0;10,0;9,0;10,0;7,5;7,5;8,0;9,0;2024-05-22 14:42:44.000
TFECLI;2024-11-14;;1,0;109,430611144319;;;;;;;;;
T58470;2020-07-31;966,588004;2,0;20782,988016948;10,0;9,0;9,5;9,0;7,5;9,0;8,0;9,5;2023-11-17 16:40:12.000
TEZEG1;2013-09-30;144,435806;;;8,5;9,5;9,5;7,0;6,0;10,0;7,5;9,5;2023-03-06 11:47:18.510
TFCIL2;2019-07-29;91,800279;;;;;;;;;;;
T75023;2009-11-17;967,080667;2,0;783,052511922414;;;;;;;;;
T01567;1995-04-03;426,619264;;;8,5;7,0;7,5;9,0;7,0;8,5;8,5;8,5;2024-10-29 16:14:19.000
TEZHCG;2014-06-06;;;;;;;;;;;;
TFBUA5;2018-03-13;2058,383447;2,0;0,00840771473583952;10,0;8,0;8,0;9,0;7,0;9,0;8,0;8,0;2021-11-05 15:49:00.000
TFEDC9;2024-12-17;;1,0;577,277897620109;;;;;;;;;
TEZMSN;2011-10-08;3937,842654;1,0;524,649807231122;;;;;;;;;
TDCH5S;2022-06-24;;;;;;;;;;;;
TC0329;2016-09-06;;;;;;;;;;;;
TF1272;2016-10-28;533,70832;1,0;68,7456795375918;10,0;8,0;8,0;10,0;7,0;10,0;10,0;8,0;2023-10-20 10:33:49.000
TB0737;2008-03-05;2033,179447;;;10,0;9,0;9,0;9,5;7,0;9,0;8,0;9,5;2023-06-21 11:38:21.000
TEVVN8;2010-08-24;852,550853;1,0;0,00420385736791976;7,833333333333333;7,666666666666667;8,0;7,5;6,333333333333333;8,666666666666666;8,0;7,5;2024-09-16 10:44:57.000
TD0182;2012-07-23;692,895115;;;10,0;8,0;8,0;9,0;7,0;9,0;8,0;8,0;2019-12-18 09:49:00.000
TDCD0V;2021-02-08;;;;;;;;;;;;
TDCGZ9;2023-04-20;;;;;;;;;;;;
T15868;2007-01-31;;2,0;54609,721490507;8,6;6,8;7,0;8,6;5,6;8,8;8,0;8,0;2024-06-25 13:57:41.000
TDCE3C;2018-06-28;;;;;;;;;;;;
TEZOI3;2016-04-28;718,968323;2,0;13382,4460408868;9,75;8,5;8,25;9,25;7,25;9,25;8,0;8,0;2022-04-06 00:00:00.000
TDCD7L;2018-03-21;;;;;;;;;;;;
TB4145;2014-02-05;164,316048;;;10,0;8,0;8,0;10,0;8,0;10,0;8,0;8,0;2022-06-13 17:41:20.000
TEZF84;2014-11-19;6220,627423;;;;;;;;;;;
TFCAO8;2018-09-11;1082,880489;1,0;867,932596038082;9,333333333333334;8,333333333333334;8,333333333333334;9,0;7,0;9,0;8,666666666666666;8,333333333333334;2025-02-05 14:36:09.000
TB2450;2016-11-05;243,881079;;;9,0;8,0;8,0;9,0;7,0;9,0;8,0;9,0;2024-04-03 15:47:31.000
TEXV69;2012-04-10;238,815542;;;8,0;7,2;8,2;8,6;7,0;9,0;8,2;7,8;2023-10-05 09:35:40.000
T77617;2009-11-26;903,012359;1,0;48,3779905900206;10,0;9,0;10,0;9,0;7,0;9,0;8,0;8,5;2024-06-20 09:38:42.000
TFDDEF;2022-06-21;224,879262;1,0;439,706665254935;6,0;2,0;2,0;5,0;5,0;5,0;0,0;8,0;2024-10-03 15:46:21.000
TDCFHH;2017-08-02;;;;;;;;;;;;
TFDIHS;2023-02-06;506,386957;;;;;;;;;;;
TEXST8;2012-04-05;246,960347;;;8,0;7,2;7,4;8,0;5,8;8,4;8,8;8,6;2024-09-25 11:20:19.000
TFDIDT;2023-01-31;980,438184;5,0;27657,8376291509;;;;;;;;;
T17652;2020-01-22;;;;;;;;;;;;
TFEERO;2025-03-05;;1,0;60,1067526465167;;;;;;;;;
T59673;2009-03-30;163,147792;;;9,5;9,5;9,0;10,0;8,5;10,0;9,5;9,0;2023-05-18 17:27:16.547
TFDK20;2023-04-25;1490,547553;2,0;8547,63172061599;10,0;8,0;9,0;10,0;8,0;9,0;10,0;10,0;2024-10-17 15:56:11.000
TFDOW2;2023-08-11;33,471306;;;;;;;;;;;
TB3969;2014-01-20;223,124381;;;10,0;10,0;10,0;10,0;6,0;9,0;10,0;10,0;2023-12-19 16:20:31.000
TFDRCD;2024-01-26;30,131952;1,0;63,7472931271352;;;;;;;;;
T61985;2010-05-27;493,152337;;;6,5;7,5;7,5;8,5;7,5;7,5;8,0;8,0;2024-04-17 10:26:21.000
TFBKVY;2013-11-01;203,036894;;;7,0;7,0;7,0;9,333333333333334;6,333333333333333;6,666666666666667;8,0;8,0;2024-10-01 16:51:25.000
TEZJH5;2014-12-24;171,343473;2,0;859,432396440148;8,5;8,0;8,0;8,0;7,0;8,5;8,0;8,0;2022-06-08 16:37:46.000
TFBKXA;2012-07-26;332,855535;;;9,0;8,0;8,333333333333334;8,333333333333334;8,666666666666666;7,333333333333333;8,333333333333334;9,333333333333334;2025-01-29 17:29:07.000
TDCA06;2023-05-31;;;;;;;;;;;;
TFDAKV;2022-01-26;396,084992;1,0;2335,89016191409;10,0;10,0;10,0;10,0;8,0;10,0;10,0;10,0;2024-09-04 15:50:37.000
TEXY03;2020-10-30;1658,306701;;;8,0;8,0;8,0;10,0;6,5;9,0;8,0;8,0;2023-03-14 13:39:51.673
TDC9SB;2022-12-23;;2,0;682,777902125424;;;;;;;;;
TFCRJ7;2020-08-31;1936,826567;1,0;9067,27893757929;;;;;;;;;
T03650;2012-02-23;443,675753;;;8,5;8,0;8,0;9,0;7,0;9,0;8,0;8,0;2022-01-26 10:15:00.000
TDCGXD;2021-12-23;;;;;;;;;;;;
TFCPEV;2020-04-30;12,689121;;;;;;;;;;;
TFDVJT;2024-08-29;166,453133;1,0;3533,43460259865;;;;;;;;;
TB5732;2016-03-21;187,473943;;;10,0;10,0;10,0;10,0;10,0;10,0;10,0;10,0;2024-09-02 16:14:15.000
TFCAQ2;2018-09-27;190,43368;;;;;;;;;;;
TFC294;2018-07-27;28,251538;;;;;;;;;;;
T84893;2009-09-29;574,981718;2,0;0,00840771473583952;7,666666666666667;4,333333333333333;5,666666666666667;5,0;8,0;8,666666666666666;6,333333333333333;8,333333333333334;2024-11-18 14:49:20.000
TFDQOX;2023-11-22;77,702482;;;;;;;;;;;
TB4413;2015-01-10;265,450235;1,0;18131,7707177237;8,0;3,0;4,5;6,5;3,0;9,0;8,0;7,5;2024-09-10 08:43:47.000
TFDRCE;2024-01-26;28,321279;1,0;63,7472931271352;;;;;;;;;
TFEDS0;2025-01-15;;1,0;275,192911018763;;;;;;;;;
TFDDIP;2011-03-29;552,930056;;;;;;;;;;;
T07678;2005-09-30;277,886081;;;;;;;;;;;
TFC868;2021-09-30;1208,856642;2,0;16817,7584086609;;;;;;;;;
TCAFJN;2014-12-11;;;;;;;;;;;;
T36359;1999-11-30;370,021797;1,0;5381,89170655981;9,25;7,75;8,75;8,75;7,0;9,25;8,5;8,25;2023-07-24 13:44:52.000
TFDR03;2023-12-26;54,584096;;;;;;;;;;;
TFCVMY;2021-09-17;82,979981;;;4,5;3,5;8,5;5,0;1,0;9,5;5,0;4,5;2025-01-16 09:33:48.000
TFDJIX;2023-03-31;934,349038;;;10,0;8,0;8,0;10,0;6,0;10,0;5,0;8,0;2024-11-12 14:15:25.000
TA2884;2013-01-18;125,839862;2,0;80,8485848998328;8,833333333333334;8,333333333333334;8,5;9,166666666666666;7,166666666666667;8,166666666666666;8,166666666666666;7,5;2025-03-18 15:25:49.000
TFCC21;2018-11-08;143,658667;1,0;501,688338287544;9,0;10,0;10,0;10,0;8,5;10,0;10,0;8,0;2024-09-18 16:59:09.000
TDCEBL;2018-02-23;;;;;;;;;;;;
TFBWAQ;2018-03-29;202,067968;2,0;29516,9220845381;7,0;8,0;8,0;9,0;7,0;9,0;8,0;8,0;2022-02-04 09:29:00.000
TFDJI5;2023-03-31;249,257446;6,0;32397,0268058736;10,0;10,0;10,0;8,0;5,0;10,0;10,0;10,0;2024-09-11 14:11:02.000
TEZNWC;2016-02-26;623,605055;4,0;30315,4952378629;8,333333333333334;6,666666666666667;6,666666666666667;9,0;7,0;9,0;8,666666666666666;8,0;2023-06-06 15:11:09.000
TEYIZZ;2012-06-18;176,133838;;;10,0;9,2;9,0;9,6;8,8;9,4;9,0;9,2;2024-07-22 15:14:50.000
TC2138;2013-10-10;144,879153;;;;;;;;;;;
TB2434;2011-10-05;365,632757;;;8,5;7,5;9,0;9,0;7,5;7,5;8,0;7,0;2023-06-22 11:24:12.000
TFBTO8;2018-02-21;2515,564146;1,0;0,0840771473583952;8,0;8,0;8,0;9,0;7,0;9,0;8,0;8,0;2019-09-25 14:33:00.000
T30802;2009-11-27;454,501962;;;;;;;;;;;
TFCHAO;2019-05-23;118,327654;;;;;;;;;;;
TFDF76;2022-08-31;1277,749499;1,0;6531,03713736752;;;;;;;;;
TDCG17;2018-04-02;;;;;;;;;;;;
TFCWJ5;2021-05-27;1087,578585;;;6,0;8,0;8,0;8,0;7,0;8,0;6,0;7,0;2023-11-28 16:31:19.000
TB5748;2016-06-07;;;;;;;;;;;;
TEXKGG;2011-12-21;3915,938011;2,0;0,00840771473583952;7,8;6,2;7,8;7,4;5,6;8,2;4,4;7,8;2024-07-22 14:38:32.000
TFDTMB;2025-02-13;506,198272;1,0;43,4931083284978;;;;;;;;;
TDCF18;2024-04-15;;1,0;120,209301435666;;;;;;;;;
TDCA7L;2021-07-30;;;;;;;;;;;;
TC4388;2023-07-31;;2,0;3287,79480887637;;;;;;;;;
TC4760;2011-09-24;72,325102;;;10,0;8,0;8,0;9,0;9,0;9,0;10,0;8,0;2023-09-26 14:45:57.000
T10981;2000-11-28;299,491084;;;7,5;9,0;9,0;8,0;5,5;6,5;7,5;7,0;2024-07-29 15:13:29.000
TB2429;2012-04-05;205,268749;;;7,6;7,2;7,8;9,0;6,8;8,4;8,2;8,0;2024-12-13 10:17:16.000
T01346;1995-12-13;470,222816;;;8,75;7,75;8,25;9,0;7,5;9,0;8,0;8,25;2024-10-22 15:12:24.000
TFCEGK;2019-01-28;393,957767;1,0;12337,699203954;;;;;;;;;
TCAMPE;2010-05-25;;;;;;;;;;;;
T92127;2009-12-16;303,607094;;;;;;;;;;;
TDCCWT;2021-12-15;;;;;;;;;;;;
T12969;2005-06-08;2336,614426;2,0;13454,9415611966;10,0;8,0;9,0;10,0;7,0;9,0;10,0;9,0;2024-11-07 15:26:50.000
T14662;2006-01-10;;;;;;;;;;;;
TEZLVI;2015-08-13;730,53902;;;8,5;7,75;7,75;7,75;6,5;8,75;8,0;7,25;2022-07-11 13:08:06.483
TB3520;2013-08-05;315,868433;;;9,2;7,6;8,4;9,4;7,0;8,0;8,4;8,8;2025-03-11 16:36:06.000
T48689;2010-04-28;234,280871;1,0;204,021605779882;9,0;8,0;8,0;8,0;5,0;10,0;8,0;9,0;2024-04-10 14:46:53.000
TFDU96;2025-03-07;;1,0;7185,06906281111;;;;;;;;;
T76264;2007-03-07;516,559933;;;8,5;8,0;8,0;9,0;6,0;9,0;8,0;7,5;2023-06-30 13:57:41.000
TA4108;2010-05-13;520,127946;;;8,666666666666666;8,0;8,333333333333334;9,0;7,0;9,0;8,666666666666666;8,333333333333334;2024-03-15 08:44:17.000
TFDISA;2022-09-12;448,999415;8,0;19647,5891997334;;;;;;;;;
TDCEI1;2022-01-28;;;;;;;;;;;;
TEZBX6;2013-04-26;992,771299;1,0;29249,2036319195;;;;;;;;;
TFCBA0;2018-09-28;573,788614;;;8,5;5,0;8,0;7,0;4,0;7,0;4,5;7,0;2025-03-19 15:50:55.000
T15650;2007-11-01;2850,954282;2,0;0,0210192868395988;5,25;7,5;8,0;8,75;6,75;9,0;8,0;7,75;2022-06-01 17:35:36.000
TEZCEQ;2013-03-26;;;;;;;;;;;;
TDCH88;2021-04-21;;;;;;;;;;;;
TDCCSQ;2023-09-29;;;;;;;;;;;;
TFAFF3;2016-12-14;351,794262;;;7,0;8,0;10,0;10,0;7,0;5,0;4,0;8,0;2023-06-29 10:53:55.000
TEZFHG;2013-12-18;621,017476;2,0;0,00840771473583952;8,2;7,2;7,4;8,2;7,0;7,6;7,6;7,6;2024-04-02 13:53:03.000
TEZAP4;2012-10-22;539,839576;1,0;29,4732440064854;9,5;8,5;9,5;9,0;7,5;9,0;8,5;10,0;2024-11-01 17:41:08.000
TDC0OP;2018-12-01;598,932613;;;;;;;;;;;
TB4483;2015-12-05;248,687439;;;10,0;6,0;10,0;10,0;10,0;10,0;10,0;10,0;2022-07-27 13:21:21.550
T84385;2011-11-07;;;;;;;;;;;;
TEXKCR;2011-12-22;192,839345;;;9,2;7,0;7,8;9,0;7,4;9,0;8,8;9,0;2024-02-08 14:46:53.000
TFDOUY;2023-08-07;;;;;;;;;;;;
TFBWCE;2021-10-18;91,720718;;;8,0;8,0;8,0;9,0;7,0;9,0;10,0;5,0;2025-01-09 11:55:44.000
TFCRX2;2020-09-30;903,754287;2,0;36946,9078776042;9,0;8,333333333333334;9,0;9,666666666666666;6,666666666666667;9,0;8,666666666666666;8,333333333333334;2024-07-03 16:54:14.000
TCAXD3;2015-10-23;22,452155;;;10,0;10,0;10,0;10,0;7,0;9,0;10,0;9,0;2022-08-08 18:06:00.587
TB2947;2014-12-12;219,251146;2,0;5477,38232667211;;;;;;;;;
TEZSRB;2016-08-31;;1,0;1022,1931421539;;;;;;;;;
TC7805;2014-02-14;110,633614;;;10,0;10,0;10,0;10,0;10,0;10,0;10,0;10,0;2022-10-28 18:19:50.433
TFCW93;2021-05-10;141,501157;1,0;1452,13424674315;;;;;;;;;
TFCKZL;2019-10-16;207,506511;;;;;;;;;;;
TDCFJV;2024-03-27;;1,0;120,209301435666;;;;;;;;;
TDCD8N;2018-07-06;;;;;;;;;;;;
TFCUH0;2021-02-05;59,87589;;;9,0;8,333333333333334;8,333333333333334;9,0;7,666666666666667;8,666666666666666;8,0;8,0;2023-06-19 14:41:10.000
TFBWHS;2017-01-20;1253,377329;;;8,0;8,0;8,0;9,0;7,0;9,0;8,0;8,0;2021-10-08 10:38:00.000
TFD758;2021-12-10;14,242345;;;4,0;5,0;8,0;9,0;4,0;8,0;4,0;2,0;2024-10-21 14:31:17.000
TFDBMB;2021-12-17;95,409683;2,0;471,912416550568;;;;;;;;;
TB4779;2016-10-20;245,805071;1,0;2325,6411576511;8,6;8,6;8,4;8,8;7,6;8,6;8,8;8,6;2024-11-22 09:29:26.000
TFBTA5;2018-01-31;1753,925933;;;;;;;;;;;
TFDRAV;2023-12-19;;;;;;;;;;;;
TFDNHE;2023-05-26;2015,200103;;;;;;;;;;;
T22211;1991-05-29;551,61279;2,0;69925,9797553532;7,333333333333333;7,5;8,166666666666666;8,5;7,166666666666667;8,0;7,0;7,666666666666667;2024-12-19 15:32:57.000
T07616;2011-07-20;131,560136;;;;;;;;;;;
TEXXWN;2020-07-21;529,925203;;;7,0;5,666666666666667;5,666666666666667;8,0;7,333333333333333;7,666666666666667;7,0;6,0;2024-03-13 09:02:08.000
TEYYVO;2012-09-28;301,852992;;;6,0;7,666666666666667;7,666666666666667;8,666666666666666;7,0;8,666666666666666;8,0;7,666666666666667;2024-04-26 16:05:00.000
TFCRPP;2020-09-22;344,54875;;;10,0;8,666666666666666;9,333333333333334;9,666666666666666;7,0;9,666666666666666;8,666666666666666;9,333333333333334;2024-05-27 09:48:11.000
TFDVDF;2024-08-09;950,147516;2,0;16673,7090320917;;;;;;;;;
TFCSPH;2020-11-17;48,562636;;;10,0;10,0;8,0;10,0;8,0;10,0;9,0;8,0;2025-01-28 15:19:14.000
TFDBM8;2022-03-23;351,236486;;;7,0;7,5;8,0;8,5;6,5;7,5;7,5;7,5;2025-02-10 10:59:13.000
TFCTNY;2020-12-23;766,332467;1,0;4136,18367201099;10,0;9,0;9,0;9,5;7,5;9,5;9,0;8,0;2022-10-25 17:53:22.327
TFCFVN;2019-03-29;;;;;;;;;;;;
TB5887;2016-08-05;157,023612;;;8,0;7,0;8,0;8,0;7,0;8,0;8,0;8,0;2024-08-02 15:39:19.000
TDC0I6;2017-12-01;118,262638;3,0;66,4924119883868;9,0;8,0;8,0;9,0;8,0;7,0;8,0;8,0;2025-01-27 10:31:11.000
T80154;2022-02-23;;;;;;;;;;;;
T28036;2024-05-24;73,28059;1,0;932,537476068272;;;;;;;;;
TFCNEE;2020-04-30;1846,417488;1,0;149,934776884226;8,0;7,75;7,75;8,25;6,75;7,25;8,0;8,5;2024-01-22 10:29:22.000
TDCG9D;2022-01-28;;;;;;;;;;;;
TFCLMQ;2019-10-31;1351,84198;;;8,8;8,2;8,0;9,2;7,4;9,0;7,8;9,0;2024-05-27 14:03:10.000
TDCF6Q;2023-11-10;;;;;;;;;;;;
TB3684;2013-07-08;209,38199;;;9,0;8,0;8,0;9,0;7,0;9,0;8,0;8,0;2022-02-24 14:45:00.000
TFCYIX;2021-08-26;1033,009511;;;5,333333333333333;6,0;8,0;8,666666666666666;1,3333333333333333;8,333333333333334;7,666666666666667;8,0;2025-02-20 17:15:30.000
T76344;2007-03-22;1100,116171;1,0;1438,6440684495;8,5;8,0;8,0;8,333333333333334;7,0;8,0;8,166666666666666;8,0;2024-07-22 10:56:35.000
T15319;2006-07-25;172,186552;;;10,0;8,0;9,0;9,0;7,0;9,0;10,0;9,0;2024-11-14 15:17:41.000
TFCXYU;2021-07-30;218,065269;1,0;1906,34001606005;3,0;3,0;3,0;7,666666666666667;4,0;5,666666666666667;4,333333333333333;3,0;2024-04-24 17:06:46.000
TC1614;2018-06-29;;;;;;;;;;;;
TFCZLS;2021-10-15;232,94091;;;7,0;5,0;5,0;8,0;6,5;9,5;7,0;8,5;2024-08-01 17:17:11.000
TFCRW8;2020-09-30;135,010014;;;7,5;7,0;7,5;9,5;6,0;9,0;7,5;8,0;2024-05-27 09:26:46.000
T36826;2001-12-19;586,473492;;;6,142857142857143;7,857142857142857;8,0;8,714285714285714;5,714285714285714;8,571428571428571;7,714285714285714;7,428571428571429;2025-01-24 10:14:29.000
TDCEED;2022-08-01;;;;;;;;;;;;
TDCDVM;2023-05-12;;;;;;;;;;;;
TDCCPC;2021-03-01;;;;;;;;;;;;
TFCSI8;2020-10-30;1582,123657;1,0;4149,73690816516;6,0;8,0;8,5;9,0;7,0;8,5;8,0;8,5;2023-11-29 09:38:18.000
TEZHSO;2014-07-31;977,276327;1,0;11354,8499629065;8,0;8,0;8,0;9,0;7,0;9,0;8,0;8,0;2021-11-09 16:13:00.000
TFDA60;2021-12-29;60,900715;;;;;;;;;;;
TEZJW9;2015-02-25;598,306929;1,0;1408,93540843041;7,0;8,0;8,0;9,0;7,0;9,0;8,0;8,0;2019-10-10 11:15:00.000
T11950;2004-05-31;126,466258;;;;;;;;;;;
TFCD46;2024-03-08;233,739026;1,0;3756,73930212518;;;;;;;;;
TFCM87;2019-11-25;219,802455;;;9,5;7,5;7,5;9,5;6,5;9,5;9,0;8,5;2024-12-04 09:01:56.000
T31851;2011-09-26;;1,0;267,407367173376;;;;;;;;;
TC2775;2017-12-19;49,958802;;;;;;;;;;;
TFCVTJ;2021-04-27;75,774529;;;10,0;9,5;8,5;10,0;10,0;9,5;9,5;10,0;2025-01-31 11:52:09.000
TFDUKC;2024-06-24;31,79821;1,0;76,4933886666679;;;;;;;;;
TDC0JP;2016-07-01;598,932613;;;;;;;;;;;
T26693;2017-08-01;;;;;;;;;;;;
TFDCN3;2022-05-18;24,316161;;;;;;;;;;;
TCA498;2013-08-26;203,771637;;;;;;;;;;;
TEZH10;2014-05-27;1773,232652;;;9,0;8,333333333333334;8,0;9,0;6,666666666666667;9,0;7,666666666666667;8,666666666666666;2024-12-04 10:52:10.000
TB2246;2010-12-25;201,907604;;;10,0;9,0;9,0;9,25;7,0;9,5;9,0;8,0;2024-08-07 16:05:49.000
TFDJA1;2022-12-29;1205,356408;;;8,0;8,0;8,0;7,0;8,0;9,0;9,0;8,5;2025-03-05 16:41:52.000
T17152;2012-11-26;435,0695;;;;;;;;;;;
TCBAPA;2015-09-18;52,597612;;;9,0;8,0;8,0;8,0;5,0;9,0;9,0;9,0;2022-12-06 18:44:50.317
TFCYPV;2021-09-02;107,958852;1,0;92,2788730832066;6,0;7,0;7,0;9,0;7,0;9,0;8,0;6,0;2022-12-01 12:17:32.723
T38653;2012-12-11;130,911582;;;9,333333333333334;8,0;8,333333333333334;9,0;6,666666666666667;8,666666666666666;7,833333333333333;7,666666666666667;2024-11-29 11:29:37.000
TFC765;2018-08-14;;1,0;746,790038266738;;;;;;;;;
TFCXVK;2021-07-28;208,807812;;;;;;;;;;;
TEZCC3;2012-05-31;;;;9,0;8,0;9,0;10,0;8,0;9,0;8,0;8,0;2022-07-22 13:43:37.880
T09188;2009-06-24;360,045799;1,0;1708,00622929896;9,0;8,0;8,4;9,4;7,0;8,6;8,4;8,8;2024-08-09 08:37:58.000
TFDAJV;2021-11-09;;;;;;;;;;;;
TFDHMD;2022-12-21;1218,157754;;;10,0;9,0;8,0;10,0;7,0;10,0;10,0;7,0;2025-02-21 16:45:45.000
TFDDRE;2022-07-01;512,314396;;;;;;;;;;;
TEZEVH;2013-10-31;125,617703;;;;;;;;;;;
TDCDEM;2021-06-02;;;;;;;;;;;;
T01759;1995-08-31;917,30645;;;8,5;8,25;8,25;9,0;6,5;8,5;8,5;8,0;2024-06-13 09:18:52.000
T80491;2011-03-22;;;;;;;;;;;;
TFDCA2;2022-04-25;120,128781;;;;;;;;;;;
T21130;2012-09-28;764,320123;;;9,333333333333334;8,5;8,666666666666666;9,5;7,833333333333333;9,5;8,833333333333334;8,333333333333334;2025-03-21 15:54:18.000
TDCEWQ;2018-01-24;;;;;;;;;;;;
TFCDRK;2018-12-26;112,531767;4,0;6392,89838425767;8,5;6,5;8,5;9,0;7,0;9,0;7,5;8,0;2023-12-29 09:17:40.000
T89937;2009-11-27;347,928624;2,0;0,00840771473583952;8,0;8,0;8,0;9,0;7,0;9,0;8,0;8,0;2021-11-08 09:18:00.000
TDCGG3;2024-06-26;;1,0;88,9283987609746;;;;;;;;;
TFDOCI;2023-06-30;808,854818;;;;;;;;;;;
TEZNBH;2015-11-30;;1,0;48397,8706315135;;;;;;;;;
TDCFGK;2022-02-25;;;;;;;;;;;;
TEWRKC;2011-07-29;268,956788;;;;;;;;;;;
TFDTO8;2024-04-29;28,391303;2,0;136,217590292704;;;;;;;;;
TFDTL6;2024-04-18;1540,083512;1,0;5402,93201268625;;;;;;;;;
TDCHB4;2024-09-19;;1,0;152,625245599695;;;;;;;;;
TEZNMY;2016-01-22;426,402265;;;;;;;;;;;
TDCE7T;2021-09-13;;;;;;;;;;;;
T16397;2007-06-27;486,528581;;;9,0;7,5;7,5;8,75;7,5;9,0;7,75;8,25;2024-01-15 11:09:54.000
TDCGN2;2021-12-17;;;;;;;;;;;;
TFDIPN;2023-02-27;;;;;;;;;;;;
TFCO76;2020-02-13;;;;;;;;;;;;
TFDS74;2024-02-29;298,191163;;;;;;;;;;;
TB5811;2016-07-10;134,31314;;;9,333333333333334;8,666666666666666;9,0;6,333333333333333;7,666666666666667;6,333333333333333;8,666666666666666;8,333333333333334;2025-01-24 10:20:06.000
TFBZAA;2018-05-30;227,340053;;;10,0;8,0;8,666666666666666;9,333333333333334;7,333333333333333;9,666666666666666;9,333333333333334;9,333333333333334;2024-07-19 14:33:53.000
T15669;2006-10-31;154,510078;;;8,0;7,333333333333333;7,333333333333333;9,0;7,333333333333333;9,333333333333334;8,0;7,0;2024-11-04 09:07:56.000
TFDNYI;2024-06-13;425,127154;1,0;89,2436880635686;;;;;;;;;
TA3585;2015-01-07;200,14002;2,0;424,303731858877;7,0;6,0;7,0;9,0;5,0;9,0;5,0;4,0;2024-09-06 14:01:28.000
TEF004;2017-10-25;218,927513;;;;;;;;;;;
TEZEV7;2013-10-31;4210,683381;2,0;19038,4670825513;7,666666666666667;6,666666666666667;8,0;9,0;7,0;8,333333333333334;7,0;7,0;2023-05-11 14:05:22.750
TFBZTU;2018-06-28;696,107848;;;9,666666666666666;8,666666666666666;9,0;9,333333333333334;7,333333333333333;9,0;8,0;8,333333333333334;2023-03-17 12:14:45.660
TEZNYK;2016-03-04;669,555908;1,0;1621,52867938348;6,428571428571429;7,857142857142857;8,142857142857142;8,714285714285714;6,857142857142857;8,714285714285714;8,0;8,428571428571429;2025-01-24 15:41:14.000
TFCU95;2010-11-04;158,73313;;;8,666666666666666;8,0;8,0;9,666666666666666;7,333333333333333;9,333333333333334;8,0;8,666666666666666;2024-09-30 14:36:15.000
TFCIMY;2019-07-22;;;;7,0;8,0;8,0;9,0;7,0;9,0;8,0;8,0;2021-10-14 15:38:00.000
TDCGPK;2022-01-24;;;;;;;;;;;;
TFCKTL;2019-10-08;126,53834;;;;;;;;;;;
TFEEOS;2025-02-28;;1,0;379,490612316853;;;;;;;;;
TDCHAR;2024-10-15;;1,0;93,7754463061861;;;;;;;;;
TFDPXF;2023-09-29;982,546068;1,0;1943,47268819088;;;;;;;;;
TFCMI4;2019-11-29;1050,560447;1,0;0,00420385736791976;;;;;;;;;
TCAYI4;2014-09-09;107,55569;;;9,0;9,0;9,0;9,0;7,0;9,0;9,0;8,0;2022-08-16 19:05:44.213
T09748;1999-04-30;;;;;;;;;;;;
TDCELQ;2024-07-15;;1,0;105,235161491135;;;;;;;;;
T84301;2009-11-12;628,520183;1,0;673,466358055481;8,0;8,0;8,0;9,0;7,0;9,0;8,0;8,0;2020-12-15 11:19:00.000
TDCF2I;2017-12-28;;;;;;;;;;;;
TFDPUW;2023-09-28;1025,912262;;;9,5;8,5;8,0;9,0;7,5;9,0;9,5;8,5;2025-01-22 11:40:11.000
TDCF4A;2022-03-02;;;;;;;;;;;;
TFDFU2;2022-09-30;43148,583137;;;7,0;4,0;4,0;9,0;3,0;9,0;8,0;7,0;2024-03-12 08:25:05.000
TDCEWK;2021-01-18;;;;;;;;;;;;
TFEE21;2025-01-31;;2,0;6337,98339546054;;;;;;;;;
TDCDNY;2022-07-21;;;;;;;;;;;;
TFDNXR;2023-06-23;55,860533;;;;;;;;;;;
TFBYAZ;2004-12-08;363,179254;;;6,666666666666667;5,666666666666667;6,333333333333333;9,333333333333334;8,666666666666666;8,333333333333334;10,0;7,333333333333333;2024-06-10 11:38:53.000
T04630;1996-10-31;64,340569;;;9,0;8,0;8,0;9,0;7,0;9,0;8,0;8,0;2021-11-12 14:52:00.000
TFCIUB;2019-07-30;381,104677;;;10,0;10,0;10,0;9,0;8,0;10,0;9,0;9,0;2024-06-21 16:33:27.000
TDCGNM;2022-02-04;;;;;;;;;;;;
